"Dim1","Dim2","Dim3","Dim4","Dim5"
1.423876412635,0.1197721466529,-0.409328638688222,-0.126466228235128,1.0246618694136
-1.67515555956173,2.79133656221484,-0.0972439522700326,-0.430154321269049,0.218452574876347
-0.0891999048957674,0.55615935543725,2.31993388449517,-2.00735645598229,2.09460074093379
-1.00256374958849,1.57609061553887,-1.58453303437944,0.012993345612049,0.733887213321837
0.647019049926232,-2.06734806588551,0.822599317251728,-0.052616152264639,-0.895241111967259
-0.558936937904245,-0.699363332506528,-0.685085238413979,1.15080870314117,-2.22437475035797
-0.00468556970843633,-1.07589986642358,-0.614498468221915,0.0898702794731461,-0.606875678029702
0.0728440638753595,0.909776570363637,-0.0604751166213139,-0.340726801555903,0.0369759768926951
-1.3852839912823,-0.852544318935611,-1.02888433562559,0.492723421205523,0.77749409317924
0.00939799663540828,0.128515969571505,-0.295495632514832,-2.80745598945821,-0.07446072104815
-0.0180382723929168,0.934834909322577,0.191984319556994,-1.23846954992552,0.514966776051494
-0.67187835143015,-1.76511838492796,-0.323323101848723,1.5968834014145,0.0210415425154845
-0.244711630929701,0.882544670929833,2.21532984105422,0.356567147298661,-1.45650393302344
0.552448782974548,0.61384972496109,-1.34866069163417,-0.135608509304158,0.910834787815318
-1.69284824121621,-1.84254893492852,0.831944819483817,0.26083285367493,0.0793693761277583
1.09813358100329,-0.880921915380484,-1.06335543424896,-0.111901533996595,-2.03503986389704
-0.479199231403933,-0.710550448488201,1.89979358322687,2.12250889786547,-1.17252338771526
-0.32942826964928,-0.396315562105718,-1.84045894382113,0.607717788148837,0.39214024865929
0.125300945796019,1.18184188481349,-0.389099691040347,-1.91982443746022,0.597270659684168
-1.37018433880754,1.65682408588468,0.775388983857252,-0.407057456589826,-0.460236387705078
-0.766406312218348,-1.15490598641892,0.039534480470958,-0.715640861819796,-1.11812403021519
1.2355443867144,1.17656075769345,-1.06788566539519,0.793319448718486,-0.779505717786238
-0.87986329076989,0.478461194271481,0.0230480799191969,1.02893058681321,0.0464463142234205
0.319296558420712,-0.329386681836454,2.03188878141079,-0.897980000705166,-0.376706453663921
-1.98199722449581,1.49702011115206,-0.116816487171685,-1.43972206768127,-0.55917885563447
0.225674807858645,0.702138608588951,-0.513847735522447,-0.779554593267137,-0.742054764966609
0.146959701804343,-0.241566711352327,0.336362031952174,0.12547852911026,-0.999195154554012
1.54704143737555,0.0298718079543824,0.735178158106157,1.94510008367997,0.92005330744352
2.07456536661777,0.0528590312725466,1.06817037708976,1.60103266907052,-0.451713661285006
-1.11334822496923,-0.0932152072995547,0.0696491905320634,-0.579393980445421,1.19222887478956
-1.16514618022329,0.0450318729567288,0.868285781626984,1.15624656032274,0.207656519054928
2.40929043162155,0.713457547132618,-0.132173022289653,1.84533718444165,0.268569174988453
0.362410117948456,1.03912385014897,2.07685776474358,-1.77763358740569,0.772265659595816
0.552321885443337,0.39450676826888,3.05809543311061,0.551420686370055,-0.510336859803493
-0.832168195351904,-0.269606345624766,1.43869931217493,1.05001767260284,-0.460225627650998
-0.34311910966138,-0.36081911592152,-1.25408724735066,0.096337511662024,-1.51227266908862
0.943320967512376,-1.4193236065915,0.403183386644141,-1.32525844535951,0.674257499834946
0.911022818608405,0.150773873841675,0.203472886713302,0.665895884230464,3.13569383079207
-0.446985967932378,-1.88486811228155,0.459131840841926,0.838739232493985,-0.0417312239145155
-0.22577597203055,-1.18026857033065,1.04573186297189,0.775079005316524,1.57295909470253
-0.369281654675969,0.113259248305804,0.334290350679071,0.402460657861156,0.853706494862436
-0.665313776523545,1.65375965913434,0.04581990496169,1.11686423012008,0.973264007788075
-0.182489297177272,-2.22829375800964,-0.902380221345372,-0.516221024440746,-0.69832589697771
-1.41190947186555,-2.51876064738588,-0.543852985386236,-0.687829668140268,0.916005086609624
-0.0185055352448555,0.644029564222876,3.36316138653456,-0.630748322530842,1.34391158286941
0.194719550508779,0.879065085507763,0.975297872940331,0.250802670571377,-1.08710614801637
0.679380872896474,-1.71439061727514,0.550915484938385,0.0994107575492762,-0.196297096905839
-2.62845287079989,-0.452767563770888,-0.66129471165154,0.646019349390317,-0.455093718121739
2.6495898203203,-0.54925768553657,-1.69628982545227,-0.436416718346012,-0.577380425155923
1.40639476550503,-1.15427471439602,0.520841718710941,-0.711357705232338,-0.343568782246238
-0.301417307230017,1.07963042208249,1.76209953393795,-1.24681825619096,1.01124325425183
0.224231148910022,0.54717871065105,0.510011749777584,2.99567687164619,-1.66345183923329
0.0652669765180532,-0.457962807078382,0.59012856473078,1.53965721983425,-2.09010049515361
-1.95612019080685,0.235237104718006,-0.0896958275881873,-1.45409369590544,0.599312402652635
0.921593673824628,-0.550436832072519,1.14257717427296,-1.65958854257367,0.982678106748784
0.930758229217694,-0.500950566244524,-0.244496930314941,0.323073135028161,-1.24910205953189
-0.533670501435704,-0.721264356938027,-0.386854753912102,-0.523864796065039,1.57963550335483
-1.22118457630228,-0.0178918995485915,0.218263502892896,1.74657840351661,-0.214066020316188
1.38945633566801,1.49657642360156,-1.04362166684736,0.347068164858043,0.567427029014357
-0.31740524370694,1.04001921543978,0.497700908467404,-0.871808385095802,-1.29542679807125
-1.30253355313132,1.22267797203005,0.414479410250641,0.344630611974867,0.124891099185883
-1.21858388947668,-0.293236642496299,1.47861968867357,-1.68301605365693,0.325819712201421
-1.3124591597709,0.325185598991621,-0.839103363329638,-2.03176473962119,-1.07621944017669
-0.167135747241033,-2.59989898517441,0.395386603488251,-0.144333414526644,0.153981680368013
0.827891268484602,-0.229961888636784,0.428443046152937,-0.468394803511334,1.02805605450113
-0.370005444470603,0.0604129410656056,-0.784217668319214,-0.790517371629989,1.08273300076541
0.788391888993732,-1.32676342019276,0.201028074031601,0.890428130780431,-1.08040978842752
-0.726610299896645,1.47334380830373,-0.421535466853497,0.739855543710536,-0.666343014705744
-2.15393259564986,0.777225073722527,-0.353630042979645,1.52385196819065,-0.202461223552287
-0.28609193034697,-1.048032485078,0.843951104948186,-1.04213865892023,-0.587291987578078
-1.4206970858828,0.562938984035466,-0.676192064429125,0.0131375087475206,0.897786031474017
1.47860735790639,-0.497455439203379,0.0832319882508682,-0.582898254694803,0.651946605655837
0.288462260478121,-0.068672967202699,-1.18605359601122,1.05315951728089,0.512031164004063
-0.541207888899905,1.33294675424748,1.30859592843449,0.11836847996802,-1.80995016208463
-0.216997025255595,0.764485688135439,-2.2854879467863,0.309819550828458,2.7126666934017
1.29971806205597,-1.40406385107433,0.0429059781250989,0.269968137193026,-0.0206416478352935
-0.844621477717175,-1.01383621670192,-0.126040771661491,0.266932242285185,-0.676440623935286
-1.27933282251088,0.225519379774117,2.28335047429283,-0.125378715356312,-0.0865155263109405
0.997439344600757,0.389268894322331,-1.20400847624923,-0.606501039833591,0.534072831754417
0.792770353594155,0.230979204584157,-1.21110314035242,2.05531287414397,-1.06941478008467
-0.370729208469006,0.115264681374864,0.90041671057308,0.0950459143288894,-0.416850036761918
1.40243253586528,-0.148549536440749,-0.407510760325216,0.492013522046435,-0.966039233640547
1.42030140617536,1.47541997520882,0.123147313415506,1.53546400398474,0.0128817347013757
0.142969541251055,-0.165916828506236,1.16560318722395,-0.364360387407275,0.974495852169167
-0.182893378776077,0.247615238883654,-1.31105113958535,-2.51348175881678,2.44175483025302
0.471158486110333,1.72453742312911,-1.18173330935485,-0.0585781033082706,-1.51469187217179
1.8596108002055,-0.393588200846974,-0.936081796012757,-2.02410647552476,0.225994854073328
0.300714976880186,0.98258850327924,2.40631730694982,-0.422110733957728,1.17599112393784
1.30427290750012,-0.869584906625362,0.622372605608534,2.28492444205206,1.96502608185723
-0.886576255702439,-0.550416626145625,-0.788896947282216,1.76625933459908,-1.59357781650424
-0.271187982460377,-0.821151905407373,1.37250643287871,0.573912599487006,0.792412670062108
-1.33250997961726,0.857902405404023,-0.351460309315902,-1.5084957842825,-0.111942231905782
-1.18318532192585,-0.191603006830239,-2.68730687740098,0.349027149888114,0.855915508986513
1.5368714113905,0.0611277806497736,0.323466997202661,0.0728506149390239,0.793619162847691
-0.0536729498820145,-0.0436130365984683,-0.436994182446546,0.981330489446102,0.214173840568529
0.471309428887565,0.972666142684518,1.17848442596729,1.17833157196553,-0.876480487388669
0.9375838833515,-0.971574494674957,0.0875032681561257,-2.0289107730581,-0.17753278839962
-0.0566298007726304,-1.71589625718352,-0.343846770413146,0.125670857271887,-0.682056499476694
0.22340760228536,-0.838213807849175,-1.67619878013376,-0.119919788436068,0.187326066408428
-0.883322884233753,0.530355141965129,-0.740192664945077,0.632301826518804,0.609039583704865
-0.911064258899364,-0.789008717662538,-0.759021563372089,-0.110431214479394,0.0751246274971868
-0.506682474018938,-0.962528221008745,-0.589613362776744,-0.125700052239199,-1.33934175899355
1.16261392695055,1.41579067288109,0.312179674973543,1.62199994833129,0.528858139568567
1.28842993483282,0.235313148117771,-0.804224923130391,1.64973985980822,-0.726293752396716
1.11004227393608,0.197670851208969,-1.79320231969754,-0.579846665782272,1.4464102166988
-0.660489967206397,-0.447175657056462,0.439310683097127,0.377381252649454,0.634097419837085
-0.249230338425526,-1.07742260232576,-0.026583123899492,1.53837913987855,-1.43409490824075
1.76669289460198,0.00932503758504492,0.725391096838631,-0.708640296068898,-0.489803746207328
-1.34490051479339,0.640514518776428,0.799447433299172,-0.664441204706288,-1.82159197563212
0.0409849506630136,-0.697211281541723,0.108466087441166,0.209054834508966,0.0317004987588288
-0.921629915087973,-0.729947666511045,-0.23853345325845,0.0941693147471514,-0.523179065191685
-0.130341629415708,-1.00228831761101,0.941849861904796,2.05732715553819,0.263348266855494
1.09511275446734,-0.403705171468056,0.815454418959817,-1.45861620454637,-0.911212622922134
-0.267554015297842,0.605432181290954,-1.13476050897972,0.700315049870222,-0.832376724532366
-1.11388174912036,0.994140193995658,0.0512875437706064,0.546980421756705,0.926943400171912
-0.415721171683223,-1.53734255222139,0.482149024715433,0.847776278417292,1.09016123678709
-0.158862283604004,1.89793828978492,0.474470439272526,-0.869893127705402,-0.220777643639067
-0.0262547247624097,0.547974433120433,-0.171642577870265,-1.33407337900901,0.0622691770697836
0.519379773476307,-0.293628389600725,-0.247275559355002,0.298356396343384,-0.334969007253683
-0.717901186016358,0.6013091594102,1.35664609576228,-1.13314895182068,-2.2351287818578
-1.30397141295568,-1.06153764326295,0.429525528423657,-0.402496373467818,1.57701550464953
0.0813741007685427,1.86159147440137,-0.191872409538517,-0.924615728743067,-0.265995389553344
-0.392004232000519,-0.447413374094972,-1.11644629617634,-0.0132238876000246,-1.90359181584705
-0.17709131425891,0.366889627665242,1.45589337835177,1.37515851010097,0.555113948383317
1.49966174364861,-0.220097260004799,1.44207051104283,-0.113820445969781,-1.77848226225444
-1.31028782310853,1.74395561103194,0.783683497603043,0.0359837521655265,-0.705415087128467
0.947545230340123,1.58685827242367,1.28026012903801,0.349532416197382,-0.481845158041356
0.409809393848457,2.1463226436459,0.403207023552695,-0.38651563653151,-0.647675765617406
0.679240392554439,-0.763581224763337,0.620506957222951,-0.711493580484399,0.358298789475912
-1.93210264426743,0.359919598446893,0.854360936782973,-0.354717490605914,-0.393833338790659
0.104322926507286,-1.03042096676769,1.27016988945749,-1.75136106576664,0.389518209889245
-0.0436588618276165,0.166002749215142,-0.56309517287213,-0.701236228288168,-1.79657026126143
-0.896579765616012,-0.434405414940342,0.702407904287541,1.29960022204708,0.902424713262949
1.50415482175368,-1.08365731842643,-1.26551683306943,1.12333613799141,-1.3264067796006
2.33661150899247,1.11929888975404,0.204383702473793,-0.55032216397705,-0.125994456956387
-0.826300873958163,1.10475172643704,1.42125464859327,1.21370408104258,-0.282686385096895
0.850638500725256,1.00340463856743,1.39460279952244,-0.69509454500185,0.266551854058589
0.476139880761798,-0.257811718124746,-0.775953592527713,-1.05026843764826,-0.854359668279112
-0.193531843446584,1.79653662189479,0.380923833108936,0.889141692404834,1.47573060028968
1.44068076752828,-1.24690128572112,0.621736412626002,-0.136596700181459,-0.392953363485143
0.32673127847281,-0.990528875143989,-1.06144627017955,1.06870636023215,-1.76325356945325
0.884420909188615,-0.458845028036538,1.64777556936448,2.80539362282801,-0.515046444230215
-2.33200734462347,-0.515195052717684,0.0714062921101432,-0.746705283495628,-0.482871529174668
-0.960035371180475,-1.06099311538528,-0.261919041721225,-0.631373823944542,-0.931223816459669
-1.10673457710125,-1.25169518459767,0.525768509948473,-1.21775636919752,-0.54985437535797
-0.690537817613451,-0.805990320730847,-0.611139972370038,-1.7246330868295,-0.493568516234314
-1.20234341110978,-1.59461111709051,-0.906871960050313,0.170901674481184,-1.51217557402358
1.09520094999769,-2.44748828728937,-0.288408948013505,0.729180360903078,0.959180840640085
0.779178356896137,0.656603087070719,-0.136849116211584,-0.441734076852344,-1.03144405401778
0.21632257241663,-0.460264536869855,0.349778147412636,1.1699140493893,0.27660367172151
0.979045932316561,0.894150251390023,0.393008875448399,-0.292632982736694,0.72873999256633
-0.367429241228482,0.179427768026649,-1.1042911933697,-2.61779534325288,0.525025620941206
1.40664790510073,0.604373534492988,-0.333339179055637,-0.830606724990195,-0.0905451931928454
0.140493362769238,0.384946915605304,-0.81210040885152,-0.517546806733817,-0.27075646082501
-1.14057285727934,-1.31258008436324,-0.810323272773493,0.0742785165319397,0.737255230119453
3.09413306066205,0.158929195585248,1.35238565645582,-0.660136423979322,-1.14699261993334
0.151290092433979,1.44673932134717,0.0147502511860912,-1.48407494244874,0.103971310500228
1.9859576895177,-1.82905846355311,0.51271678062967,-0.358677251741249,-0.54430608706267
1.55059135496725,2.03414959750015,-1.34862317002494,0.163656021557423,0.734905529421571
-0.117743408890692,0.504734394729736,1.37492373749914,1.92072091404135,-1.06433539644693
-0.768448179663858,-1.07763977840313,-1.59913913595966,-1.82956115988344,1.50925486598462
-1.64979469012018,0.00360281524927663,0.486635978358451,1.46212165515515,1.19245897122157
0.0227975482783666,0.437445054766622,-0.315688794644056,-1.15180657236585,0.862317046249583
-1.25088701907438,0.881361291343816,-0.00619732286241668,-1.3006923298657,0.296157102704738
-0.01961185423394,-0.982193651705727,0.78019797050362,0.649170324569205,0.0494199418874616
0.517287436446266,0.460967691676274,0.611605461480828,-0.502997700992998,0.280278386279938
-0.0166368263802782,0.142990056720731,-0.739628831887707,0.265132866270796,-0.712490267658972
0.262116609087585,0.325267451743439,-1.32814257573856,1.3170469575789,-1.65292361714845
1.32165408535172,2.2394424687903,0.936828827176645,0.293542845205924,0.544540826198213
-1.25666256979579,-1.28179019398995,-1.76163330075343,-0.919570785423308,1.12818688780553
0.531723133652394,0.599093150412614,-2.05529232941216,-1.10357917229016,1.58575372793643
0.865028553984383,1.29970941662446,1.43108133667685,-1.05591587871906,-0.731257883762874
-1.2193070176542,0.562476673431515,0.710106985325064,1.01227424483635,-0.20374298500847
1.53722163382794,-0.4774610659079,-1.2333374679546,0.27297517072671,1.51577725062385
0.56099994846379,-0.23017437046792,0.232899976601786,-0.142306925903184,-1.88385021478769
0.082161094400472,-0.540856063105993,1.14363910332216,1.42455870681088,-0.553409846576718
-1.4164902467857,-1.88558608412955,0.206415555888173,-0.518272175136249,-1.44707940461079
0.608842517419887,-1.41716431159733,-0.297798382881585,-1.31184555487383,0.0316481019622347
-0.721302500010189,-1.88966216679093,-1.37215225235772,0.536274634838938,-0.0947326502676119
-0.173714838429058,1.75183278550632,-0.757727437862449,0.603809747465282,0.0697851974935761
2.74134671567833,-0.931254862030346,-0.863681048020721,0.150297307450612,-0.705122130538105
-0.654070135337481,1.1822821258064,-1.33643140585722,-0.92777547863447,-0.826265514597391
-1.22481880183819,0.540628894216985,-2.19461236610662,-0.126569841103237,-1.995653439023
0.856147069802144,-1.69925173275977,-0.0229915403578962,1.54480740865001,0.393362088993058
-1.08609422372493,-1.01273129113244,0.568268698195185,-0.883907047691997,1.24830660014376
-1.40866585701575,-0.262693103555813,0.995266728094865,0.494050410533858,-0.838690595644874
-0.488520394503863,-0.917278365453549,-0.492976585905233,0.311752381551172,-0.458440029067434
1.16081075071878,1.66666808437191,-1.25285989470813,-0.776647165466919,-1.57110186908826
0.655606852952192,0.946391683074262,-1.21798718421576,0.0597326035678637,0.863727592458799
1.04173814156665,-2.35636692010743,0.17605534401841,-0.0919575279422223,0.385122917841448
-1.13790478273953,1.03355075451125,-0.721758249243784,-0.662265175854921,0.6519627034126
-0.0183650325924606,-0.568515928316063,0.140891408539043,1.6784000973805,1.00377444898135
-0.404479534138586,0.690130978029598,0.702015014698221,0.278286584179627,0.125332732635024
0.450588017597683,0.0196446672544148,0.176765438064533,-0.637311077070391,2.13093004487172
0.0940255755815799,-1.02165020500781,-1.60866417304397,-0.511549782774989,0.172362757149391
-0.532756361918628,-0.439305531725346,-0.942895724038462,2.23790527196502,1.32780788072587
0.790878948963788,1.37379348842778,0.173745311527534,-0.91275300223434,1.41769881801629
-0.0740420318420591,1.32089123999354,-0.649457302372399,0.893108115792648,-0.782614737899737
0.977314084467896,-0.811405418627346,-1.00201636223652,-0.320682919524446,0.48743768190895
0.246977622534597,0.304446352839083,0.2868984019278,0.106123779558398,0.188344628292883
0.0471346766280831,-0.534499765540797,1.09936477847048,0.358525677529655,1.48429626823037
1.76004201790892,1.48610517616754,-0.556746119546,-0.446682958635703,-2.54916658081055
0.9328722027518,0.769924958154511,-1.4480898794895,0.0724555189594497,0.909142787198785
2.1414652227923,1.15479375356587,0.11206821435833,0.29190934446011,-0.859274007315097
-0.962703176743498,-1.3932273133205,1.25033150211906,0.192568770652398,0.501361059564094
2.15432040595776,0.525921262718648,-0.44107754925013,0.0355425663486227,-1.06113719622598
0.169387146688967,0.544799671777963,1.82243505085002,-0.334484139047622,0.410999359935056
-0.207536375174147,-0.860487948613069,-1.35376875782881,-0.243202680424969,-0.987970238949411
-0.78697874307478,0.220204813314893,0.277360113556891,-0.152575349681824,-1.45919485454576
-0.0751417357840742,-1.16836249646305,-0.419427228024035,0.758814728706434,0.390692314833851
0.126180239536259,0.357711817629503,-0.62370708806775,-2.58511437991926,0.769109016742672
-1.56815000872042,0.832626856910959,-1.91389002537452,1.64507889306317,0.830816931806166
-0.504834735044223,-0.00183712459541401,1.40459646760556,0.726902782705412,1.63375075640906
1.51492869997009,-0.0945275790077707,-0.703326620669901,2.44304489323796,0.261933262224098
-0.82965900501522,0.0108149113827021,0.501060561597757,-1.26795935559668,-0.838764635974044
0.246117808712599,0.561501463043506,1.01474383737764,-0.359774809147663,0.293110491261436
-0.227995096278804,0.266604914261996,2.36271581469221,0.633867510782053,-0.246157546062645
-1.2851996010521,-0.607650203594657,-1.14633637464837,0.584315675700408,1.78431677870248
-0.714187095884267,-0.498892933200722,-0.461324091175222,-1.35734361305437,1.03936607555614
0.339435946765516,0.0347746577527766,-2.41511535966991,-0.187989826622892,-0.201516884039099
-0.864386644100445,-1.47415796564224,1.23639354534075,-0.396002233168622,-2.07591649550861
-0.94558660390211,-1.48234375869421,0.278397068783617,-0.413873405569765,-1.59246983055515
0.921301899931193,0.515817543052821,0.429227949689983,-0.0566059705864168,-0.0501271088943242
-0.611919524553717,0.467222713251395,-0.0564246902215169,2.05476843994504,-0.494805443653904
2.1086480689806,-0.103039801968966,2.01140637493355,0.787784831793565,-1.41213303355862
0.0336041167619008,1.38411394412893,2.71068235640803,-0.265907367545703,1.01017689890544
-0.706726149913679,1.14874067006699,-0.525090576850742,-0.460261677442593,0.782829282479577
-1.25459708858085,-0.0301882836606056,-0.44218093543578,-0.759589882972533,1.06211917529863
-0.770349167234565,0.156138941408822,0.34631958722153,-0.165228447427717,0.60279352459011
-1.69342717848295,-1.0779737939888,-0.705859641543163,0.976240977718759,-0.193371433251631
0.780107557214131,0.094993324257051,0.152870022298253,-1.1120854444657,0.60042104325145
-0.184110783757096,-0.0971183918076156,1.52610908012092,1.03537027617835,-0.482780087460091
-1.80093373022235,1.07062560388151,1.42259328648012,0.923612709869636,1.94457336410172
0.0289403955748098,-1.18989582747844,0.552476570654257,0.373241292367544,1.34447911486775
1.58907787654181,0.64921152176257,-0.378872264872378,0.726544668156902,-0.884637216367374
-2.12875698752307,-1.37985111772656,2.01978139901806,-0.692753242159353,0.206702386971733
-0.346398859647117,-0.111803528769918,0.705254415757496,0.903772307531049,-0.646545768167648
0.377091557152834,-0.388815635322419,0.18905086991179,0.207457384696638,-0.858368209815136
0.853504252058022,-0.427783903622229,0.21705253952984,-0.306745746849375,0.732412962286036
-0.08753320811871,-0.823018730558533,-0.0619536020597131,-1.37132171485815,2.08275785736348
-0.450640404529153,0.322402912187701,0.768890435110149,1.30059779686657,0.584049996718586
-0.827913392743262,1.37923740766663,-1.43765788696531,-0.307258583001627,1.16248947419677
-0.58787795979392,-0.517346297369269,1.10034707761083,1.09104179047195,1.57056097384647
-1.89745100843375,-0.604664001520921,-1.3802434168335,-0.592842810244518,1.17138244911103
-0.235537990561349,0.950037078700249,0.551506880344253,-1.28887216743751,0.399312815455623
0.126191217194838,1.30855730409681,-0.647552637147266,0.0671478651907972,-0.831979593493382
-0.438513554734901,1.86004080229677,0.480627436695255,-1.47178893744899,-0.225399568897629
1.1977806994287,-0.397549420313071,-0.56242687403286,0.889534697465188,0.241461187024336
0.352519019774757,0.675080304468187,0.648523717799032,0.901228276599847,-0.0977004007571722
-1.17304140467961,-0.4805654640223,-0.591161663323931,-0.590807399204374,3.18646546784712
-1.45814910332664,1.64098489808565,-0.13297170566905,0.396008486184016,1.14470379341
-1.29147475209046,0.965916673115562,0.610764389354456,0.675041018134886,-0.903895562936598
-0.803251006163651,0.672048923950611,-0.214338337397796,0.174349830855365,-0.750369906508656
-1.22486217916821,0.811875455040657,-0.61090298194118,-0.43674206728433,-0.743603869187707
0.554107236118733,0.211548413855092,0.0677011234602088,0.480118421836819,0.76368734087235
-0.450809251614299,-0.71307313580259,0.825057022601982,0.561818302298271,-0.529418580701597
-1.70599631560077,0.0910093364483792,0.247820493189366,-0.590385345882225,-0.798518623621543
1.23573649786506,1.88805541474167,1.02586637002494,0.909563200298368,0.644149220884439
-0.316520844720131,2.18044323263231,-1.64521311580194,0.818657090907855,0.0184521898915479
0.630907761040435,-0.89784080447469,-0.120261644924163,0.441419285454824,0.583595836090575
-0.0219836667856482,0.0685222371496513,-3.21784162481917,0.663547738260875,1.16359062641383
0.227518047642072,-0.885621300691433,2.04253977653147,-0.58535409094874,0.648217412800424
0.928441297054708,-0.312200293979093,0.570409940193609,1.11744529797025,1.33517077877969
0.635112499012903,0.641771228387821,0.43435763403477,0.645277240643981,0.367736441562303
-0.995742321819485,1.05951980718613,-2.11487199895383,1.85946989086836,1.16869216006863
-0.802162900839571,0.194721825061914,-0.960432309957471,-0.0567565826122249,1.08324192578422
0.332761061833723,1.1404702760573,-1.41667242188857,0.876911863671544,-0.422931011454671
-0.65259255352232,-1.72216636820827,-1.24413304853835,-1.46936690743095,0.520110265676467
0.608282794732958,-1.64297445945847,-0.895226652516813,2.27838266501503,-0.644325288566231
-0.975369295177308,-1.46323550197825,-0.472289405541455,0.184184405104963,0.701655670066887
-1.14314295534449,-1.08006730948256,-1.84413557869499,-0.672359324804394,-0.0790482042540437
-1.05123019965625,-0.482370795002162,-0.702713345287745,0.299507145530235,-1.1450650259888
-0.539660441816384,-0.417134657231751,1.05809581567929,-1.5661062831707,-1.25108207155887
0.395011725949164,1.31282683207772,-0.686968535645867,0.270100830147001,0.273779617645022
2.09747998725481,0.660388442730306,0.145760232477373,1.29316049111544,0.617913777980881
-2.03974762635617,-1.06914774003744,-1.10337464924658,-0.194219010596083,-0.414566817057695
-0.131619088656896,0.13855612663768,0.110093982498262,-1.30821068524238,0.591370937496987
-0.288430409690392,-0.263561756580739,-0.457596607089523,-0.232623420725295,-0.549289335232079
0.718132178509886,0.138315359398456,-0.691505686039241,0.867778293454025,0.775681935861854
0.0480267628077833,1.03000534812967,0.524279271613561,0.282829997786078,2.87590216868296
-0.035323915166617,-1.6082423030989,2.21223224310439,-1.14967576544107,-0.554411702424618
-2.16778119312672,0.683029605427789,-1.11313639323697,-0.666366341063286,0.598873448862556
0.633216844118685,-0.288446731820519,-1.15978417736597,-0.147208823992897,-0.86645652933276
-0.780237283679973,0.52165767595803,0.552209126930415,0.229013382502787,-0.435902632632458
-0.880522967547129,-0.324161897717836,0.0869451239118178,-0.0268682187518089,-1.68759747451887
-0.42075759740976,0.146182292202241,-2.67303628332673,0.576975092166196,-1.60322304878587
-1.55271046001864,0.433471519282734,0.715509606519425,-0.985848670332412,0.4863482190517
0.91493821145884,-0.624393625616841,-0.372629820165999,-0.30788709956718,0.380395998786438
-0.92257515820497,1.23207200412056,-0.189444615059616,-0.42652501122391,-0.29446647679948
1.04904545552058,-0.752920602680845,-1.91612337555967,-0.795170285033586,-2.67373400062713
0.848797263072684,-0.379769492804537,0.4421988355923,0.62651680539872,1.13717095253017
-0.524534049143076,0.0972441759520117,-0.654431816401651,-0.946302917422828,0.57085106189753
-1.13531348526693,0.509051653987029,1.16900919893771,0.271751544100422,1.04668415267608
2.56415313467943,-0.502675985422204,1.39896631950572,0.0557360627877549,0.37876332743996
0.582700052674863,0.545670830482759,-0.67607095212892,0.765463202235603,0.136912698626927
0.628706667115199,0.488566424885798,-0.392007690087572,0.151967366552683,-1.90747076820192
0.581529193596035,3.19339363902485,-1.515785167389,-0.417265736969369,-0.854058926964361
-0.158731834621213,0.0965876349078143,0.286251366204995,0.386005913689766,-0.62889369565957
0.551075060857054,0.996566023614122,0.894626337728468,1.36998662066738,-1.69892254244808
-0.156410729480745,-0.968069106833245,-0.0424943566538503,0.904612236106977,1.38410804980771
-1.01974165124293,0.170399057779737,-1.28662956780756,-0.143336120318331,1.02918248144367
0.26398066889468,-0.934838875124935,-0.872700576798132,-0.806850275543866,0.767804852866315
-0.612249954625404,1.76585595828955,0.541376846064074,-0.151713836578077,1.38245698715714
-1.1314912775958,-0.124376107315179,-0.679183893134002,-1.20607219388067,0.150777711911467
0.0668066846652118,-2.83958172164169,0.750994292878791,-0.513157153757111,-1.43876147380716
-1.36536964922899,-0.0893770931599183,-1.01317019202357,0.00686580086846538,0.196611689022907
-0.346936019059891,-0.952053381440541,-1.09326729921318,-0.338790890281286,0.808473004692083
0.186141002562709,0.172358952115222,1.49983791628584,0.489388200733957,-0.643013382836299
0.0616326808187886,0.585961329591407,-0.661719921577284,0.372924376740459,-2.79870280469175
0.99722437134009,0.298684798406184,-0.377243950505976,0.708301432806605,-0.738834666152681
0.436276584726167,-0.420860326703905,1.39702925241867,-1.02430392461554,0.0136666466366055
0.102331820760004,2.32102598786544,-0.909487502961995,2.18223758991016,0.861982074176204
-1.92651504372339,-2.43190608486129,-0.538898084372141,-2.17250878029459,-1.53765934229476
0.122613287550119,-0.27167688996308,1.00142820414995,1.19951955743314,1.95829415598618
-1.25359247485691,0.00390181970759075,0.1139455262065,-0.392194719731951,0.531265516285071
-0.152759612053942,-1.55629139900935,-0.573125086584301,-0.0631039555421685,0.189136955868612
0.228618442711669,-0.135081648571296,-1.00459313083217,0.0543084644428763,-1.57247907212892
1.7984628789406,1.11145997982103,-0.565057299361005,0.404853032243161,1.41141538508622
1.0567864668852,0.267044439623999,-0.923028095265411,1.490701909203,-0.236982535856228
1.28844222030051,-1.37714503390812,0.576670067168665,-1.16547573114318,-0.734811809564516
0.4561089195771,1.49011023977093,-0.53644605070879,-1.01715024551115,-2.46036230293873
0.922446719175994,1.73136707695439,0.492917563022328,-0.107385415201517,0.343388799027682
0.610699477973793,0.644681478123843,-1.28357806167608,-1.08369820547223,1.26119305976941
-0.501248782942847,0.303655478787919,0.0562519207958523,-0.313986131604465,2.12693442970263
-0.0594338938529111,-0.983617506207708,0.242806132429154,-0.311879288242109,1.1271335309086
0.394891795240338,-1.12093183472139,2.07809993252138,0.804291741661076,-1.49951889824075
-0.540114608887916,-0.452083026514675,-0.444154074364554,-0.201455424587497,-0.850143762560112
1.45663297386708,0.520866436596227,-1.17157053525483,0.404933343722692,0.400388870686145
1.08506835405336,-0.850546155875986,-0.334355230224382,-0.751596095649916,-0.456062839894755
-0.269178971682845,2.12807709941106,0.272085676460659,-0.129816316490804,-0.0575954906988997
0.510041995844533,-0.971099113550378,0.299925611685919,2.43015012890044,0.0289179379168812
0.362795334339248,-0.346626206549265,-0.819320974235393,0.167293795793329,0.28117097841983
-0.21453382466623,2.07503110824213,-1.41403593815028,0.80562566938503,-1.12582729086232
-1.1914622353492,-0.296239749794234,-0.946061050057445,1.85097670341442,0.0715609681116078
-0.657756206625773,-0.332974302999088,-0.0822300675055203,1.26207170140654,-1.25425919542962
-1.41826281623525,-2.70177298403054,0.669641847924533,-1.18323410453946,0.0914033669897547
-0.285172450540883,0.04504710131149,1.76059930177529,-0.196733676549449,0.379770565536028
-0.526368491603459,2.30282961647359,-0.813501491070024,-0.581716751908187,-0.444121744807197
-0.896995650461018,-2.37313519776725,0.0999855743597712,0.384471945799088,0.671537024342369
0.661262968987953,0.963025542401715,0.278177603449761,0.478414434990208,-0.765659668727678
0.624505534983689,-1.33444979166644,0.382896303934186,-1.0746310302703,0.759908784331636
-0.142416738755132,0.62308243729642,2.89902175854836,0.641665915698043,-1.6489880097118
-0.51783198411402,-0.306660112723899,-1.17685958865455,-0.475243221155095,-1.69479465517955
-1.84527602043848,-1.16311172941282,1.72213463270313,0.302762512744606,0.462381025348569
-1.65427304631878,0.733207130862336,-1.36370009800835,1.3851930693596,0.545860155248965
0.563612670117969,-1.95363396010636,0.961471677413228,-1.24332707298871,-0.330629943853675
0.50702624618979,0.627434452804232,1.32630472250291,1.33731872224581,-1.3297258621933
0.30347036369582,-0.105966890233352,1.21307403407335,0.73457852433791,-1.46689584995404
0.382687069789455,1.40006917825722,-0.209633333319325,-0.0367993075840527,-0.484148950606436
-0.4208849395527,1.89487689362676,1.29749490207977,1.02693398021197,1.16572992106066
0.742484549394834,1.23974153900027,-1.05231402002007,-0.375930378267366,0.271431124055776
1.69316946874546,-1.20950589828266,0.58425938758641,-0.339687502860313,0.647540629117787
0.294723421503434,-1.46203206848655,-0.896038457465873,0.716019632570899,0.0985008794121431
0.836723986073901,-0.345211301289255,0.474434668533019,1.69127686234013,-0.469193110179185
0.289391016223515,0.276044062920992,-1.27400634904327,-0.296724610753977,0.630889553819077
2.14198661670155,-0.294494626539354,-0.429881742924815,-1.7170480388869,-0.996859872655741
-0.460572367383485,-0.113439086942449,-0.669240699499487,-1.12797168263026,1.98870804812816
1.1233939336928,0.825761410417294,0.911505781040284,0.422044650439642,-0.334525888134988
1.39092471384476,-1.30990571082985,-0.58224512523375,0.585135551809222,-0.322606414085739
0.89879754476948,-0.796627681483509,0.419172748257457,-0.339657600760128,1.13268365859776
1.89160811004258,0.934347449627242,0.333376449925342,-1.10965138142634,-0.268623233710617
-0.259667828433005,0.214827323306941,-0.740432811678123,1.4025376986983,-0.332113879681916
0.201226715861755,-1.16856999859709,-1.44753736244694,-0.855631093012545,-0.361592924945908
0.182149934356267,-0.585206021938541,1.5320052418454,0.191305282765731,1.39144265134891
1.48059085961529,-0.141983120517215,-0.172767351582396,-0.830318787423919,-0.15135147175058
1.11558147884452,-0.70920655759428,-1.41547143253993,-0.0657450969237205,-0.519068924809256
1.68372544114122,0.214083159649538,0.552841831032378,0.926040212594273,0.476216371218021
-1.15350351708476,-1.1224499069049,2.78180069753811,0.546535634697998,-0.535161013338047
-1.53838304862188,-0.145251757867157,-0.526184183844389,0.674497971052245,-0.71561276889889
-0.942079681155872,2.42380238916854,-1.17570774786749,0.301216167549895,0.196438797573027
-0.818032539391708,-1.15171525324286,-0.150472819129609,0.703454484230142,-0.3546276827779
-0.318040782751547,0.878466875111275,-1.62860517821175,-0.738421070637272,-0.723882547025103
-1.65048271119791,0.034358187914581,-0.0798144647547206,-0.584293354416284,-0.16373937581086
0.808431634660789,-1.93940179758675,-0.00421441059052899,1.40539819008547,2.12299427845199
-0.0197919243472607,-1.61994334418842,-0.820937310497182,2.75661707681821,0.131705123889906
0.895904997555567,0.815281722234264,-0.590604728898154,-1.2680270232559,-1.32321661607609
-1.07033338030071,0.944559675101198,-0.776835873864903,-0.151253778289537,1.82856741113635
-0.627378808403506,-0.718897623221163,0.591053110228458,-1.2261040842297,0.110468041170901
0.314898176043983,0.491679864919268,0.966091726087427,0.261112684213773,0.434153499140702
-1.60749901191111,-2.97703375437892,0.455068695677789,1.64529773019175,-1.69891992513732
0.449493032578887,-0.186191673921965,0.379118442909673,1.85743728125655,1.89325092993062
-2.06726336752367,0.471269263567583,0.170913708128218,0.40727108724513,1.41108644429868
-0.798897019460038,2.70101253945606,-0.300282886220738,0.568253274541626,0.884312096702722
1.67858596166733,1.11318803263037,-0.369694702022064,0.0499116317754067,1.09460520669079
-0.14484374755819,-0.933021636864839,2.09563095107997,-0.554162284555585,-0.324969381232489
-1.29581231724196,-1.12599105642841,0.61627486739995,-0.695391752908966,-0.490803925717687
-1.02917089572457,-2.91359309255708,-0.671602798423102,0.978736074140305,0.153018643292268
-1.76988561128904,1.65989503133916,0.634297147128193,-1.32562722988516,0.20898851322501
0.269676342791899,-0.949631887730939,-1.52936482512958,-1.03483519191011,-0.929190145463799
2.23103908794936,0.0714044484806913,-0.420180480147642,-0.514318562283926,0.31888440948785
-0.695559178645717,-1.122376491477,0.105917215222178,-0.829800154640424,-0.838322355985104
-1.40908366473073,0.569953878006806,1.47278714531485,-1.5750566711338,0.561121256691108
-2.49115084289144,-0.263472333064671,-1.44536614870168,1.91037474630574,-0.626031789395547
0.911815088795587,-0.320430926246854,0.727323239990886,0.438310871064741,-0.773533051296846
-0.763979672899501,1.25045305037932,-0.610395692102674,0.380691808211558,-1.51826007073191
-1.08679465099101,-1.44811524576735,0.0393194444102709,0.187640676812004,0.340490023316585
-0.565129001210568,0.0205303947843049,-0.02384635147094,-0.942949840641016,1.81697764886412
0.52329852980633,-1.59929603661421,-0.0275938694798228,2.81854796410498,-1.87044160233389
-0.112424286304535,0.208308394815252,0.0932838297688394,2.24224325434726,-2.10515625362868
-0.743585837070189,0.986778553944996,-1.73791389960077,0.146250715619658,0.029913923107407
0.422575381273092,-0.12321118404592,0.680780920830705,-0.646115671929303,1.48545787332613
-0.532763131513811,-0.422790779618466,1.3252665807883,-0.952242334599177,-0.888319100949897
-0.0146697238891575,0.913912740593666,-0.325217877968061,0.287098944245658,-0.470817382166643
-0.46955551295548,-1.91389621935705,-1.35973768058864,-0.562077397387545,0.684341105942348
0.825262263311503,0.195083670546077,-0.435634628152982,-0.827164306597264,-0.650501246310529
-0.93715857106538,0.323244041237774,-1.51723413272143,-0.924939605558674,1.0074737898462
0.113342154149647,1.0522118980097,-0.493086560625958,-0.188226708500285,-2.54664956228324
1.27983005688547,-0.0786875963031084,0.109924158169353,-1.59747421334303,-0.051572990124928
-0.902360885413739,2.90578368923535,-1.04610803009652,-0.166645192983084,-0.101042608305973
-0.125547027774551,-1.11359599669066,0.102723464153604,-0.582195116117352,-1.40900303565878
-0.772737634021901,0.367813806408844,-2.62247603844527,2.31080365100686,0.0314367750806039
-0.625654048091749,-0.170009777868533,0.246635994631389,0.825707006019332,-0.578719985759466
0.00251787671384095,1.44496051523295,-1.78157584533389,-1.60928258832297,-0.0800582403010291
-0.0628835297325611,-0.631173311541433,-0.222450089976458,-0.883823453325082,-1.40978109809501
1.52075895524867,0.874056943655382,-1.57114655290406,0.670067015364974,-0.124655628135632
1.60622972850289,1.50015446844121,-2.03427842787371,-0.706161105945479,-1.83958722639348
0.868384061272648,0.320530604597984,-0.459960714968476,-0.502144484772758,0.894768285913478
-1.02139727368756,-0.0548084231914441,-0.721409376320327,-0.995271656252897,2.29376171715067
0.295255712454499,0.981518596929494,1.09617568539691,0.44652825120943,-2.02110542971356
1.25959470301657,-1.35349628195252,0.800587553259001,-1.95104977561712,-0.785356672013456
0.502460579901044,2.69037237160977,1.0887790763389,0.519193609746782,-0.552936589167869
0.0503675725607647,1.73558415843539,1.09990144299491,0.525421902581433,-0.0793392170720559
0.462041954192352,2.7232048793255,-0.287629769482728,0.033834661277059,1.71004088952513
0.526291314577162,-0.913813763729757,-0.0712688748139105,-3.23799901439357,-0.148276728519539
0.900357014674335,0.184816356641513,1.54956182438952,0.0587447482457328,-0.615032524259176
-0.0585485737485607,0.782965380043409,-0.24271985624259,1.35073012913622,0.24052715114104
-0.0423301727602434,-0.549225711468099,-0.724152202373564,0.369254392432169,-0.383676058336453
-0.116027165257939,-0.114049585868563,-0.19862327352338,-0.808552847071613,-1.22573922950376
-0.641229596467248,0.0661536064237563,-1.10938204310387,0.162552976948188,0.283508140116574
-0.931426773356191,-0.262842294114777,1.14916412614742,0.377772255097024,-0.26300159281942
-1.11312895643483,-0.816832318667808,0.935643002676509,-0.0590300215457917,0.0992894668030642
0.472923437376345,-0.831488345603873,0.203329787699708,-1.26523083578808,-0.913335421148213
-0.974931700203756,0.799088169511031,0.691168537840571,0.902648301282974,-0.374577023233132
1.20217854732319,0.0683881362744193,1.04350416062921,-0.011538577033227,-0.686184522412323
0.734902919174777,-0.509017991485308,-0.146004689835176,1.92760785692066,-0.113832741489083
1.60992420492344,-1.5452691887277,0.0769915678391948,1.22845910620674,0.143450399726399
0.389648269440847,0.827598570439831,1.60630194705247,-0.201807179175878,-0.84632720256083
-0.452587952839446,-1.04706866806257,-1.50166003381825,-0.921247876053807,-1.04112099281248
0.505169226619191,0.880147953147259,-0.201535992323783,-1.27499878058264,0.744184932495975
-0.990155499026001,0.305364469418718,1.42335468928321,-0.652374617926785,-0.890526783625523
0.582413218930999,2.62963229956155,-0.162762993401442,-0.280785416677912,0.810960024957153
0.397775166477744,-1.25169073763924,-1.0868215821399,0.79330036085169,0.846542431264822
-0.172072342468213,2.28153964396312,2.41427170720514,0.0917903526220128,-0.0977309441289738
0.762652604840544,-1.70439470537808,0.195741787357131,-0.226215764087387,-1.51785982729085
1.47621619226817,0.519358356586432,0.574507825788382,1.53993313267554,-1.09632312790688
0.207354946773831,0.757865539340047,0.905687627507,0.619621609106013,-0.59624589495229
-1.24923325692384,-1.06109239955293,0.715545395116898,-0.150249930701678,-0.199018647018439
0.652022954527757,-0.847966565555794,1.12397195571604,-1.14080138951957,1.2072264128474
0.428826383181772,-0.798545903235602,0.687472223343022,0.362966406626517,-0.964104540183006
0.131229349152431,1.00485640174855,-0.384698256877133,1.46674340689708,-0.587422070455274
-0.221438510861423,1.58398659139192,-1.25589931964386,1.75453893541339,0.030389302938609
-0.924705734579383,-0.501588807856387,-1.97715323529345,-0.804925153966198,0.383503750981142
0.353298204606724,1.40169431211708,-1.38030281229046,0.38619069259044,0.362490227928009
-1.17179422950012,1.15181462182425,-0.606704073907566,0.087192021813298,0.0791083029391119
0.804181422959324,1.02539609984455,0.384270911467927,0.745865701019036,-0.747751658309602
-0.899673246194523,0.389584719284399,0.185923867172919,-1.15792657534754,0.95198823388146
-1.95179675044047,0.867842747726576,-0.256060405408402,1.13098081342204,0.094982637115275
-0.215469089562491,-0.988356558275035,-0.261373681455929,0.937771301475016,-2.06081544662685
-0.572369147223545,0.823570074238864,-0.261674605129614,-0.468894834153574,0.153558897808248
-0.26152229955227,-0.778357307512095,-0.287362973892312,0.106901288165759,1.80030106537937
0.236208200327038,-1.55912167850145,0.988566435005467,1.74862448178587,0.206711443592117
-2.36124749955836,1.30868138315666,1.21728399573189,-1.39683253110639,-0.463437964193376
0.929247835146336,-0.379510821861827,-0.534499169093991,-2.36110517024374,-0.507950086400288
-0.0509957981675971,-1.31564749505585,-1.62105745267456,-1.26165990915881,-0.506810634760227
-2.22432527103468,0.745797239584357,0.258246260149293,1.2189429539979,-0.86434364558889
-1.23871913408037,-1.45227068781029,0.190391888939968,-0.739877945663775,0.329549202876881
-0.0526393935689735,-1.10022680341564,0.0665292547581778,0.890857803757353,-1.67715183299104
0.753504505915566,0.792308771164102,-1.10982168643232,-0.833203713126012,-2.1272145421085
-0.756880470846996,-0.268104599544109,-0.134259892488937,-2.18710073169561,0.121021600425373
-0.0481551936832213,-1.62249730749014,-0.392985983814759,0.941335942042842,-0.662552716169981
0.687388519888896,0.201081922238071,-0.852336845351915,-1.35399048529525,-0.138747076239436
-0.024022487775857,0.979353700804606,0.281508576359627,-0.863134379212599,-2.05085903110602
0.619593875221582,-0.6756833056415,-0.903331868757302,0.524946602378612,-0.0703390514659892
-1.07329720011087,-1.18152593427972,-0.382081631571413,0.893156395095952,-1.73641592019239
-0.866575491193228,0.614210704257943,-0.12407335278605,-1.04791975634056,-0.718503563358614
-0.559026896473675,1.99407310480468,0.533262463438326,0.657604316067053,-1.3284136860634
-0.78210365618646,-1.33642598999626,-0.0501687410404751,0.124118300846528,-0.0678457002802446
0.506459705794488,-1.30387502835825,1.20464452815776,0.183969255840847,-0.616960982932678
2.73573230801183,1.60427190387394,0.548835204626162,1.12013727764625,1.11116985557517
1.41656121453485,-2.36731800797929,0.820893005825854,0.0140396077916873,-0.170668521296588
0.636521819226842,1.45348444929382,-2.4272504997626,-0.0175357807611102,0.362953109574089
1.07662700088298,0.856345932219285,0.394576631185868,-0.192776424540303,1.15016239628497
0.881404886845163,-1.12546265312867,0.0489382335993863,0.0681657857947801,2.73778258517708
0.386523752524634,0.542380253150044,-0.119796690243616,-0.195343374493668,-1.01670346453689
-0.758877130999973,0.36616654271001,0.890876808977012,1.04708368818613,-0.934335701829924
0.524989501462437,-0.974851487605682,0.149053726568693,-1.71203903206808,-0.864354849418139
1.72858664598803,0.578149292799662,1.40559696977191,0.380338287276665,1.14847130009927
-0.824248815243199,-2.36066148248528,1.61591207259662,0.0036297926743466,-0.74403082248535
0.691529741086061,0.395012597327765,0.978732488556752,0.588478408201062,-0.550630574535243
1.18696267665844,1.46804412352486,-0.446726325244213,0.845138966266042,0.14916731908063
-2.67518157089496,0.232247648939675,-0.187800232629932,0.711936838688777,1.19597708744812
2.05216892858763,1.13411935926646,-0.236374556891776,0.0159121407897072,1.33808761324309
-0.797386127887221,-0.430099716363199,0.796489409622366,-1.37525135152873,1.14820093769985
0.0119704691097538,1.00779203670391,-2.44213427224831,2.00254805991288,0.475876913041165
0.700203305187613,1.36820167335634,-1.15994530789334,0.911140438979642,-0.40979178622316
-2.17737374985347,0.0644063562227741,0.0117793178723428,0.532158286131638,0.699089265611822
-1.60184644737225,-0.452792822715574,-1.62146259683131,-0.807839354541505,-0.164600706485122
0.203460656951452,0.641627952190639,0.526461235248107,-0.625367734215883,-0.126981103484904
-0.660442807931613,-0.0953542202665206,-0.131943673843548,-1.86476066378473,-2.04128684186841
-0.678257420420921,1.16657682427799,0.451319678125278,-1.71450959540569,-0.521471439584204
2.53428123431925,2.1737607445484,0.232016429570694,-0.330770814065571,-1.12569315798823
-0.477681716161714,-0.0284688869704614,0.705546869606945,0.378002049349255,-0.245218341318529
-0.208290079849882,-0.144636347225482,-2.7597005150122,-0.198458005393456,0.229541634349204
-1.08745141386836,-0.121576914873618,0.824327776621284,1.339506698245,-0.452336492419263
-0.344506953987378,-1.3974000282461,1.08051677150771,-1.87556357608715,-2.02974544399229
-1.36150392576715,-0.503693859213393,1.07338645088811,1.12412624025954,0.387343562531929
-0.964972108969331,0.988061695323893,-0.823460653203544,-0.73154426119475,-0.0439314671690131
1.99125224726285,-0.303839210642119,0.307401282431028,-0.239991135414834,-0.546997752207603
0.895927681656279,0.873439295832931,-0.135520573188869,1.9096523233383,-1.51445631702491
-0.96009448575312,0.0491241454704161,1.50318223022155,2.01626735663503,-0.985200076438711
1.10054553613393,0.220157126181639,-0.824727452574815,-0.0615410405729153,0.188037550820509
-0.732456400984149,-0.758543552143642,-0.335549590835334,0.745035634208123,0.0667279558290187
0.638839717844857,1.8059249204811,-0.0853538477623523,1.63035857291099,0.142547345084214
0.0472548641877422,-2.289090564319,0.509311969226272,-0.578839574889459,1.18756010902592
-0.377581298996097,0.0290175776494729,2.61891666542699,0.993334430214432,0.38138125503877
1.9645091120559,1.13598379167377,0.349280800961389,1.59907652901773,-0.37802469051055
-1.61786116844238,1.80457651091971,1.38600381253851,-0.664427366971588,-0.153861535230008
0.0746112720279596,0.423734632893502,-1.4750904587064,0.50455314624495,-1.48479160894848
-1.10644545436366,-1.23342292792224,-0.0667651053183067,0.992828671691276,-1.19897178928059
1.08010650343349,0.657764925831733,0.449062276050241,1.05206724308166,0.504493556615374
-0.0366771809904813,-2.24821091211597,0.49566502552459,1.09071762759332,1.22274545963341
1.45616340186833,-1.98419654570829,0.514180352056883,-1.57458753014243,-0.0966794009323212
0.0188969987707112,0.579775295021228,1.32190770091923,0.677485147853719,-0.175096888734311
0.989373373920213,-1.15783765724238,-0.707858635612464,-0.613385116251817,-1.05818113164093
-0.480119335273377,-0.886152322465434,-0.365694754744266,0.381650717389338,-0.470735853738187
0.33204879888494,0.547975703841953,-0.165975740883587,1.07831415486047,0.859972825493433
-1.15115873880064,0.370860973025791,-1.04504376436671,-0.107404506920513,0.03283742033905
0.152043616043884,-1.27009458852157,-0.485699580036829,0.867757241733257,-1.12605351860501
-0.910018800696062,0.34770191050798,0.343677469324353,-0.642426869882095,0.865491826082549
0.288525125772362,-0.550539807084776,-0.748472003678577,-0.554615070776233,-2.54805325618697
-1.81730508797795,0.0226370788010387,-0.411852602318464,1.27833230361805,0.690441710910076
-0.968037475923222,0.84353629841942,-0.245180404362282,-1.09821496054737,1.72090380391719
-1.31449887275157,1.82562896662939,0.732610029571627,0.722914238116948,-2.25034202616459
0.0999093430789435,0.766165466288793,0.078046645427663,0.465375331247619,-0.00455989629020685
0.296145811158369,-1.69656426455049,0.116058429872285,-1.55079936142741,1.01100000905342
0.69744243302363,1.93762424345902,-1.29823856926293,-0.14522204388767,0.331230484566025
-0.553646824632378,-0.942028674431822,0.133313104938506,-0.650629589294668,1.00727600199883
0.0608701495847117,-0.332728487116301,-1.05614459972347,0.0588135370018376,0.191326824772749
0.0690529951537202,-0.0182532685323504,0.476346168290107,0.267653106679748,0.247509071372831
-0.392741751286055,-1.90275869815487,0.0894150291631535,-0.889078873373837,-0.168992930724663
0.553199150689759,-1.88726020671196,0.234399327498481,0.603036011878726,0.327128177379711
1.15801850997796,0.186308640519303,-0.635643014982975,-0.0190432189625069,-0.307635193006302
0.0290706677605008,-0.582355257534644,0.0272817661869035,0.315392184963259,1.45000053665456
-0.889704807403429,1.57747473472446,-1.64806107066994,1.03071481379101,0.620602238891867
0.62849615552226,1.03314251288714,0.308697034147895,-0.390184013460992,-0.0776692183469442
1.15329049525376,-0.915886618524124,0.354652091737159,-0.90679419339523,-0.322585706195468
-1.40724949570041,-1.21536395584772,0.289286953126089,-0.370824206563467,0.574192084148182
-0.915302775704656,0.312894396111309,-0.621810160571449,-0.030536481205416,-0.678775142370127
0.406162414434655,2.24541799942157,0.306073602669719,0.534808763874353,0.22998436869046
0.718839978702861,0.385537160249572,0.0647206899576329,-1.4196691983353,-0.311284619736122
-0.688876812725522,0.510888567522204,2.80794326499732,-0.907145717737041,0.0696627661840839
-0.52971382946006,0.666787217312894,0.455896260871998,-0.979033432658888,-0.718469187325525
-1.29415562956749,0.296221391819542,-0.295179810843808,0.799217741603692,-0.00850320340186818
-1.00410171216563,-1.09644192923591,0.115388725801101,1.26341997273813,-1.51812729752288
0.774515432389472,1.38757318690556,0.725760425244268,0.569325296339879,-0.41474791798749
-0.293908067161822,-0.303266066726178,-0.198939095741284,-0.00163593549403133,0.568073920758836
-0.821530318417088,1.26173017837353,-0.280237306225046,0.655218421831472,-0.260415011354452
1.68620957996616,0.835702086439742,1.44530332723912,0.754170440489481,-1.38936509087871
-0.202151396431084,0.388041704030162,0.999169571464875,0.235924921566111,0.422404379011953
1.10946755258178,1.05477421428931,0.0237932761120158,-1.40536765417602,0.0524784526708824
1.22264993477172,0.883054509793812,-0.429259961541607,1.40623657467281,0.806577280552024
0.331808073310425,0.458734848930201,-1.49662705089622,-0.248804099221203,0.0959495525939995
1.99836965345987,0.487334473307517,-0.743249793093742,-0.738622186684161,-0.782166580078208
-0.892276553644581,0.75427790488178,1.31372191118282,1.09195926350707,-1.11055950845256
-1.47956661056673,0.328153701738308,0.488749810880706,-2.00292832718924,0.263193722679031
0.899625293680256,0.747523905610257,0.574017409028154,-1.90840428583342,-1.37500342536981
-1.96569870926169,1.75719321193304,0.608279695506417,0.59348013960996,0.837038119653676
1.24221711383448,1.79739853422761,0.184256391407213,0.892530302382022,-1.24392202953192
1.26891563147766,0.543422976149343,2.58815833388646,0.682803680663131,-0.0215134467934453
-0.858904388703324,0.814744886280696,1.26456782360503,-1.0228599868122,-0.333100593498464
1.96828070870417,0.717842662849327,-1.41539883862516,-1.19033142994795,-0.654533206457149
0.559213986711339,0.117340084803253,0.32847506845411,-1.27592534538439,2.45623506184833
-1.59992144492465,-1.73550124157457,-1.19922044086548,1.86078723871301,0.0504594479241878
-0.49975102972907,1.09676554771879,-1.47044281754905,-0.103776751705557,1.11686386695609
0.6065832149984,-1.55523434140419,0.10752871319581,-0.0819098634772562,0.246661392717903
-0.361228705632294,0.418480461193212,-1.06016165394226,1.31512757832708,0.558444660694554
-1.38835177062924,1.36568271157246,-1.71755100562204,-0.507309159987534,1.10632626296733
-1.85509679722616,-1.30805365421947,-0.451101020463089,0.470774252691129,0.134553501424762
-0.680469871115365,-1.52122672422257,0.451728291791131,0.0778526337667828,-0.217590972033819
1.29229188584746,1.50868855877571,0.384802905722807,0.67561843878793,-1.12614993642299
1.02928522398293,-0.291978137022226,-0.338013580878131,3.437682023189,-1.2954650521251
0.307604239794805,0.773728008838254,0.439459845035427,0.0635188119035048,-0.322596033039434
-1.29967182584861,0.967068093232423,-0.622505083509987,-0.593598776366705,1.54009106072972
-0.622749609686772,1.98232391171364,-0.943302782463838,-1.14246245399608,-0.554754223877002
-1.27133045745255,-1.33456362679878,0.985689684328563,0.441903518324623,0.539422358412679
1.34379750098749,1.3166987766481,1.87156148196022,0.263217812340788,1.2411985316405
1.5691708717046,0.950782363793531,1.13814426376003,1.41595481863179,-2.27082648235682
0.343657460204471,-0.0169102521726642,0.217532107291063,-0.103346027395754,1.87900651659487
-0.64289848610018,-0.200978229438505,-0.0282010917668489,-2.63717952218348,-0.216837092158633
0.232666903504447,-0.786655527537334,0.147478106595289,0.715160607131939,-0.567438768448735
-0.100223107987413,1.02344569189051,0.0526502229943694,0.300074693572398,-0.141875855590374
1.12535720626266,1.84833536068189,1.42594616441867,0.880506519821216,-1.01753522110741
0.172196893390756,-0.155350948693651,-0.306555247621982,2.00663484489926,1.17192914579115
1.44329866311373,-0.449981957813386,-0.77490693459684,-1.13941791174246,1.17846683860583
2.0781936672471,-0.70519371277342,-0.479296104532832,0.815433882243715,0.778742570648056
0.462810971569102,0.719805550107062,1.81718736945097,0.352534765867826,-1.21587878166189
1.65871138850484,1.75904604563666,0.163132778126108,-0.471208392308338,0.695931116329021
0.18225665045268,1.14284607782319,0.0537011231313054,2.27169908161621,-2.23030533116677
0.638172800963423,-2.01092458172947,-1.7353141309968,-0.243119970351199,0.670508593135289
0.117471730371954,0.348326342429973,-0.923138729891943,-0.0106069905012862,0.0792368049172928
-0.162157878609093,0.0240443255086451,-0.621118216863326,-0.56676918492459,-2.65954985224002
-1.27562436851804,-0.694722565607358,0.918125423427873,-2.08835614973164,1.63866661177894
0.360978134720148,-1.04650894596633,-1.79034308951032,1.00026923879397,-0.9931409612267
-0.300415294708538,-2.37066432915336,-0.157148776855462,-0.556723828431644,-2.27568807063445
0.503007941308396,0.624336887784896,0.00764164060913658,0.610163267509777,0.106700434209799
-1.2973006417622,-0.0650482968032884,-0.303357318992284,-1.30230318412605,1.07361581131454
-0.0369557530665214,-0.0972758371993522,-1.77125554354384,-0.830564187277865,1.18092994018487
0.502997929858391,0.652011048172232,2.11213207922203,-0.305591086738647,0.49980212611621
0.475008082408987,-1.06314730071585,-1.29043399304074,-1.25721762225648,-0.291099272039536
-0.27096720216766,2.05448833265094,0.442464141390225,-0.251684015558422,-0.183871094136231
-0.0192418149146385,0.248459845135664,-0.728464820560721,-0.962475451010562,-0.651566921100116
-0.24973428742803,0.917690389759948,0.912569343488566,2.78719019227415,-1.50417945438296
1.4456028816656,1.65681337376185,0.680242539690406,0.365819638276736,-1.64476989953676
-1.24350432957748,-0.0996756800000709,-0.1139101524157,1.09118163510288,-0.89224859084062
-0.261612097296172,0.913134485003072,0.538581125026844,-0.376785572519795,0.605468216793073
-0.599242716593969,0.901660507113882,-1.08998568376375,-1.17375174706688,0.186911830829592
-1.33307994076092,-1.02933890151119,-0.197572918108271,0.126711982125671,-0.644526153616037
-1.18100665897435,0.784056050567415,0.32896028281007,0.460093726958379,0.0734245491263365
-0.539793591907179,-0.0828841803217298,1.10307411774301,0.397255815784862,-0.541087429808172
0.72830701198184,0.977075220002398,-0.358592978638118,-0.134945910845913,0.715308542448695
-0.411329384187279,0.266065780049648,-0.697755479663826,-0.674107985759541,-0.0714682954303774
-1.49861376007109,-0.119762378289926,1.03943216954943,-1.20824766702133,0.878485346254543
-1.40755780024312,-0.263780041072716,-2.11347283051105,0.0649984563653702,-2.2596980822066
1.40860400379465,0.359803276475902,0.843035052944481,-0.797038525357442,-0.64602720909277
-0.670421414066439,-2.34824575076997,0.964170875633434,0.912567782430067,-0.161288940269568
-1.02502144654906,-1.46106558564852,-1.35690871218426,0.2299521593763,-0.477213168284179
-0.07534660062631,-1.93451092188039,1.81755427464307,0.0364473383161445,-0.330154105257752
-0.00705332614898962,1.08321631026794,0.63947125510296,-1.12383609235826,-0.707500001890941
-0.0911332124665006,-1.05835810665624,-1.33957307714715,-0.826231288703125,-0.499391473163824
0.412275884991574,1.15341514677628,-0.992422616843029,1.20234786652074,-1.77365231291235
0.0651485709148898,0.0742501137415489,3.30275492841764,0.0428807333319217,-1.34140523849891
-0.787702109686187,-0.521633597441516,-0.040210390416859,1.35656520468838,0.889950424930483
0.322566955421,-0.658122701104912,-1.68435156565489,0.581911129683217,0.595348680056828
0.498188538185594,2.3911915475452,0.679467136427937,-2.38520408807937,-1.19307812093568
0.301172896346561,0.364209459539744,-0.946214389377304,-0.197264814119206,-1.35446078604314
0.532281367692414,-1.12386693969627,-0.804901726704097,0.430461307367695,0.657086169755659
-0.215564087525481,2.44203400796291,0.712962034093914,-0.0216177362276248,1.62766555018932
-1.30799020659711,0.497535913414051,0.235561205574384,0.93124095692326,0.125916462580672
0.660822997248546,-0.529683925537595,0.0589345414843964,-0.761618166062779,0.357919729416047
1.41174522170281,0.411301573043172,-0.488254429179264,0.535649632362026,1.41556632472401
0.473010946173103,0.133545566235541,-0.678587260673481,-0.0449050032074376,1.72064562039479
-0.093832356924775,-0.539400173657734,2.45213384500372,0.459509314368573,0.185814220656536
-0.246714013581487,-0.917786932292814,0.256323454076116,-0.641584298348326,1.31378246015182
-0.435992308217235,0.343004595804369,-0.122744918271713,-0.978908363416357,-1.20143268097548
-2.02252638058294,-0.0471325139463243,-1.7692345857792,-0.202119134955404,1.64994000048974
1.93935056073881,0.244610718894828,-0.69416393725903,-0.623973381087797,0.273991783178066
-1.077442108303,-0.427220484090127,-1.34989671509528,0.272555409772592,-0.260246417310421
-0.727794181839824,0.447913982176774,0.980349909378588,-0.446116020351018,1.86786176904078
2.24306023306836,1.01384477472018,0.683272660049756,1.12856244369309,-0.476367961837483
-0.437637553486416,0.831420974540406,-0.702232572561992,1.68181758044137,0.854321195468901
0.514163720620489,2.35367597583091,-1.67668120980328,-0.510753922325562,0.233477522912205
1.96409011570696,-1.7480192491873,-0.768721291311309,-0.401734370916414,0.285795700578996
1.16597169056234,0.615896105531421,0.220369137208107,-0.325399218703308,0.400643055283925
-0.0970238710317706,-1.7907555372517,-2.22308210505144,-1.18437601352355,0.201406044735685
-0.921092944017405,-1.41387352585943,0.953912870422903,-2.37735477577621,0.0100801372752134
-1.20450522063676,-0.614775305344931,-0.887831079709075,0.113830087354295,-0.708523661683778
-1.14491014121688,0.689154254661989,0.320373364076406,-0.195916990069366,0.308606908659172
-0.366576534664831,0.530056959057339,-1.1524330814452,0.261403167440265,0.865680319315698
-0.620695037594993,-0.981910897915375,0.373560849237251,1.00195654334134,-1.65777114413492
2.30609725006097,-0.427949500123915,-0.0413107636030054,1.35616592063102,-0.83763486936598
1.66437158251714,-1.93595418093961,0.388472159894004,-1.82560636881626,1.58877262954448
0.313031165119879,0.768845541753878,0.11015240429997,-0.649893131740291,0.995051413408181
0.203162323179476,-1.18942743727122,-0.3339471153488,1.23678953565586,1.21382218595611
0.771355373493428,1.18385924869875,0.87632311409443,1.2793586998905,-0.848230475405354
-1.60007762562573,-0.998074402975073,1.4016014085334,0.916135518241251,-0.470174246326029
1.51709195013504,-0.0925606501877368,-1.2810679209896,0.866026706091439,-1.23806200697451
0.320435968650913,1.71743304420959,0.276926577985382,-1.19554569605476,1.06851833284338
-1.58390638602772,-2.53268988557015,0.831430092942944,-0.646245229189746,0.681094891903285
-2.07505063249812,-0.124572708265668,-0.686704998718863,-0.152303064821441,0.196303874116888
1.30704675337394,0.0993740085230253,0.0646829569354483,0.640697628770669,0.106343821584124
-1.00254024580817,-1.49879593240343,0.985041871137868,-0.129997751833407,-0.91039310945042
-1.00136774534708,0.284655056458865,1.12868693653049,0.554022303536958,-0.407462931705484
-0.556607194299104,1.4313311261684,-0.144330858684876,1.94692734518676,-0.940322338179291
-0.761420264362969,-0.0968242878641836,2.05888732478028,-0.645514892634286,1.60806727837522
-0.543400270530056,1.11754517143127,0.513223155266712,-0.826661166918504,-0.615221139262522
0.487545170233438,-0.25681492555004,-1.61658848261438,-0.0208464338823211,0.316760726990603
0.903041745092107,-0.389135281196741,0.291634135721236,0.437863570656485,-0.0513690980840649
1.34633343231222,-2.38219144680685,-1.46809122865667,0.5415907909157,0.733464864806486
-0.0412167451401797,1.75779824957775,-0.91860989677279,-0.257642795662928,-1.26900892752376
1.65772968738479,0.936229869678986,-0.000626733467300004,-1.86575737298562,-0.53108776682615
-0.0236752798440234,0.531127236649819,0.198486465404618,-0.836818303848293,-1.56523925864635
1.00214561891463,-0.326365051013886,-0.32098941921215,0.943343970410498,-0.128981348012602
0.064729784612461,0.0287562915575098,-1.29935399529899,-0.851793825363402,0.695695620852678
-0.537413427145268,0.192193653614915,0.719027374815357,0.387945169419849,-0.35867761764813
-0.831112270932531,0.646136219063946,-0.214832593528896,0.292220079024311,0.80418859441471
0.130220376433457,1.05019684219975,-1.39644608309653,-0.254212666417585,-1.06390204381146
1.3401443601471,-1.07241603743892,1.32649015765019,1.5629710183585,-0.29941198066909
-0.824672086353881,0.402559849326177,-1.00541194821989,1.08803264705943,-0.907677349074093
0.49487133970928,0.972150414252771,0.208567070018461,0.0348126818474601,-1.70411218203985
-0.265856899575032,-1.67378142762628,0.562269130451405,-1.85131144227204,-0.606793731614798
-0.246889864222256,0.551349305897746,1.28009403787641,0.82598010618072,1.63034861669326
2.30484033829135,0.0492878734917926,-0.57819717703085,0.777433687908459,-1.05389494396554
1.03244989029612,0.139276139817794,0.434646246012135,-0.471094030212157,-1.86271317825498
1.14192502793234,2.14752541057255,1.16245455967012,2.00302376724285,-0.485009732549019
1.05017191216319,-1.50233908645134,-0.0377040695925756,-0.504494705409847,-0.616950182392709
-1.94120525983157,-0.340843549005157,0.159308727110385,-0.0590661477831002,0.658705757927503
-0.538551045447936,-1.23395743261821,0.333132553243602,-1.2417292356733,-0.313714447890443
-1.41373296548821,0.160309745418745,0.182689035686968,-2.18701849633752,0.464849388806923
1.2149563352311,-0.949547150506566,0.654573659998098,1.66713478419024,1.93220219484167
0.310702296122062,-0.961214955544758,-0.805534429173998,-0.251921794780476,1.93313160692268
-0.947883376705571,0.504601895785616,-0.343988099679364,-0.534533670765977,2.2438324291184
-0.601717394981291,-0.311510643894176,0.166722007595464,-1.92545269042544,0.236378433336011
-2.53822319437549,-0.717063518259629,0.116136807763626,-0.0875509269684052,-0.609032089240676
-0.350454158707602,1.39322241520741,1.95719324426008,0.79115395074036,0.301785213671406
-1.73591225316258,-0.639710830040563,-1.75842995667461,-0.398267923366097,-0.954519311890092
0.971509501267973,-0.972094265195386,-0.350887559279643,0.0113458426822177,-2.19737927298958
0.554663937449344,0.423960407062336,1.09741082253502,0.378069478416888,1.86376672925167
0.185457517284289,0.754452149590826,0.0442451483358103,-0.371014707052285,0.0959118062243395
0.889162529648048,1.97411442249797,-0.0757177246963492,0.569442022848963,0.280644893266284
0.116368558059829,-0.824037107436508,-0.108333239800795,0.0788157530987948,-0.948921027105473
0.778286206668875,1.93488189090245,0.356123235001702,-1.731738271134,2.15735012903028
-1.46715274745762,-0.188474084003847,1.15215362982917,-0.320029276905969,0.760975195643679
-0.290535284782751,1.20586682478711,-0.218251769726984,-0.50547549875347,1.27075282965177
-0.730145161970986,-1.74653247689885,1.586475003934,0.104709831969285,-1.15064529631709
-1.82186752448609,0.620049557807207,0.248774947360812,1.21545597445594,2.30985835187525
2.28982379487528,-0.505186095353129,-0.0250750968410742,0.587487516440202,-1.5405822944286
-0.0309464420576412,-1.03708785983247,-0.244870534217923,-0.527722199543628,0.638200474614253
-0.844030447929677,-0.821870314126646,-0.828198299889061,-0.811002473613744,0.942958922221265
-1.0399771450517,0.449049733821731,0.683053064003979,-0.964090119750484,1.99043298180632
-1.06854755446495,-1.5568343798359,-2.88610239668763,-0.522516721095775,0.945278378693878
0.305249781232438,-0.500249246623179,-0.394731403711185,0.0785166348934049,-0.457923133803519
-0.169843520081361,0.138456194339744,0.863308435038784,1.13195112825656,-0.718189868004096
1.09013645106813,1.06069864201515,0.232950066775929,-0.875446834310907,-0.938916711893374
0.80353622155412,-1.36442985718263,-0.0350081958575658,0.921141848261372,-0.0608167734613003
0.477307316121762,0.431194693649019,-1.81477196930228,-0.505466120355417,-2.47464585653055
1.14173236330334,1.40102666830143,-1.26890586811848,0.200593249996567,0.557101641858666
0.0571367218302007,-1.12948104308229,-1.08430392295392,-1.22804215480643,-0.483333284018758
-0.438506611353656,-1.47440496090392,0.314117366434412,-1.28522370960332,0.458373114679567
0.572568687444729,2.03716351888388,-0.283489438079517,-1.59433312393294,0.915322583048219
0.223595187260832,0.0293582010485907,1.68690064482519,-0.366169025084182,0.894128930970978
1.21178138522601,-2.25850527004939,0.182212251733833,1.07738119835031,0.261524642166246
-1.04457033149436,1.98162201374497,-1.1077584513156,-0.411826510319358,-0.551553827239525
-0.93785321355967,0.366281836940399,0.345910933871467,-1.25606022887698,-1.42114488363842
1.47548652936397,1.0802952674085,0.479004109370044,-0.897711305731949,-0.784401670319106
-1.84429602835239,1.57134643842718,-0.481019390152561,0.111098256870187,-1.04751609337678
0.413779239786218,-0.946621482124136,0.0725936260511353,-0.601259087888591,0.961148360492731
0.921493522630344,0.190573116578324,0.782967088501952,-0.759511459795677,1.62429394847118
-2.01435145307412,0.6601445353907,-1.82807907040382,-0.449482493394803,0.171387292833556
0.245238773281696,0.470214559693159,-0.118758025059023,-0.15404451350915,-0.797946177650814
0.293049578287017,-0.0561378615381131,0.508802005922713,1.25860167850962,0.757929980945775
0.667063160944703,0.823672649349654,-0.0348080123493658,-1.42548234577029,-1.07624296878213
0.830896769373988,0.596010418185033,0.0612373761229769,-1.95403821683239,0.664110945479022
-0.281771300085704,0.598173528150311,-1.18944932023323,0.54152043889935,-0.00185644002430369
-0.154377879335782,0.141926876927963,-0.0401430912800086,1.0272421424026,-1.61035061137015
1.75154020423986,0.419485327646004,-0.795249310243772,2.02649892633388,-0.982620123002698
0.997282983454938,0.436636127755737,-0.977765191599324,-1.57544091717488,-0.0361503131345699
0.491532356151827,0.184649146129692,-0.992397589860713,0.681497350557414,-1.86104044787108
1.16702211470433,0.898748277252689,0.902954035237833,-1.42087833788647,-0.458022876875017
-0.308009155602092,2.12115102065742,0.144562431070003,-0.816564230747656,0.754026535757038
-1.43825594281937,-0.429658265390894,0.36819308227546,-0.726041755634114,-0.559158888556256
-0.33362032798411,1.29672260559058,-2.17008698147001,1.13173063567679,0.303156818096348
-0.201871828062666,0.829624745936593,-0.419456167309854,-0.935571685247571,-0.815460612442718
-0.782432149664236,-0.857688525803441,-0.816089424823974,1.38643937524678,-1.4909261042316
-0.124310451241108,1.06575865080205,0.283486191341219,1.7385857979656,-1.4663310748351
-0.836456006176712,0.720989656516055,0.850778021291888,-1.5068257443195,2.27843724854969
0.0253835555748076,-0.293427676860479,0.556255090361572,0.64983374272164,1.53241667125471
1.3549050100983,0.844697992748722,-0.789565262439884,-0.248166841543455,-0.174019277153486
-0.114972835273395,-1.02460935139287,-0.365115255314727,1.60105961990243,0.616780955709581
-0.709447151089078,1.23803780593952,-0.944876356230065,1.64270830086496,-0.338485001388506
0.292646184146385,1.02424517941109,1.06365660452703,-1.18718247756788,-1.57405267126044
-0.949555491784309,1.03775636178029,0.270691809336402,0.66309875832338,1.12180851353441
0.623204787653459,0.0884769072005447,2.42562794726109,0.183960483379162,-0.30975179459842
0.531247381087136,-0.557198742266554,-0.481633277104888,0.0912415413888696,-0.790072975458137
-1.3510048044321,-0.952956408069438,-1.29800650448493,1.43231268728715,-0.593075765817477
-2.32112447770843,-0.0146738938628204,-0.899773322901435,-0.63340498801563,0.0261998847899408
-0.206932565454811,-0.418597630265235,1.28248705668542,-1.64959980369182,0.738301918947418
0.0602773226677774,0.600099025464316,1.78587123446942,0.488309216621451,0.852288460616543
-0.78007501168113,0.971375676818829,-0.607475249454974,0.19419329310213,-0.54933508827898
-0.345385974625203,-1.66463551989999,-0.956534267600655,0.503012732316372,0.399773979814859
-1.59690725613673,-1.00346461931441,0.403634476883499,-0.047382323503756,-2.10522902450469
0.835581449642525,-0.199156626787488,1.68665626971384,-1.37259120388844,1.12348892777633
0.270325329669404,-0.15777613332025,0.483728467935736,-0.110055430388495,-1.01017938343684
0.338250109157231,0.739895900121779,1.13439942516336,1.8191412650932,-0.70634537479354
0.407516806028402,0.651159134741638,-0.199630070851681,0.729425308966284,-2.22013550154118
0.169858425307292,1.30341021142089,0.886347150386838,1.48518416239207,-0.780120010329528
0.216116168524973,-1.42588818757684,0.00401923106643497,-0.0207423954547383,0.275278545124511
0.992802178749573,-0.220913816130892,0.958483850902578,-0.10879862748931,-2.08422182080106
-1.66042972309434,-0.00798597120029198,0.670125208249507,-0.6081281958782,-0.573765567044215
-1.02192089890619,-0.548531631615698,0.531852139807122,0.173824094867265,-0.933277647245421
0.79758259438865,0.903180917964069,-1.34315162033035,-1.30522761711406,1.49733038426698
-0.550551207105508,-0.606166065617829,1.13753378325109,-0.908443253940092,1.93812351173486
0.538942920811218,-2.26217713931356,-0.420692210716522,0.223982225867742,0.478596443363366
-0.570117024202434,0.941635018094859,-0.163714278120385,0.333241773870308,-0.416634057118685
0.851374730493196,-2.86184560324716,0.387703052224566,1.26649738772018,0.898481538714641
-0.38506804710162,-0.812295047091618,-0.185920066997364,1.54148764110769,-0.546995404275844
-2.30870230559662,1.15824269573398,-1.24904426445119,-0.822790450781023,-1.69289090261205
1.6566889848564,0.579721484800769,-0.8011307518345,-0.963569237759202,-0.178606356043975
-0.292899118191732,0.321863244413382,0.00931034908887274,-0.300911903398859,1.97630012613264
-0.0744960301386792,1.28798794046286,0.207601762752977,0.835368656631665,0.873456357136752
-0.622360368011318,0.629508198371488,0.534775314625981,-1.23257669146755,0.0774055500433382
-1.54996237761215,-0.696960613675885,0.243333288285714,0.639741312313199,1.06350234495174
-0.5351242614122,0.0473960627285719,-0.80308190492251,-0.672204640756751,-1.13807128742953
1.23352615678099,0.236855412471171,0.600491107557776,1.43752228908973,0.469289860406137
1.13842946490764,-1.00323502690403,1.51792063515866,-1.32789823038767,0.263296163350136
0.217226702224236,-0.537348074222287,0.0815222101742024,-0.114423694082786,1.11530790978356
-0.591296136671126,-0.360396705428855,1.57055348650519,1.73705832376056,1.19241719358185
0.465466748196311,1.42438082643612,-0.589325653093569,-0.269936473430535,0.375513158470019
0.461974554920143,0.136213239242876,-1.68500576543318,0.92776443985151,-0.19818154637733
-0.185031260172765,-0.315458885470327,0.0210362563603036,-0.0307402024421776,0.472351255663795
1.3053321420285,0.405148128431959,-1.52917674789151,1.03912674112585,-1.63633877102176
0.802062598072911,1.15593425767289,0.771403076305739,1.7731395760072,-2.10854534383115
-1.44645385739432,0.62203128436296,0.941245293923292,-0.390426157163994,-2.74919701532246
-0.94782577388043,0.23888692701987,1.76731382399253,0.278820287238387,-0.6724578666503
1.07981166198928,-0.367839339966557,0.442776414910662,-2.05162132373781,-2.38448869019442
-0.121134732167348,-0.455470054264446,1.31123489729836,0.196219294578706,0.323683908766944
-0.479130974219273,1.30932703482336,1.22147437903651,0.430298164012106,0.0621929988885341
0.785015511554163,0.959557707446464,-0.187807099373564,-1.35026729076207,1.36268179308786
0.509926478497916,-0.231474789487046,0.269261812705633,-0.627505585850164,1.97123740539885
0.727965987015023,0.77455683182075,1.43488702837472,-0.713367839188256,-1.28554083111405
0.369947359038798,0.0347768527657045,1.33268792785898,1.13967552308609,1.22580860157327
0.0308675359836726,-0.267048850535351,0.755712894568534,0.346292951656541,0.0701605022368955
-0.529642035521651,1.67942036036784,0.532952183270643,-1.72780531197296,-0.715658261693575
-1.04631429517879,0.512918456186033,-1.55048781557767,-1.94016214622689,-0.166092748960338
-0.0769741947628585,-0.933382463154808,-0.181376526647095,0.870140474944483,-0.296669628855823
0.57660620486099,1.21779361103057,0.321733047181153,-0.0433881085794291,-1.13272279185611
1.00984278020969,-0.167004253002126,1.04594349011099,1.54090500474362,0.744332953007997
-0.670548111117884,-1.12034535387254,-1.1699164260075,0.402576248071816,-0.742451019385216
-0.902077002656407,2.24294166549172,0.689716463959211,0.896386460797106,-0.81884307965103
0.317387402477905,0.682023643713606,-1.46616733251161,-1.46869302077773,-0.441518393210627
0.992973921850956,-0.323829672007102,0.73473992537281,-1.12292763948628,1.20031609561764
-1.30645028602332,1.91541466381977,0.311653848550265,-0.279144334597189,-1.12563071267605
0.314424821758623,-1.44959888154162,0.109695346666287,-0.741356766056744,0.584011212761712
0.587148068032001,-0.835188294909907,0.325455028494397,-0.893066704977041,1.02935998658745
-1.05141891002217,1.66412080435458,-0.232779863450752,1.97752805788355,-1.35850719908789
-2.18262903720978,0.216376342863023,0.364951122720679,0.455065425612963,0.783114494905617
-0.0967917038856513,0.425033052448294,-0.834085606880727,-1.53389950258811,1.16041114586301
0.642154629702509,-0.44654429134863,-0.851071750796495,-1.07688246607063,0.32172041270194
-0.436975840961226,-1.33750567225124,2.32980848835814,0.328657498093222,-0.857437711268729
-1.61490975991426,-0.240126998200058,0.643503249741636,0.731169856080799,-1.57916574450134
0.549818481572644,-0.831217642728999,0.201390884091715,-0.136088842043013,0.81315156683357
-1.76671807919423,-0.758708566524503,-0.797236723991728,-0.715568067295307,-0.642852789148866
-1.41666425075678,-0.351706287943431,1.71723367635712,0.596826493465242,1.36338467629108
0.341905243862761,-1.64597231328766,0.352378915320457,-0.293635677302142,-0.724226800780505
-0.704677949722373,-1.05257851840002,1.91268658491134,0.915306664800362,-0.0495016973928467
1.42973390914192,-2.29772747884868,-0.0480117824984949,1.91583969346721,0.178594578287085
1.00044118729525,-0.406172322700959,-2.55200173715845,0.287760363322878,-0.0647069169569334
0.102809891414753,0.718367470581634,-0.383415244020513,-1.44872729405138,0.966381052905515
0.172365079104297,0.175205334996683,-0.52346325494076,0.984170661092608,-0.27395405694302
0.432555995791753,0.193361982655362,1.19837590382347,-1.66781873322222,0.487856911221038
-0.199783547177938,-1.07613483007495,-0.760208529480805,-2.00273654342794,-1.48084020403521
1.52601448703839,-0.732165855207335,0.0206853626279968,-0.943094298301961,0.755316554156173
1.845007815894,0.668254042580664,0.662855462826895,2.14173678880722,1.00922605479543
-0.313650719230468,0.166478492885723,1.42989602547896,-0.745716642484044,0.149268644862515
-0.0417938602237159,-0.850105744769037,-0.856173410469542,1.7148765169734,-0.395675633209897
-0.634419031698071,1.17263610704557,-1.84054199631283,-0.361582333152635,1.51330874023714
0.184545529718002,1.64189055378573,-0.0535521072549095,0.00444260980446527,-0.3804466845979
1.58367408135222,-0.782780923917075,-1.45189729904992,1.27620536662962,-0.131673446084962
-0.275991116453388,0.247330952936382,0.0108609948426978,-0.763628464314805,-0.197953157234755
0.97666426502589,-0.236006652724309,0.0122652026600751,0.149508398333326,-1.70460010426072
1.08789659768399,1.91728558984665,-1.62505131049069,-0.633852423383056,-0.170079513944188
-0.558909927772878,0.981906853670965,-0.26828883819602,0.130416003283462,0.595213977471457
-0.495844614749222,0.668176618338865,-0.319535449431808,-0.606277491099175,1.33232976932327
0.294753662236264,0.639345791385254,-1.80219754850387,-0.594300701783012,0.0453411221907921
0.228535678154829,0.391390588537714,0.0307687131519151,0.318148266038454,-0.379755949138545
-1.0049553901027,-0.92295988450521,1.46703716411273,0.821258514075112,-0.68369527084017
0.45871226127811,-0.298656962241279,-0.950558362210223,-1.29152577161946,-0.305281131928936
1.02368694431015,0.110453909658508,-1.66838424256647,0.131859973224844,-0.110689897115423
1.20261000535638,-1.61688789673598,0.0703055514652036,1.38195875478826,1.79646495217844
1.39572445880404,-0.157478624278798,1.3308212115768,-0.454510376972441,-1.52076898483668
0.87130024781658,0.062369951366624,1.25626819444594,0.654884976800353,-1.8101935933411
-2.21582445151407,1.70355905951885,-2.06975086368251,0.859474949568762,-0.214449562571028
-0.163162578006313,-0.692393685062834,0.613799374933335,-0.722811239839367,0.416388148287523
-0.089674538238138,-0.423023639471009,0.726045429017913,1.00908854846326,2.07340316846694
-0.179858564717998,-0.42312578988978,-0.402505021050843,0.435811161723004,-0.892134668166179
2.16296454849927,-0.460406495373097,1.34017161861998,-0.909053615831772,-0.157595026773888
-0.793141501025875,1.3085090459851,-1.04700038381741,0.944607533667181,0.15182987253662
1.78124553575687,1.61142537228589,1.59191519117818,1.47389623091665,1.5900284234397
0.867431336884646,-0.351648429299324,1.09880948391426,1.9481021225102,-0.46901534656451
0.129291462933618,0.634475736834265,1.1944456777361,0.279293527045471,-0.62888037124159
0.449107175869595,0.384788131348493,-1.41325433163996,0.659896808321799,0.948892400090939
-0.440396412209001,2.13933759672474,-0.984168146493709,0.651317820174996,0.954694068893151
1.18386051297687,-1.56278936554743,1.63538605275324,-0.338576197639948,0.479127166392748
0.687043501496474,0.412340522424282,0.193020302956493,0.744704443824161,-0.384417281761937
1.63780221269584,0.733406178201407,-0.275989760075587,0.00596082276813671,0.925293108050135
-0.722571328359193,-1.39446299557012,-0.0108985561768841,-0.688634138857142,0.735807314887897
0.750489245136573,0.605679317886223,-1.65564532712079,0.427154499461378,0.538140709667805
1.10504356839848,0.419860341566156,0.186330526272674,1.62989821843821,1.32852620910594
-1.50767175026294,-1.76051269124769,0.436541173275186,0.750790910760154,2.35355227975446
-1.271525790822,-0.959910491091078,0.271409415897899,-1.19953205760911,-0.580666666684746
0.564323309839748,-0.812446634250712,0.409436973728792,0.414623596747697,0.0596149332173264
0.0779925424459075,0.472263675606166,0.467170773149428,0.408081984103648,-0.693434435548662
-0.231924381029728,0.690447908226417,-0.30977020810123,0.61688473290041,-1.30799530924056
0.214005402456325,1.75867112986568,-0.243573876552869,-0.591252470539375,-0.915604389853874
-0.148810929333546,-0.366197702617463,1.412936861879,0.282699973960708,0.987667549847596
-0.706256641526436,0.64237147278953,-1.00062068255923,-0.670802319473987,-0.310313091454833
-0.198685703298837,0.690754420052166,-1.97090911735671,0.90706507403511,-0.427353231029109
-1.01719502316794,0.0394738891790417,-0.135203105631362,0.368276567687394,-1.95845912518282
-0.389835173792941,0.751356300989593,-2.256077222601,0.450766591740469,-1.30253457575886
-0.606296532308119,-0.633841342401527,0.779451561474278,2.04379484812474,0.445857628276641
-1.40449287315492,1.1787263429013,-1.38768122870777,-0.585049307363833,-1.10444276303423
1.46648042271199,0.0255406415304545,1.31053667998943,1.34907196809517,0.573537318924471
-0.0266056928696788,-1.43759656236987,-0.676261562399683,1.55801903838623,0.415722078204988
-0.734390864605709,-0.826983803816514,-1.4949718752329,0.0131909749477198,-1.09478316278161
0.415439725690303,-2.23946276713596,-0.282612319942873,1.01060883334909,0.656723621086185
-0.843087631681016,0.568506028193132,-0.849501827804078,0.808708548989001,-0.231270495150998
-0.0347979221540432,-1.02878584405782,0.144461096514362,0.365840004324037,-0.825107349591651
0.711093299547393,0.398617739829005,-0.583122997579098,0.110363429635614,-0.94042043543583
0.818034631477545,-0.944092883896828,0.295714314661092,0.929961579336037,-1.90221829550963
2.12262404492076,-0.505696019269536,-0.829331841117038,-0.404893244097601,-1.03690437581769
0.193498675500567,1.46520520419213,0.414084540913765,-1.30846673403484,-2.00333442231514
1.81607064165784,-0.330412817003082,0.301327662813566,-0.82783628428882,0.689210937863772
1.57243955889106,0.395902051611111,0.305151917864165,-0.446427829685496,-1.23706154409044
-0.0956704348714031,-1.40069916692857,-0.410407800517594,-1.19550084849289,0.603997066737734
0.216706643321485,0.321892786772547,-0.324899883749706,-2.47331651260233,-0.382835593557642
-0.863032389012764,-0.887752297984109,-0.439254992707737,-0.306376439027628,-1.39692572353828
0.144025100906954,-0.224677421080652,-0.30925253234031,-0.302646464534,-0.675338247203675
-0.38227362028866,0.499691492115339,-1.90394795427425,0.264006359596718,-2.12691902137835
0.321403581986294,-1.53624821958309,-0.83558094055553,-0.455896249337945,0.907756929747808
0.399443345065651,-0.695982255025837,-1.15810750866178,-0.256180503927046,2.65607134623437
-1.06262096738112,-1.79368056306954,-0.75808174864169,-0.853672009609804,-1.82557562357672
-2.3296415533185,0.232082849298839,1.41286620533772,-0.832203027868939,0.967300700979173
-2.32604360906643,-1.23701948204685,1.16113811365959,-1.21521486786086,-0.327856519208599
-1.131023281007,0.946149132277512,0.318067651209723,0.829038940516569,0.89285252716102
-0.279465308891475,-0.953391359076243,-0.296653930262189,-1.00445175701048,0.345493960020522
1.48763237454187,0.196026670347696,0.393813182472107,0.97020227110424,0.339091514383265
1.32551400932362,-0.913464950957902,-1.86818946442558,1.74488928247143,-1.51902211801641
-0.113292565484243,0.344703796699122,-0.540790477075038,1.06470146277524,-1.11058272448623
1.83919789578509,-0.895058888835733,-0.486052734051497,-0.540455357120965,0.0717496861480842
0.427812623677035,-2.28260410771307,1.03344948976617,0.497170372618735,-0.756489654932477
-0.479276095678717,-0.765207647248834,1.83987113106702,-0.0573945573233542,1.35313906516077
-1.50559936205291,0.77478186632858,-1.04726328955476,-1.54443191679116,-0.298191807304807
-1.00747346465662,0.334889424870898,0.0515095313141411,0.100887225445669,0.18952293510865
0.384560423162461,0.432732013346326,1.4651546240634,-2.02431760855028,0.0400853658466816
0.167765260318809,0.329462263369179,-2.34205458819443,0.68257759544599,0.30086850331935
-0.472619740916201,-0.26045155207332,-0.394725880759919,-0.911279740342358,-0.123904861820068
1.43056279849515,-1.23651064786814,-0.246759340113249,0.272479628706375,-0.743441815386902
-0.957850651941705,1.29358065073705,-0.146549250529221,0.552610987407286,-1.80829625499466
-1.24002819812863,-0.376564637662451,0.662166930820883,1.99576311538797,0.218763816697221
0.887925010741226,-0.119003276729283,0.259438171021782,-0.538808425600298,0.194525679705515
0.200770395335737,-0.527400856225634,0.102228075262087,0.733678674880777,-0.577602889196393
-1.13444305191474,-0.648150960822373,0.590926132784451,1.47972450130544,0.776420500305172
-0.884808957046828,-0.363626962395079,0.476742309957054,1.79304164321049,-0.230941449452386
0.490689224271594,-1.08892930328442,-0.129334915210507,-0.229828466499296,-0.378653717697943
1.75565289263261,-0.928286680026754,-2.45542988542711,1.383935781734,0.0966597525190968
-0.0326742442714609,-0.760040599894308,-0.677205956260313,-0.239872157237732,-1.51013162335036
-1.25376930637911,-1.11445642732417,-1.38711894986377,0.0880311462066344,-1.84832320574877
1.52564445206491,-0.409536317309652,0.866056108679477,0.152138666085221,-0.941637994419191
1.07985651916582,0.152236508712055,0.824546180098488,-2.50880058420463,-1.25065980106497
-1.10380562232644,0.835740062932941,0.63395751273398,-0.00131655133885099,-0.900235336080297
-0.135147978911108,2.48249625275664,0.996990096730872,-0.691026496352684,-0.844041599229849
-0.907608613598074,1.52213674591676,0.745856715121741,0.100302894931503,-0.511394846566361
0.0330369382247984,0.271346264826422,1.13593125273323,0.173452252386603,-0.896710801103112
-1.57294025689739,2.76625583570952,-0.58177325962412,-0.468784190415639,-0.493878279161315
0.235402582778253,0.887149785213802,0.679299346187383,-0.815580789957045,0.312947128875094
1.06048414547443,-1.57791410736127,-0.0960234974980714,0.178575486006306,0.581966440757785
-0.751621032331154,0.463108344556868,-1.48507867223633,-1.25135820080306,2.02080404785837
-0.441789728314328,0.635188590163291,0.751561878543441,1.57005194785997,1.79707558410352
-0.0337873940358226,-0.308880472686751,1.86339687041231,-0.176972231182211,-0.689473461217712
-1.18207326438569,-0.595735255271751,-1.23331938085613,-0.113335472477016,-0.988225253049586
1.64680203255072,0.904977757985605,-0.158614149955789,-1.54337842201532,-2.39227683797814
0.389280598379442,-0.030393088237043,0.553795842532628,-0.292399223127077,-0.87419477863186
1.20754313893815,0.633359499808003,-0.570934520234589,-0.360694413568239,-1.8897078294316
-0.216697672881377,-1.22065962385686,-0.263679161520793,-0.526912619038759,1.58502552868617
1.21768224857771,-1.02529926291219,1.07526926114885,0.403816784740839,1.33299127931755
0.987479314464389,1.25750549943277,1.08484193097571,0.176164566532774,0.0842891730576966
-0.50013593770287,-0.747595714848415,-0.849941576011049,-1.09139989496961,1.56634550019865
-0.570889582057052,0.287892399282061,0.909066232442249,1.20025073969179,-1.49705824884351
0.416404550602724,-0.0338601417009095,-1.43347079072273,0.166600909748929,-0.865544472603269
-1.08173055936797,-0.105188744418608,1.8376705758914,-2.22410345225516,0.478929478779239
0.0886586095487635,-0.253234891574217,-0.16156122777654,-1.18087462495295,-1.02637973519128
-0.463869635377953,-0.207036018234141,0.56164154197509,-0.422025419776902,1.94291953018699
-0.907106269604418,-0.638954649002029,-0.332834280586664,-1.01345742508926,-1.24391317747705
-0.213844695848437,0.225842518882723,0.34954798858751,0.526362912462628,0.480381312994883
0.42948180051953,-0.858035191203498,0.606689353224727,0.169853863141776,-0.923873700081351
0.659290950006786,0.461886123631196,0.714235263341773,-1.32467268790409,-1.64266909053377
0.190561896310842,0.356074728358151,-0.917864493672242,-0.180052329916344,-0.419975417669213
-0.45376080464588,-2.24101248734297,0.0816194985264849,-0.343205998162427,-0.189148814792759
-0.102707204068383,0.903935914046784,-1.94156809699432,-0.206907671017569,-2.10880418321449
0.308244337702975,2.0998024209184,-0.333716082532529,-0.257643061220484,-1.17259579412293
0.21962341629974,0.0364090502019285,0.168386902518311,-0.427938706165324,0.985578899647986
0.981822232287487,-0.18072784253875,-0.316618232668366,2.99623142739349,0.583334773858462
-1.01855808597539,1.75227577681815,-0.0312674655574254,-0.518435175697787,0.703919980709326
0.611063162449587,-0.438551486959349,1.37018835582481,-0.00243649162188104,-0.743468379581415
2.38316324510804,-0.00542880885964947,-0.0314267691245396,-0.0368857288993602,1.28176900404649
-0.50390532446093,-0.817408401147607,-1.05794520937287,-0.3568284247085,0.280930369801177
-0.762479057921595,-0.689171721886633,-0.974820793585429,-2.1643894480076,1.96734220259127
-1.71636464005962,1.18679829586397,0.541285891422658,0.869327612749238,1.20821170902656
-0.519883317082605,-0.267284268631281,0.158034674782284,-1.93916886556336,1.46939347808207
-1.30157422590892,0.36287805250744,1.57785090351548,0.453583081003157,0.506267365069426
-1.67325390707097,1.42067617834941,1.37681377496202,-1.53886187664626,-1.08819218507827
1.05821411748779,0.396290371248704,-0.191571504955434,-0.49513148970115,1.14217328701023
1.08386110401782,-0.471094850441276,-1.1859915814739,0.120783899999601,0.120233861929523
-2.88815068550944,-1.4591905090249,0.948447516032134,-0.482399220326395,-0.920041587727111
0.22661565698132,2.47784624843601,0.379948868487985,0.68678780920849,1.06962598321552
0.700183301965511,-1.8831772183742,1.4154589980275,0.328501945479768,0.233852217334253
-0.072687597801016,-1.19801365647233,1.2204498487334,1.09578846433026,1.87191513073084
0.0662355326505889,1.62174443120183,0.730183516787717,-1.21627037020729,0.92359886899899
-0.793275981788475,0.130738755747544,-1.13221607017776,-0.543689201924753,-1.95592755566944
0.151890417849918,-1.36246955893763,-0.703811052533154,0.0852771904472552,-0.391820107830445
1.8149403666287,1.28205823733967,-0.0977993054604623,-0.680609248025318,1.51056769580685
0.874061839183145,1.49082016953667,1.84107633452989,0.995547553171597,-1.51516126572288
2.82709022047088,1.29448226427029,-0.749238323784099,-0.430319049956022,-0.17555932432707
0.374377619331541,-0.104055409312937,0.43343477653857,-1.1168848068958,-1.74333349054344
0.459709378277218,-1.12742709798403,3.02516420190106,0.345632953376272,0.0528044977883054
-0.0894303939952027,-0.301341604628895,0.578777460241577,-1.00027420495308,0.151167851384893
0.286241136997705,1.89636446130453,-0.399643867891489,-0.589240733909397,2.28452566624353
0.945612542147476,-0.498630645969178,-0.355506594607731,-1.07890413992281,-0.430880214776611
-0.742898856158963,0.383543282843404,-0.151388608294489,1.23257640931688,0.720362984685686
-1.53669799605987,-0.911190413627047,-1.85542191645367,1.22380547638462,0.75181020700219
1.69017824167984,0.209574199619859,1.6097788191088,0.861200566074759,-0.00395116337078597
-0.452904568297457,-1.31732913629866,-0.544189417421959,0.62755192195375,0.699294923355937
0.369608133644704,0.469754324872446,0.0316141621617292,1.01604636600572,0.215314841916611
0.151839671436451,-0.884924160019554,1.08566771658032,-1.0866754622907,-0.0941566764983946
-0.0616999588429303,0.152048602528563,1.3324545421991,-0.66536374302386,-1.15556305662921
-0.932823877772133,-0.388879928609561,0.0295782345102501,-0.624558186820788,-0.985998063991356
0.641132384180419,-0.371112816745131,0.215840345644046,-2.41420212550652,0.787047330732744
0.776147635521575,0.766786457742447,1.07246645329872,0.72334700471849,1.77324674725003
0.742599138767327,-1.20535204303026,-0.623693710296623,-0.99552343552299,-1.63469718602651
1.6092409263935,-0.368652550120867,-0.333752664387963,-0.473037314075389,-0.108468248116762
0.328480329298315,0.050461190940847,-1.28901170559291,-1.32660468881899,0.302303115944827
0.542258115510018,0.769435461724475,-0.35605779847505,0.343109826552468,1.71209277612775
-1.67413003874883,2.89290024361137,-0.68008735986504,-0.51721676193138,1.614671596697
0.450800666733011,-0.611378140007378,1.32788099181044,1.04336359508078,0.0577135564720717
-0.147923140291565,-1.50557539801423,0.0588131472531042,0.396856387154158,2.70665541788462
-1.50721271682576,1.03545289982736,1.50254943977922,0.445488717651925,-0.0346094167362815
0.806344813679654,-0.0722766775435258,-0.924756502917211,1.87432557525445,-0.811324475214858
1.3021274673935,0.139336359396292,-0.208597920592096,-1.31697800541651,0.876506737330543
-0.984634989671619,0.768276539658669,0.207049783250238,0.224979483226381,-2.47820004151471
0.399767566999036,-1.77044125202459,1.04318904438334,0.0238782251703135,0.301704578571129
2.87243403649416,0.387538352703296,-1.59593296235585,0.287712804647893,-0.442469806557284
-0.470240820003961,0.363928433652579,-0.326857949753587,-0.686551782139667,0.147685822016071
0.634650216929456,0.345957126939055,0.084607709417232,-1.52312680201191,0.586939404262986
0.925688716469619,-0.205473417421947,-0.509890921613834,1.74232141858824,-2.37247898591463
0.712552938106058,-0.375619437092094,1.70237469001055,-1.74891218583846,0.927040448971787
-0.907894328824256,-0.11463210976396,0.0030346875274392,-1.57503235810963,1.01561061875014
0.807322479514904,-0.00489965080331366,0.90759119664836,-1.04727379366172,0.997857438949448
-0.287558055281558,0.0613553076995889,1.56256200495631,0.444960696775519,0.18770428721486
-1.07113960346628,1.08258604408664,0.531369627037344,-1.16429606352923,1.15553808364001
-0.0633294345468323,-1.13810974703323,-1.20257983324375,-0.199924129692083,0.056459734188965
-0.110396749153537,-0.122064143608072,-0.996405603097039,-0.283114296760782,1.95845834494248
1.83394415935324,1.11654243837518,0.936996695509332,0.835093478071443,-0.641917395964246
1.24804469014004,0.0161691928060072,2.81428112297477,0.63367882358503,-0.436240857629707
0.472734094354073,0.553788718286167,0.491580980400999,-0.297750160482556,-0.0836160806373921
1.35101337103964,0.402986542108596,-1.52353995193653,-0.00532926545516377,0.219381694149971
0.82887493385166,-1.06190752804612,-0.270658117256962,-0.261132035998426,-0.0546125537104788
0.715283833675784,0.691040931312494,1.14520555876549,-0.242489294854812,0.0420812377203701
-2.48033652035492,0.864756523067482,0.0665481014198685,2.38757912547386,-0.221858913743679
-0.884751632443772,-2.11364505977413,0.782298622076071,0.208863299607037,1.03436735097887
-1.87942462030922,-1.08147214544546,-0.524169834819509,-0.738498295984971,-0.365270345638456
-0.709504550515655,0.551630871498117,2.11403212232752,1.01524901155884,-0.574681255491643
0.177813490114144,0.794768975731472,-0.24776982150046,-0.504617907206212,0.415884480161337
0.725827476383066,0.741403319696218,0.000654582648949265,0.327377545158636,0.161022831013626
0.191418834440351,0.0832402288507846,1.79975770454899,-0.18525495973542,1.47542179552476
-0.40537785698325,0.725757262733958,0.934355381939807,1.49373272791537,-1.54942625926283
-1.24022367466728,-1.69114126194675,0.43055131946046,-0.254881376380828,0.215664222594368
0.625488884797037,0.960653383066374,-0.922803222144488,0.55449713209432,-0.42689251664621
-1.35063766913929,-1.12722645498098,-0.943449986435824,0.65528540246587,-0.559804741723987
-1.75586249380642,0.0807864445667095,1.34398492649629,-0.411505983391928,-0.7391219965819
1.13233209714379,-2.79890627464247,-0.209228871355382,0.333469932218594,1.0455310521371
-2.41729783765857,-1.48616887082023,0.663431741978175,1.43032570147599,-1.72531074863065
0.662921421538214,0.607569746461739,-1.07770602794413,0.529292989258348,0.860065687830228
0.0414830379083914,-1.34200583810569,-0.125966367494993,1.01433513152467,-1.01782706684678
3.14869384475543,0.13345502305962,0.241118005313327,-0.567308829345646,-0.82118003383553
-0.399007284807962,1.0492582240337,0.00173208944147446,-0.463347128775243,-0.0184155980875661
0.268858580138739,1.14453833792627,-0.584794495888989,-0.16700854598213,-0.0437621174945685
-0.0766171498418651,1.36199477390284,-1.29145798167164,0.117689022333991,0.0217023497592697
1.52171752831206,-0.0174584435776931,-1.30323882543083,0.808045372929035,1.03950294381648
-0.296024187144805,1.07972413980568,0.669370272168676,0.0500177894165401,-0.46789965723102
-0.820878510489108,0.751942917737366,-1.88158632193254,-0.827462386770163,1.17572813133783
0.819737558556594,1.62812666422338,-0.66313219823257,-0.293968090712932,-1.24398932933694
0.141211830871423,-0.437223366915047,-0.91438218670392,0.2032963384732,0.208536481529288
1.11091433069656,0.0544345628533504,0.159023894076304,1.52685409673116,-1.67860400580734
2.39227056882628,-0.889456089458147,1.6007782549724,-0.587579856555564,1.03230626064148
0.562522332356471,0.951341723047695,-0.537066906412472,-0.48819858474643,-0.531133517788509
0.0172788799268105,-0.877650377328192,-0.942125491288886,-0.916642519417533,0.0184718794319867
1.64652241106685,1.10467326389961,0.261690100807844,-1.11431261002621,0.357073424363803
0.853483574140556,-0.778559707360626,0.589850067985062,1.15891377395395,-0.685393336350736
0.538494704724537,-0.972079458366902,-1.56594538257965,0.977538244245955,0.467983080544895
-0.76934012414421,0.267434933739439,-1.93553350561647,-0.86572841850014,1.49618287502277
-0.796958673300254,1.08340146731645,-0.424276949570731,1.14708071825217,0.656787922356925
0.189890436174807,-1.07428365880645,-1.30007008596906,-1.02541884090177,1.32937357968819
1.64188630353128,-0.57615492491037,1.26593949726359,-2.3242399454932,-0.778769555103769
-0.655521512829036,1.12926430865906,0.82051026128896,-0.31989096099897,-1.46470482429825
-0.214011830222458,1.06777211454979,-0.342942946100756,1.05815977907045,1.12636587345683
-0.333141839840326,-0.651933545701058,0.107653813363734,-0.148101149321069,-1.2261614791013
0.39506386654904,1.39250609188049,-0.496481558705415,1.40105312949109,-0.490350288003615
0.0325451746976422,0.0552175198934202,-1.01657752630421,0.526426318373379,-0.702891015324435
0.500978134268433,-1.14320405885544,0.295630947950113,0.502920236202062,0.163320901183799
2.0166836171345,0.905160861840299,-0.16898498556677,-1.24184491338394,-0.0802041448096971
0.403609138286211,1.43063376232514,-1.08873073010447,-0.095204926953968,-0.545889790797122
0.891902703900786,0.521623754660079,2.43151994745889,-0.286634323793629,2.28556294904144
0.496580708928607,0.45557846475941,1.6519561371939,-2.1821804805324,-0.349087226393893
0.108638772704621,2.3385676512185,1.62177026702204,-0.393579251429551,0.942418147142109
1.37091837185756,-0.390773135041206,0.0908057654817867,-0.97303759489091,0.132655492521692
0.550980772119072,0.979808775510032,0.0340380365007353,-1.19566218584621,0.953908094267283
-0.603839477998622,0.956367183708972,0.50293582757528,-0.0402496320754793,-0.922542495767763
1.08469392087516,-0.299137023996018,0.135822722231933,-0.240778726631306,0.168324459268108
-0.76481180147414,0.603507064358816,2.18640065620614,1.42603183542131,-0.0950397269012758
-0.714610937222078,-0.158253270161886,-1.2136161462452,-1.31754225739979,-0.230644865251137
0.453766478351829,-1.58025267990738,-0.960904052676148,-1.13258362584544,0.450253374525475
-1.49824669014259,-0.97091470318804,1.19928121506531,-0.167099282345848,0.765410107433069
-0.72799407630385,-0.530952282909426,0.549321385282668,-1.49027917995961,0.54320423274334
-0.347442646859717,0.485504468823097,-0.654636260006167,1.75336278874529,1.21148236736042
0.928705120164463,-0.800908518597392,-0.10117545577658,0.466642945879548,-0.530610955978228
-0.422397855173655,0.996536153283017,0.705813311256922,-1.04074408290725,-1.59065256915048
0.787864904383337,-0.415017101944995,-0.400667108145754,-1.08403555470917,-0.558596091284473
-1.96856396339183,-1.22320198603605,-0.243515846316727,0.238881488038493,1.8993101413821
0.208276206536771,-0.845938056720891,0.613376124393826,1.05593947846731,0.185791266144112
-0.715790152159783,1.24737727374378,-0.176561342451069,1.05221630748028,-0.524833847543198
2.94479619927244,-0.636635708862536,-0.648726219844491,-1.12953404963984,0.520550277613436
0.674352240020441,-0.762096202537598,1.46886286068727,-1.22858539859676,-0.65777833444037
-0.21362216037931,-0.309960867174181,-0.218899022535568,1.22614735758855,1.41193884546949
-0.198178762462954,-1.36470431030683,1.5466909154678,-0.665347381767027,0.664741761398259
0.295331890295174,1.08654396577301,1.60642697012906,-0.386082098851729,-0.0827599722361019
-1.28832415365119,0.867609456884457,-0.667298648692703,-0.00289948360907743,-1.69916301379062
-1.35505566346413,0.786478513811754,0.161157299731942,1.32841835565612,-0.528321946935806
-1.23677133089509,0.790696118587728,0.224319064679348,0.392060154251524,0.469253814606942
0.317047290831088,1.41164907621978,-2.43008534737845,-0.348730096012581,0.352603500534678
-0.211040212723061,1.47775824357288,1.16709349988281,-0.81701329723045,-1.11675857010839
-0.162699902685852,1.5599960059623,-0.214265658657925,-0.219330017444741,-1.50335209504939
-0.0524083873348828,0.390138860864901,0.733531343292435,0.00259572547702957,-0.696046141357964
-2.00572872537004,0.0224719093923244,-0.612552704603416,0.118087716632317,0.791751733807082
0.425261481667652,-1.23018726866228,-0.212745386052097,1.76405103940068,-0.0353876221632396
0.153490840666207,0.740924984709504,0.555997023894917,-1.58318272231839,-0.0320143781887163
-0.873504508418928,1.57553212331585,1.54357603538551,-0.296377348278609,0.293886024698944
-1.85945364341101,-0.256835784514834,-0.119883702104753,0.699973364005871,-0.00218116678448038
-0.0439535812820925,-0.728881590291152,-1.93060406767486,0.89132597953987,-0.234734909920151
-0.99898655378263,-0.521532432031723,-1.63727272560784,0.412771826927588,0.0136942208489299
0.748105000829464,-1.1620250146302,0.703203475911771,-0.471565856251956,0.127038299883703
0.0344325399353437,-0.4137327067569,2.33769165865372,1.4543778137773,2.31238751761751
-1.18450975031071,0.727002409376807,0.755394639502533,-1.75271622818415,-0.388013128854068
0.0881948662736447,-1.31609362410406,0.577591657154762,0.848854632819099,-0.636631086936479
-0.947890172252309,-1.88718114560045,0.69514330767869,0.926526667001057,-0.442404390236638
-1.77960154708415,0.368159278201321,0.489363230828845,1.89910045039789,-0.92022823556654
-0.654157030437663,-0.718178313128284,-0.737868778508432,1.37653864049318,1.36642560918414
-0.795787906156971,1.42615413263007,0.601141140422583,-1.38183904497724,1.19037436346626
-0.479494562329171,-0.258896164212957,-1.51011847310377,-0.0628140025691865,-0.375945666066369
-0.611111936356958,-0.450632193152028,-2.39680391376938,-1.67013668813743,-0.0549048615433923
0.478915291340512,1.92314088950243,-0.107820403095355,0.169845554560076,0.878764304074004
-0.242692490230324,1.71654575446398,-0.840183973343795,0.935247527120317,-0.841498718818357
-2.61963494445798,-1.35044257722784,1.21109485147665,0.422487731447549,0.626633182852148
-0.180513534188837,0.298460563922945,-0.948880423125166,-1.09142297372419,0.0748095513258665
-0.592719035713046,-0.859225572617386,-0.378692256318312,-1.47813644166166,0.440919867230569
1.38000748076135,-1.29169592067084,0.342303430861507,1.78850116467395,0.89549186001769
0.105709998184099,-0.997339073144599,-1.44163910573979,-2.71868379346193,-1.48513106391851
0.024010511107657,0.993400728234923,0.173210724106583,-0.585331744536332,0.444149828285593
0.700980570831164,0.566973093720995,-0.181080972179221,-2.93159519197366,0.543714161712191
-0.552276159245574,-0.885074183787363,0.195263476937766,0.578725435280898,0.325331331418277
-0.147608629551886,-0.424365926894775,-2.29912231419852,1.97256725155677,-1.50624269292014
0.12036796262357,-1.18863764344368,-0.501079745891616,-0.137485045790005,0.814183804736746
0.093840125166273,0.0211566265244991,-1.30998190573801,-0.196335906935031,-0.423829936220911
-0.331349164230722,-2.88144791762175,0.495250939480147,-0.0141770319461761,1.83648418611779
0.409731687089661,-0.25739414049608,-0.567782904966115,-2.19299557272438,-2.78734529511051
0.0293229120463702,-1.05678563715992,-0.901289362751769,-0.107495398636143,0.529084416346693
-0.101672764227396,-0.989470008102291,1.87834217224842,-0.285153820944812,1.63666338619958
-0.362280282113514,-0.306046943074497,-1.20637512408871,-1.244907514688,-2.39170619094143
0.141490462466151,-0.28803976913634,0.26282667896445,0.434596432015962,0.639494607869956
-2.30822418921444,-0.947875546686131,0.564813774134475,0.193436022185216,0.458015167299493
-0.295313130910388,-0.60947734501248,-1.43025424509388,0.0409434013886445,1.02207391125759
-1.23636765650441,0.806502153212535,0.57725392220463,-0.0248824987695585,1.53765955348856
-1.17739252053118,0.166995190634685,0.912657165916866,0.513515029196911,-0.790636793650698
2.67703144272864,-0.845975079145606,-0.00630667965592278,-0.0849620148254258,0.917073971430055
-1.38142426105561,-0.381942882458886,2.01739567864303,-0.465626585752327,-0.767295080883471
0.62227834284664,-0.106783292123052,-0.718235262927181,1.51514964401881,0.8736448571567
-0.59023191507723,-1.35520057587234,0.269738032964675,0.0990054445537261,-0.0712935932872326
-1.4493058245311,0.26123564317498,1.92132173193975,-0.16390631114286,0.842014646855085
-0.284550215042369,1.31661402637048,1.18798674090047,0.303777007027686,-1.0026982974552
-0.214684397206433,-1.45005692938921,-0.000186626203388929,1.25127035423955,-0.275040215222412
0.396592316263138,0.0957975835970687,-0.924064897455152,-1.31148068057783,-0.99383597808269
-2.17921197795572,0.0313357608608244,1.68628087772373,-0.259911321934486,-0.833209588400112
1.8035187287196,-0.799769350734863,1.71870438603305,0.807099102462454,0.334459118374044
0.139594991457676,0.00835170118198384,-0.601230815754475,-0.979397875950688,2.38598005004005
-1.41319860112779,-1.30024319979229,0.178901765854433,-0.297903852313579,0.29619405069799
-0.917688790161401,-1.13992968327131,-0.908605237215111,-1.08924578172823,1.07444989954066
1.34028782305633,-0.958053733567986,-0.778474987818257,-0.648567869148837,0.863788705585551
-0.412927855116309,-0.403433486950427,-1.8245288053249,-0.0889228618357257,-0.778235258918043
1.26547695856074,0.975542005964557,1.69668941622633,-0.70397715805469,0.709936415783743
-0.571730855521229,-0.720730428834296,-0.795833567982489,-0.254886137497871,1.42077680053214
-0.0228219450093419,-1.21459390714256,1.29173112846082,2.24999763103113,1.59515887120478
0.31663225587105,-1.58368071700379,-0.298144170053625,-0.24260814574612,-0.38198947575155
2.1084865608119,-0.48994164590815,-1.24856136506602,-0.114989053341668,-0.62592375150411
0.393050002912974,-0.793598498752587,2.45035462928118,-0.959630796018257,0.269503567959273
-0.652916677623734,-0.42845044908157,0.46337784684868,-0.914330642171962,0.319122788615826
1.81039417550216,-0.596514404310202,-0.288464289562471,-0.685956202553427,0.310418294269802
-1.12499202921353,3.29851685951837,-1.55472201214516,-1.13446745038194,-0.222675789971152
0.0098278979899085,-2.11428875688604,0.0202242324493229,-1.80637475515678,0.486433754085807
1.75273779671205,0.502180864322256,-1.19069297666492,2.70912333459183,-0.125613734114595
-0.687967987845031,3.04722332552425,0.104561788007973,-0.984822601949857,-1.09904690959733
-1.84994288828474,-0.182074751985819,-1.22299159000629,-0.998912121894471,-0.998864921309566
0.65109435083267,-1.32381371421519,-0.00635506268956048,1.72191586410065,0.637134680297882
-0.565214066211138,-1.46419571055213,-0.872978000172807,0.00126531616278833,0.491953224500065
-0.277548642006197,0.138505195296241,-1.65029069774028,0.0665111001763513,-0.426116527528592
-1.77367477640493,-0.310701246000458,0.762907510784633,-1.1824214436612,0.275074090966319
-0.320354376241061,0.0326205448697344,0.369690630122805,1.08538649824106,2.19974697266057
-0.891941718560102,0.39929796682098,0.487870758625207,0.332081497765768,0.426368160909634
2.61974920544928,0.222163941742829,-0.173942119814348,1.46841378141459,1.23679058119846
-0.630904169832603,0.350700788892915,1.16466253421033,0.496928692210246,0.836530453789106
-0.40584206505512,1.54782628610793,1.18545699858326,1.6795334607308,-1.66759558098582
0.415955173856331,0.973643520003251,-0.452328182574439,2.4772376247665,0.981379578974485
0.445653779825675,0.852939668435662,0.705446610931939,0.751283892680808,-1.07671724481004
1.4244301489392,-0.696128985463859,1.69599476849052,-0.340582477597128,1.27367709896001
0.183373683929566,-0.904428839120392,-1.30610929443928,-0.974490890640652,0.340103957732128
1.41421823460462,-0.174369741196564,-0.547397708876935,1.10529599563395,-0.926281540037274
0.0393091671852443,-0.391787997091718,1.39503680363066,0.211893209915233,-0.23415874192148
0.178010363497091,2.19353972354385,0.0853960519329887,-0.515431873289839,-0.030133751967659
0.761786651433711,0.139378734636343,0.445284199328147,-0.375524932651265,-0.228345007632737
-1.05503499620783,-2.00980354027611,-2.43181435098943,-0.529870899050559,-1.10990566603592
-0.223619840269677,-1.19575756622343,1.03490704555121,0.0917837450520358,1.51253284437878
-0.190522360766111,0.0862325420926173,0.130559896925211,1.10406399466693,1.36682333048454
0.648958881125391,0.111491129074381,2.40564458819416,-0.849956068137187,0.332537465694041
0.972141025491079,0.993954007545525,0.931268634492521,0.214829199592402,0.801990066961233
1.91743903336844,-0.198776328969284,-2.6042366410572,-1.18338449247744,1.13725047369152
1.65677103155505,1.07994455741427,-1.36947064635894,-0.554379290944846,0.143272607650378
-0.96039105312558,0.1721963536662,1.86310579495828,0.325482374394663,-0.0854257760461619
1.82527691456743,1.66894559181751,-2.35553143899077,-0.798740023691155,0.862904440654303
-0.646267263365916,0.496457671354913,-0.579116439040978,0.214180008128435,0.594457324866629
-0.155891312459626,-0.251705706358486,1.80081713824569,-0.0922853863554072,-0.681396295747727
1.90720672026409,0.66237159357795,-1.88986043182903,0.0650491280750745,-0.0380019943784687
-0.851216843811069,0.596011362562858,1.22581243755183,-1.99153055628922,0.986653466927097
-0.86405693414505,-0.710251197006149,0.145966815524872,0.923885756928422,0.885065691371728
0.0222514023942315,-0.120317554899294,0.0820569387803808,1.81889977455201,-1.96846521997409
0.675857639822873,-0.992357262684639,-0.0965203704597447,-1.4109108729695,0.307477318390735
-3.33505791674,-0.399811862768569,1.95952785020064,-0.0135136011051002,0.165507096592327
0.0359721698340589,-1.36480064614981,-0.202590849726911,-0.990859313476448,0.286078947446604
-0.548331367006076,-1.72645064043426,-0.450402755061674,-1.22818589759139,0.675876787111462
1.89466120937383,0.830452109338508,0.503555484532115,-0.593850450809007,-0.538255695247226
0.250723934385053,-1.70304376871409,0.618912456400354,0.216616065646653,-0.239906837404889
-0.883201817034304,0.894831376174138,-0.4838348971924,-0.322803858115415,0.28032575304071
0.743951705754492,-1.13041363918742,-0.243227041473461,1.28932852939064,-0.0377019792522683
0.347072326289387,0.746781854152703,1.18037989462385,0.224286788371617,0.198637653629383
1.28584862530291,-0.609739378448232,1.55090099870068,0.72863705668359,0.532674352191532
0.205115089902589,-1.6123854351167,-0.148491066345476,1.93453983695436,0.820978385919486
-0.533320034865344,0.10346769517622,-2.23405011242428,1.19454612138611,0.00952123923913059
0.778278204336246,-0.218592711572561,0.157120681195567,-1.39897443526835,0.495885706123962
0.939234974919055,1.36793590223315,0.850523614168307,-1.19665125947759,0.467883389391513
0.664205272118908,-0.0341286195668596,-1.25935518896133,-0.0692872537511824,0.341339804068156
-1.40603441825473,1.37484624598507,0.0808922708130392,1.2667746640594,1.00652302236672
-0.377949727132052,-0.472320663722966,-0.475494438647088,0.339633378847268,0.544199712945415
-0.957585689549928,1.13695689905181,-0.433672812165229,0.105777173048306,-0.547181296768294
0.842179427633624,-1.16987078905515,-1.6270504075205,0.311097637655314,-0.218037591003052
-0.0368857954721532,0.236971243114462,0.148172511994723,1.16047724670518,-0.371140762104593
1.11113584127293,1.92847426557308,1.18051637481981,-0.225352268785208,-1.69489000465207
0.367062764586252,0.492979978795784,-1.05077810496909,1.03321609155195,-0.136465507116908
0.0813860368257088,-0.326179238298846,-0.249228285817709,-0.122267788072131,0.505433676228819
0.973608709620299,0.641462274994166,-0.432788439104664,-0.454955253987682,0.706171969291002
-1.29366861481589,1.19819133014065,1.34157074322089,-0.655895404344669,0.320553094526234
1.6994733744061,-0.0664058200748814,1.414910506977,-1.3911618188639,-0.0662416040864245
0.48836031877354,-0.464973334477316,1.61221209232505,-1.76400514341982,-0.115850283228974
0.728706402785662,-1.25213422640741,0.453522424342789,-1.46516825606379,-0.183947483112907
1.75030838192172,0.76176601772129,0.0459915077838929,0.118718213608286,0.67749626836483
-0.789410352150412,0.911224177077977,0.874028576260187,0.180877938141055,0.306082743219856
-0.816522146197278,-0.412625756873637,-1.69464275323049,1.48646833434823,-1.5560296342713
0.402528381431381,1.29771518630066,-0.586780395107792,-0.225892900571387,-0.376555190109346
-0.759274162898516,2.09277360562389,0.566439573593066,1.00971056620097,0.283403882429212
0.294322962957436,-1.63818237668852,1.46671770591835,1.20692381449452,0.927065909495099
-1.69898033850653,0.863744684752193,-0.730074341422715,-0.18580100085684,1.8500129340516
2.40908618093813,-0.365723905902069,-0.19724283671371,0.723098782687118,0.356551809116914
-0.813671749295096,0.418924002686004,-0.51498991183065,-1.08083623431119,-0.819693807847389
0.285070478187918,-0.156924272375956,0.93960588920607,-1.67103581857987,1.22062704011317
0.855870760667096,2.83405445007736,-1.26328381018707,-1.84724265516839,-1.94686008417837
0.253376104197768,-1.12237422297062,1.55709740474852,0.422902257132224,-0.380719119534072
0.452441634164564,0.898117642952426,1.28681277268783,-0.111309636368346,-0.561589403409885
-0.333206158510817,-1.37949217424571,-0.591342678897929,-0.569985124236018,-0.274537125374977
0.787331751238263,0.187221820703626,1.06820835958932,0.441322417517933,0.141666568242944
-2.41993036415882,0.11089717841809,-1.17346679256454,0.902672658976577,0.405502900294605
-1.91420843065989,1.58287128843036,-1.35095847943126,2.19250488618497,0.189819844224402
0.706752686344993,0.782063043520242,0.67401023846957,0.972951846530071,-0.314367363344098
2.70592054761525,-1.96827601585612,-0.537016575488122,0.41911583461489,1.24699768440258
0.561471057217117,0.245347050884078,-0.536333885955801,-0.0468075982703089,0.483733733527753
0.284669913651841,1.22098549469612,-0.444237825854593,-0.308658038228774,1.13283109491203
-0.547705665145393,0.0875779445619215,-0.470686435765445,0.315816485558262,0.789464694509343
-1.19850511204608,-0.31801957009397,1.69682998322413,-0.323052304818457,-1.55689908310242
0.55219556959729,-0.644708354441155,-1.98670400244554,0.103929033113791,-2.57447995489274
1.81456089072841,-0.45894928258631,-1.24790684137027,-1.39546621538789,-0.361958668270788
-1.85441881686641,1.10775050246138,-0.848305283167119,-0.278528463911854,0.0410359201147783
1.5075998302586,-1.2268991162138,-0.989112932401279,-0.309598911945822,1.20049719804597
0.388394251579037,1.77959825770515,1.35344612139081,1.10062638467527,-1.54247193975889
-0.857628848142291,-0.729326769558105,-0.345910747928451,0.34440767709066,0.199091580853704
0.451002439758055,1.05502361892738,2.56682055262099,-0.73474462847862,0.851771231011024
-0.419921465420229,-1.06282708976758,0.449152813674709,0.301537415242056,0.87029901639676
-0.387921436231383,-2.22648235434942,-1.17826561628238,-1.43237565842926,-1.86751596764856
-0.589403054223684,0.116912604048266,-1.8138290440695,-0.714724270481378,0.921239710603513
2.59232197669977,-0.538449346527459,0.458600082662803,-1.85145134270767,-0.105236861142937
-0.531479534821059,0.986105637529569,-0.494741056451755,1.02631043122944,-1.02604076362814
1.30610106286991,-0.253715932154678,1.35413169954388,1.54009876742195,-1.40966520766276
2.25772404823191,2.42925552375496,-0.406332167027744,2.04501577707201,1.02166839885011
2.06523663409129,-1.89496369901752,1.20057809853748,-1.13125972880354,-1.20800777183828
-1.33229693274627,-0.649758375103974,-0.835824051781022,-0.17845061991358,-0.30590790519527
-2.90646895976726,-0.447969306290143,-0.126548383790199,-0.389911939145199,0.411360335676516
2.19731290829482,-0.137664621483163,-0.0184944158092126,-1.12696075209021,0.261936910095282
-1.47306336681995,0.323860470925497,1.77740132132803,-0.981812187403015,-0.416750561380993
-1.20503144354392,-1.05766568672164,-0.479830590522327,0.965134488105884,-0.682681486123587
-1.14885102953033,0.261085194773415,-0.211294624115099,1.85311164392125,-0.34486034951015
-0.327716669133442,-2.31437671025881,0.544964324382987,0.0992870405751754,-0.103089701281119
1.93580668340824,0.602360738422155,-1.69947767777957,-1.02429165157763,0.48715148664243
0.95226419243877,-1.11284584455923,-0.118958911301593,-0.277164809561237,-0.384966328409012
0.334774298611248,-0.684442090754365,1.51540240422996,0.23964774016598,1.36843030281675
-0.194819960449846,-0.0976453150162967,0.599607050820432,1.63402603306927,0.510949206087671
-1.80371818401022,-0.641269445326443,-0.102817945842789,-0.835208941553836,0.461599303452205
-0.372655945105644,-1.5763162436415,1.30188159166911,0.381835104503293,-0.342797565688206
-0.709501003531189,2.85107116216579,-0.429030018819895,-0.225867978935992,-0.734301779152688
-0.869659958712348,0.250467860062653,1.56404415484312,-0.0518490522341915,0.961548845164665
0.696150134049238,0.7291825146734,0.148642667774215,-1.07709772629643,1.31589461438643
-0.312341564866275,1.61064642001977,-0.528169874845692,-1.3819971856703,-0.826344996384323
-0.814913815402458,-1.23188557936706,0.349380420475036,-0.916708845249354,0.422005157615233
1.22283883087299,-1.19053023841889,-1.08416849303011,0.487171534706801,0.768984989485887
-0.105011468369892,-0.958145827717565,-0.695186256528638,0.361945950787403,-0.638285041922046
0.364812408693748,0.48079761793881,-0.113979139001677,-1.24460041086697,-1.49189525906647
-0.972276850076372,-1.31365568121929,0.274118724866471,0.622693067397047,-0.99630131784728
0.633914698361701,-1.47875399277532,0.140025595894698,-0.904869158118432,-1.01342158409212
-0.682582925237598,0.424617991387593,1.74850366849395,-1.72423027370669,-0.833017238296738
-0.554715273869715,-0.218175193370705,1.15897255741632,-0.648983109779233,-0.668745313553701
0.52555407777847,-1.88747543940123,0.152040691133153,1.60194527340444,1.38319155562719
0.157029598056116,0.624831152124683,1.35238628211445,0.30391695727075,-0.498080241730985
-2.22758280683087,0.811931950430166,1.00363927522805,-0.234306015328429,1.0992794469045
-0.920332809431059,-0.809956472435147,0.792486928706511,1.47868107742347,1.84416531564989
-1.13663818341143,-1.18953327670175,-1.46880501569627,-0.820919295848265,0.374242315350375
2.18516774919036,0.268147580654297,-0.246408729096819,-1.25804898200646,0.684375688680216
0.0379802351153215,0.646441001371569,0.837551756161303,-0.851064935143128,0.890269294378507
0.93356400174908,0.226611644758739,0.744558072358212,0.531302039390229,1.51764732344114
0.39963086589638,0.862301991423521,-1.05650129958237,0.472190605541618,1.0189074501905
1.63255471165196,-0.350943192750728,-1.06142408092322,-0.880516653396608,0.124353292028446
1.0599293546066,-0.556970213237566,0.0273984418151198,0.198590104552954,1.24634504200127
0.671414118867373,1.50324715629944,1.41700095621451,-0.339104320457949,0.364777241368229
-0.543539395660184,0.892408469537872,0.433490151795621,2.13777558670488,-0.065560677834233
-1.08008560713638,0.131620802379298,1.19193629621017,-0.741276610864389,0.0048252272936655
0.526272875981722,0.248042284283652,-1.27430356272174,0.854076718959028,0.358990852648759
-0.489658603178496,0.338970546789577,-0.215482578154054,-1.33197911020084,0.0934883878838648
0.300783571528799,-1.46334359268443,-0.317841795277754,-0.342109779375135,0.363124400476881
-0.215337094924643,-0.0274755028001868,-0.243476427755156,0.340295705353201,1.41280011069542
-0.653163430924996,-1.25848176107396,-1.09705714803032,-1.36066029221661,-0.0129580683539244
-0.500154107469599,-1.34704435631772,0.16178420793322,0.757987044535026,-1.92697661425968
-0.93518048556648,0.261952661048629,0.726306246156455,-1.97268377532935,0.3217862539501
-0.715855027012741,-1.51613957376183,-0.954964794194754,-0.97714283443473,0.45813491890818
-0.119335025145309,0.954310057021697,1.86005461114971,-0.0399257638479102,0.383446759628272
1.22403744555325,0.0480477438142827,0.373264029568812,-0.475446997433844,0.295217974606721
-1.62766072297401,-0.0541318966442909,0.17696336469652,-1.5694970740561,-0.782976825507581
2.42816806959196,0.107633258515861,1.0883290943715,-0.698058200173081,0.14981339405166
0.784447113605998,-0.0821304708547418,-0.622623110270715,-1.97385382990287,-0.485354008835872
0.281548041965244,-0.787856764707343,-1.99591462354418,-0.0606261893862041,-1.10706489529536
-0.772660021560567,0.83008622202898,-0.658346241068476,-0.738645124338471,0.587831899048813
1.23507319258682,0.291900906468248,-0.674585528752771,0.989348983846822,-2.27651664764568
0.243927153690966,-0.403905278716802,-0.274621118313578,2.42333539642828,-0.948115411095213
1.21966058687527,0.274287571710757,2.43794913464302,-0.908583950939939,-1.76013415162583
0.102764453736933,0.558226509445661,0.130715040106027,1.53018495035999,-1.94413998488446
-1.95504430667103,-0.353273648080982,0.33753304157992,-1.30103985001621,-1.22780432246195
-0.91155047256554,1.02101702159948,1.38634883978262,-1.48914428209944,-1.39612313277618
-1.22963543710477,0.0575090650930842,1.89107623118785,-0.567755620556724,-0.543231576755203
0.769883993194815,0.310885284473294,1.21415731958927,-0.119837807081557,0.37770982116302
1.89171917562135,-0.383790855157338,-0.608648464662985,-0.142807316347919,1.62142516466602
-0.413883916124207,-0.0690234662727719,1.25518358824173,0.171729072086732,-1.85456364604805
-1.80326166186573,1.85168510814909,0.215991789153554,-0.296373951776264,-1.2934752585447
-1.38277961492986,-1.64788950505901,-1.65917580911878,-0.0256700338643518,-1.46095165510913
-0.0759182405058181,-0.607647495512685,0.296415869521046,1.29481378996494,-1.33511410367357
0.445367494189432,-1.60473217212719,-0.175703783838519,-0.373244185544876,-2.19023870924962
1.21643002684167,0.319261548548794,-0.454259164900376,-0.667009649898899,0.641406996896101
0.830441165097935,-0.808153063016609,1.05703043330662,0.476904642852787,1.38040307743416
-1.60875098253984,0.930294247475714,-0.952364471473987,0.470602393374748,0.852188780910592
-1.89270199175547,2.04470518854361,-1.27245849141672,-0.256008050405254,-0.0609488170534217
-0.371025733032083,-0.468574473072669,-2.27627060263553,-1.27343544381042,-0.572047005118863
0.912177595254014,-0.540932546343056,0.208331992175204,-2.54600294564274,0.100571585186634
0.279107019339223,-0.801742001937007,0.467198338693258,-0.478514778586494,0.203024191287729
-1.55290191313534,-0.6402207910081,-0.20429384057542,1.31368929358291,0.632157487563462
-0.367128423440679,1.62526393371603,0.483609302711264,-0.705072007458133,0.264619053982879
0.763316109744491,-0.319402766177749,0.983939603363985,-0.820095984077152,-0.138747399403567
-0.0735226851033205,0.461738584861711,-1.61783142314134,-1.04658239096356,0.986331324597903
0.835989549717531,0.941450782434393,-0.379285595253018,0.909326173343123,0.117542390860071
-0.748381955821758,-0.167352287438751,0.0692753196274229,-0.782223737000372,-0.269185370871966
0.835950833229992,1.52740002015379,1.0178726097064,0.43998933422222,0.71752724605559
-0.555058469820677,-0.760615963339034,1.03008758730739,-1.58626483275506,1.2903840264317
1.95730265235586,0.246726962921672,-1.04795063809861,-0.67401132567077,-0.698807189285304
0.029886596178092,-0.882121363415341,0.824779003961145,-0.451727738722824,-0.23904477320429
-2.59949477341163,0.892940904215777,-0.344229696822953,0.773310758754816,-1.6076672325458
-2.12894115506415,-0.387579889043471,-0.489012095996263,0.568902831143309,0.696370445600528
1.13455691499601,-0.781861007401897,-0.70192370833605,0.126110636217943,1.53402267585205
0.60889455941569,-0.738071670657358,0.0984184255052937,0.412987417963013,-0.587536732730225
-1.33299647184714,0.706133617667542,1.41346216809023,-0.914101902886383,0.164701395708471
1.22741377377756,-0.333313555540528,1.52111179301987,0.987950994058427,-0.991087318491353
-0.396777551365758,-0.0164598117171496,0.434475715425582,1.64136417106132,1.55370109287515
1.34688628928613,0.720120623386269,1.5795652567849,0.409947383887921,0.482739485774763
0.0352206804094179,1.14055021481445,0.0923873822110546,0.873799676571868,-1.51231352822523
0.549925165818252,-1.47402303786513,1.61950357700974,0.0444489027471257,0.927897506284773
0.601857038081729,-0.749588050424343,0.132382698371265,-0.217506035166124,-0.982777797356113
0.862637462445698,-3.61764059165575,-1.5084714716654,-0.493116265419905,1.36175395520673
-0.535584678312459,-0.146515671688848,-0.87892056042116,-0.817153967436308,1.4135246251843
-1.26549247337507,-0.634463890177328,0.148103048655266,-1.40834488986538,-1.36592936770311
-0.528941064857672,0.158060568114601,1.64025532525958,1.67832123572338,-0.327136514037746
-0.387258318319295,0.609762077458386,0.522779864586971,0.153482652447569,-0.00155791734314733
0.586348273373581,0.508710949641598,-0.555605193382702,0.942495885235417,-0.55128743069499
0.383537608061546,-0.720732562126247,0.206346233481502,0.797008608912981,0.936393616548119
1.05831170172559,-1.92960744062994,0.152125726261653,-1.44878061092825,0.17018632106833
0.371363643125552,0.31105846900719,2.28617083211735,0.0203047246646779,-0.331953939487781
-1.20979173344562,0.334970001497831,0.634362705851098,-1.65305326593201,-0.737855981993643
-0.440352068613014,0.602592923839551,-0.215386102572118,-0.887541297408818,0.38277964781776
0.18622952162909,-1.67554331746533,-0.403919212882231,0.37509212232863,-1.0473285042725
-1.72070436500228,-0.839244815374678,0.999498152896238,-0.193636185329159,-0.99614608792409
1.22063093921163,-0.491912892508212,-0.195671260946179,-0.391921471307071,-0.66721960944757
0.963683280905882,0.445588425959268,-0.360284958577294,-1.62438245272185,1.4347196956114
0.972240414668169,-0.986941437271662,2.79436429370015,-0.652059799163912,0.00821148589761172
-0.999366969254398,1.61717903521692,-2.12905273541442,-0.326694205323342,-1.69147415938321
0.181077070364736,-0.122391887787947,0.412407348605684,-2.44800307397339,0.000201600310102529
-0.0105610050251958,-0.722850892151484,0.0739812268513622,0.562490574788392,2.53812443521304
0.68603215965116,0.841095543722075,-0.139712408090389,-0.883082487571704,-0.397706768712833
1.17526715665778,-1.72596891326938,0.364519201351107,0.58397877479661,-2.10606434540309
-0.00929822085972757,-1.2745299074112,1.20899114646177,1.19386124481244,-0.59999478483656
-0.13354138022935,0.843738331508699,0.911433002219988,0.797619267330431,-0.489143163554955
-2.53825420110448,-1.4372794887469,-0.052997047191665,0.499062282665542,0.37194264126975
1.84718399500455,-0.20774783586316,0.943763272855821,1.5410839669243,1.53917936328462
0.0858083843923115,-1.21312840843836,0.734475570432071,-0.228339318366832,-0.307028857615508
-1.16047989052865,0.0650600914184321,1.37956647724358,-0.853070445614059,1.76485914476605
-0.0769377100621495,-1.17681641121895,-0.0274774813862634,-0.401481778967874,-0.638772325300267
-1.59032022904855,-0.660578244635735,-0.132707861291793,-0.907299841344439,-1.35064691039513
-0.77073475132653,0.263806563629799,-0.191528012389934,-1.15791939936006,-0.177028579429941
1.57031352441167,-0.517860523466801,0.268760659110606,1.30905214798981,-1.36219863242837
1.15074211827885,0.37768069085228,-0.348179899124471,0.0894986949714847,-1.04615691192844
-0.125932535612318,-2.01053949812073,-0.633534912317784,1.12620913598711,-0.508042650784269
0.466723132256491,-0.133046321105028,-0.266285959795968,-1.40072952708637,0.0508873247305082
-0.164389427574005,-0.238611976044926,-1.75105055383754,-0.617505609891118,-0.827752935415117
0.00705065075627626,-0.302647877202694,0.628417503004987,-2.15180776956789,-0.166075319343962
0.0546950806545259,-0.405368070964936,0.146488131868058,1.53690535010793,-0.352375074647093
2.07413772983486,-1.78158017694471,1.18904975925625,-0.673680681484619,1.51203591036624
-0.576668978436854,1.16717772696365,-1.03422088797396,0.0137719960910094,0.191422516853787
-0.232631060498558,0.08527854262276,-0.0354289983589136,-1.99298414874478,2.89650709440781
0.967257065959949,1.00529772466794,-0.442443042349113,-1.6942740457185,-0.0904516603095543
-0.392712237785376,0.62305156066986,-1.23699105087914,2.07164774034831,-0.081059542424532
-0.273870681114646,0.936162556875326,-1.42534552301291,-0.164053721685379,0.746049029975361
0.573274099111123,-1.23505814619738,1.60548643353729,-0.778886905934857,0.436278906506302
-0.271083901606634,0.648474270927795,-0.39533338911507,0.257320374944909,1.42581283259368
0.0493676697697791,-1.40503289462506,0.238054522401104,1.29476111380527,-2.35687276052009
1.00330470384105,0.0872213562645218,0.258465332836567,0.328173066687328,-1.12675054028708
0.744925803620323,-0.483629408210027,-0.510682780769066,1.31969409030703,0.251322774869658
0.0733543590938782,0.373404459765092,1.04827021077808,-1.46395689724679,0.69793158603753
0.653297473354631,0.597458278818847,-0.425953037306694,1.89098900567159,-1.22913729137702
0.867899283619448,0.326511854159356,-0.254978221416769,0.149555845036508,0.318004379372824
-2.56174647945402,-0.581157121016753,0.705420544473592,1.00821978644874,-0.957148871344457
0.229052050576587,-0.717442240805159,-0.869316054244303,-0.98671759265844,1.62435788965328
-0.877179357404748,-0.358112775030145,0.701906685576949,2.05912032813118,0.936615878267395
-1.1267235269059,0.19608838178006,-0.6106369569163,-1.18451292641587,0.175785387130632
-0.558966392841094,-1.75548601183056,-1.15706937584542,-1.53682047963848,-0.341532015580692
-0.587196863715861,0.420107742919853,0.596184724976061,-0.180785527524831,0.384039569251472
0.812372839372267,-0.964779662961518,-1.18680761718445,1.98516374131895,-0.258043098244968
2.55266735132422,-2.61272111705076,-0.575047374470497,0.155001950563326,-0.982280917690062
0.792324106000629,1.61040132359101,-0.615118590120861,-0.290108516865235,1.0394649101703
-0.58131785100252,0.283322223392197,0.394098514669162,0.753781243555469,0.720590093240377
-0.199061767943167,-0.713959202885954,0.192027599165821,-1.90881707873478,-1.36856085087504
-1.35368573873661,-0.00783758481598332,0.595566949027196,0.637915714134737,-0.401320394767027
0.219267503910642,-0.0330155238512697,-0.604804494279247,0.722676041097185,1.47995564791901
-0.483848490431143,0.367477401024777,1.71128919404264,0.895720261043592,0.970021924735819
-0.874388085792203,0.851665651512472,-0.512154883925331,1.47656888333328,0.801041747071528
-0.657848829781517,0.0705280823929805,-0.842237049750597,-0.571420266912502,1.34622989978955
-1.30500701185643,1.45626524491103,0.603907231920847,-0.322591674299333,-0.0632606153056353
-0.375596770856993,0.662251006871392,-1.44501466445643,-1.36719437472973,-1.86000543363569
2.10755062328636,0.342932654316086,-0.0856849981916119,1.51203612032778,1.29689941841788
-0.211960391888378,-0.477036870177421,-0.177485227885016,-0.369647113607259,-0.976093643220614
0.529023044121317,-0.192938071324475,2.31422300311222,-0.949087670096867,-0.966786356845349
-0.0510296030063358,-1.0944912922776,-1.88574121583501,2.73323416059738,2.03641156070457
-1.80305189772607,1.52986278874585,1.04546116381776,0.647903072785077,0.138675531646174
0.310055304674096,-2.07766372991688,-0.212486551851675,-1.82370924839911,-0.465838705450203
-0.710867141457626,-0.249277188761459,-1.99977957662506,0.241198872951399,-0.997330878779959
1.67424356045412,0.872564721420344,-0.287931150861029,-0.349864130298557,0.408075602868721
1.45022271739091,0.433213394464968,-0.520022764455034,-0.966909859892636,1.27841757883989
-0.361239344971307,-0.207683682637004,0.330677882314172,-1.51507627008392,-0.605933206411524
-1.0250991266896,-0.456431268645168,0.404319506306768,0.659508548420883,-0.202062062799186
-1.55473692435795,2.75564295089967,0.0266431408383463,-0.504010619040191,0.634330128606283
0.38069856883184,0.0423124602663297,-0.738939792924957,-0.237189769812417,0.308762638490521
-0.176159680210839,-1.41947700681886,0.00132898119700147,0.753901746565728,0.220383597713563
-0.136844962048332,-1.29663064902629,0.24404100370488,1.03927247168422,-0.733514275509296
1.75286897879568,1.44998264850469,-0.0280205620327217,-0.0829356020006105,0.196672829743781
0.0664783574988538,-0.490833488209587,0.742191013910608,0.392404095898034,0.00454819795587162
-2.11339926848578,0.937048989368062,0.597583621466835,-0.110837439038374,1.30174355634634
0.901349207437835,2.65884044962269,-0.909893118643419,1.38097067558245,0.352689598304559
-0.580029869391033,-0.4782578931145,-1.31550549347431,0.337409509134891,0.665831885546413
-1.98505157692258,0.864324701011418,0.178480894826332,1.09307191716463,-0.248114400003715
-0.818035818629276,-0.22907241826129,-0.305689031630041,-0.709512221190983,-0.114127972822091
-1.4608884316192,-0.968495867707443,1.27436544881163,-2.03356380534089,-0.450411971226094
1.64340161461198,0.101790512478364,1.36939856149371,-0.264186594658692,0.769377615129447
-0.111731610663195,0.847401149028462,-0.292060279869067,-0.668690544418029,-0.420986865588993
-2.49440962449271,0.206496589618317,1.31585897851596,0.403541172441641,1.69723942275424
-1.41013413348267,0.147508100271611,2.08248536369506,-1.24300239219686,-0.899405319561223
1.14012501855648,-1.13948222003195,0.361926992885679,-1.11944931838986,-0.481361301476551
0.246193158423804,-0.70152517060888,-0.00796690854572289,-1.41463570578643,1.27374470880968
1.45314137427175,-0.399991115607505,-0.221904556567739,-2.23235617791222,0.0460242301222476
0.965398138501232,1.76918885324865,-0.470149463437753,-0.904498484164727,0.605790380393665
0.689604229696798,-0.524788520789683,-1.01113186661775,-0.822516108173775,-0.530287542911504
0.0731021705504907,-0.220193689928981,-0.537066702570206,-1.10391092314566,-0.0777000427438099
-0.348995754098275,-0.190553720833945,-0.479671843533224,0.966350570184456,1.55435456311065
1.44885912937198,-0.0199497918183535,0.245451522894775,2.14628296155408,0.123802099327735
1.16491135746437,0.26339327208111,-1.17882383278229,-0.194718705445163,0.427018945167479
-1.24775346016451,0.0635185615490723,0.719874839370217,-0.215118248061435,0.521398510090125
0.559068064305443,1.61353997626714,-1.92137450518695,-0.355717407111698,-0.200808098549965
-0.521415099620304,0.529572580334444,-0.263072685532791,-0.836750535479447,-0.224691772686296
-0.205354287831155,0.465817461638551,0.735232840371076,2.93319446675559,-1.81545296508961
-0.0633438869437994,-0.85174107729286,-1.07021217055909,-0.731241555394127,1.12181584905909
-0.495121708108443,-1.48280786471587,0.443279966881921,-1.49746472345456,0.32472015701927
1.02172031185273,0.128650493986106,-1.35001284244544,-0.655417180436508,0.288922538451657
-2.2187295947208,-0.827695743349128,-1.76161718378525,1.33576834371914,-1.59234414422466
-2.03182025658491,-0.851009062565719,0.77734158575961,1.35549945624503,0.561027082827189
-1.15768609457451,1.40714566027658,-0.757787147946661,0.299613978084979,-0.914646973568101
0.244006561643259,-1.36204681034675,-0.872300315618695,-0.640672890004913,-0.193251331767842
0.399598591387301,-1.50126402668637,0.616218787537539,-0.321457063720965,-0.370105251541437
0.0955034680094939,-0.812270910197804,1.63358914302891,0.677448255606144,0.369436665718761
-0.435991574527906,0.453281553790184,0.866080598159093,-1.4366767893133,1.79321703832354
1.03216010844646,0.0999368518314462,0.689042246155496,0.140130891116654,0.870261810304026
-0.298741486412153,-0.851649314602947,1.58384261267002,0.786122170407814,-0.280357496581469
1.00060654232567,-1.17254506133892,0.108347747759296,-0.518285175259232,-0.8467481889455
1.69184451896327,-0.0625626895985453,1.34995548605443,0.787616602586722,1.15337737475488
-1.21583191281578,-0.0460106995460992,-1.40191862495525,-1.20751134436526,2.07963543930774
-2.66109203133735,-0.494802240844211,-0.493020261411836,0.12234668074118,-0.130513384151679
2.13933468777172,1.29374563635074,-0.27510896558894,0.566683311268169,0.671133113021834
2.15716121665973,0.354202051752817,-0.947168573859248,0.413320004265574,0.257430413574058
0.954458330886345,0.476645138374076,-0.664520151459059,0.553086042527967,-0.486309024695274
1.04627396292683,0.430042027605129,-1.60312116933395,1.19971737592383,0.566563745860841
-0.1385363366182,-0.0380247870537996,1.75738307188487,0.085332046051134,-2.23501880987669
2.94213611217765,-0.500084766199275,-0.0134211362421382,-0.413276934071876,-0.639104351311336
-1.18470467680831,2.43730505362989,2.46194594695925,-0.376646258250867,-0.267228869941259
-0.997761405910001,-2.46806241094557,-1.35947072154945,-0.78051265896347,-0.448031642766727
-0.399359358551492,1.03543230990594,-0.435558992052506,-0.595855119585124,-0.404475027591223
-0.683869945320892,1.12678080640198,-0.196862577616019,-1.15351627482287,-1.15821167691149
0.670583254212046,-0.467016120841633,-0.532575471395638,0.146958448848684,-0.26131029288614
0.276647362874822,0.362745128244454,0.587273405682593,-1.86852772788185,-0.757320390064071
0.184566382307512,0.565355931224902,-2.10592466787617,0.184240882870034,0.204616328517058
2.19855162555533,0.651969091756508,-0.267580477757795,-1.34816434893413,-0.731337034263049
-0.725314116716806,-2.47149698446904,1.83579003852225,0.631303977125528,-0.881285187155136
-0.59071737228752,-1.2757444736382,0.014508984036997,-0.539393387565011,0.8244042704717
0.0850280985242588,-0.372400381966237,1.63540405363336,-0.903938393793269,0.100677500570938
-1.18261594995072,0.563952111853402,0.65999003765888,0.0758065054392614,1.27346525745903
0.89146069478659,-1.25439792350956,0.967422760500314,1.1992361283793,-1.29091879464783
0.433972679396078,0.8495383051139,-0.2767922385722,-0.48713006807651,-0.269553747602432
-0.0181624449624875,0.551844695056757,1.08068892626764,-0.901157828046242,1.38448387547465
-1.48920912950347,-0.096093299665133,0.0632134821288727,-0.857500259276276,0.251840696827689
-0.849386689922933,-0.014643920157453,-1.33849851209835,0.859186860827093,1.55211031397565
1.39539847343861,1.28429172386363,-0.655582597375708,1.13531695738939,0.590374849879327
1.12896152148018,-0.379758250127409,1.83999628604139,-0.052458876711216,-0.577899090188287
-1.02549105317083,-0.829110479463834,1.40946256722512,-0.202876746171244,-0.151823197682348
-1.75265979351148,1.22678577255582,-1.76838701833032,-0.110850674951065,0.681716015163653
-0.576033396700296,0.607636966865831,0.816191081611509,0.831750241776229,-0.447332335788272
-0.977971223863313,-1.01822094881071,-0.293687002598633,-0.381043856478866,-1.06853480337254
-0.872729647031856,0.997232052763055,0.330238559646814,-0.355885905241968,1.32204456741142
0.279511879300989,1.50673122493249,0.10161417802913,-0.741577899091754,0.775554845882736
-2.64315514706927,0.553402094451236,2.15342711702131,-0.701682890406828,-0.54315617350453
-1.14158545636245,1.15887378112353,1.67031211292731,-0.513871654644734,-1.27795722395853
-0.693877462061981,0.384418526138819,-2.41552345885918,-0.563150600338973,1.29000054817033
-0.453073276360568,0.63600364277585,-1.59411010249583,1.60403561834751,-0.46944750032605
-0.0174051651966757,1.11280231550084,0.36482096459182,1.82334537563861,0.853026398129663
1.12620037480629,1.13845079337844,-1.69169076811486,1.07210149750716,0.672310030276231
-0.165244193459645,-1.24343295266924,-0.291011536459446,1.05798180436891,-0.578054000015217
1.69226671000069,-0.907890636843735,1.19337669710206,-0.25635668504206,-2.63587494646445
0.0182968270995798,-0.752913752745847,-2.49136140956993,0.259390462967544,-0.00483406629982432
-1.87684060448918,-0.0494364045006933,-1.73675577476367,-0.19013539227219,-0.390531616149541
-2.16150702138935,-0.997404986888697,-0.652762279001001,0.836607066006701,0.426933275777961
-0.758948725837333,0.57625661690354,1.10896769071342,1.58785099375587,-0.478211113608051
0.38995450944996,0.601393268131738,0.492453505908537,1.10615596362022,1.33495826940017
1.55581243964044,1.54299165916615,1.2054020592367,-0.757357849471519,-0.837942695113688
0.899436390612595,-0.941432845875314,-0.292414898840352,0.10444861838792,-0.193776667350598
-0.281152364553275,1.55299221510633,0.328451294482897,0.308478021635456,1.20064202750287
-0.16382658292623,0.239817105271087,1.87322914779836,-0.970123667613596,1.00035849507084
-2.49580954731215,-0.0243341943611867,-0.197769709835376,-0.0370805916142099,0.145114045857103
-0.48413159363207,0.136315517051808,0.178972564691683,-0.806585794045186,0.717305544704479
-0.665081470925671,1.14226798882267,1.11584983196937,-0.377170791983595,1.43094603708733
0.103217309174645,0.81184153598605,0.81595611205782,1.29350634552488,-0.455014986007197
-1.41219434871051,-0.909290903101799,-2.42208846545531,-0.693418656872691,0.257545378192401
-2.30501619459168,-0.19320060549388,0.243522974339229,1.29609016546691,0.591917428332124
-1.37582078393012,0.917970034216375,-1.86086298741661,-2.15215468676624,-1.27817529667486
0.0351468176751817,1.00635771474072,-1.96954634689918,2.2472813953968,-0.484979662297315
-1.64200591303716,-0.718246054859819,-1.7495335424679,-1.14381165224831,-0.335280195219611
-1.78645631988636,-1.73745846778356,-0.978234933830663,0.438641754150174,-0.520327765567597
-2.18434906011976,0.994567275081307,0.355904429356037,0.168271560258427,-0.633951009359135
1.25238253490044,-0.708150403076352,-1.40243182280822,0.354836903803676,-0.810312255753011
1.52425864966559,-1.74274510310535,-0.43563394260802,-1.99051572822321,1.74173816768109
1.10043371064417,-0.360860587454006,1.44739827966503,0.814250543086393,2.20500648242021
-1.2749991756044,0.047576520278339,0.385000518455092,0.705289634495947,-0.535459387940571
-0.0285810993529434,0.671591973754578,-1.69361986820283,0.830334684193079,-0.506740057385401
1.66458768887756,-1.854464054953,1.47121348770499,-0.366785022131575,0.144279097130044
-0.854088086234243,0.912305827912065,0.822212093577131,-0.168599487611421,0.563349740072839
0.45165973414608,0.880664822989336,0.463559272706173,1.22032299703535,-0.706103745377002
0.668145293519553,-0.763125720782654,1.17436587106978,0.38768177153596,-0.533478304250964
0.260866499308755,-0.458384603085682,0.36730611458474,-0.645010424165361,-0.0552324788391853
0.148883368573879,0.84157743980874,1.11951135746594,-0.998697205678427,0.192548839403889
0.640817197775679,1.8112543098324,-0.312980251269024,-0.107813628891601,1.05118011558617
0.678508295043178,2.03657274368069,0.239221848835044,-0.177320356416059,0.935757074041912
0.00234009907583308,0.259655834552125,-0.654217809147891,-1.0884663035656,0.944348127490281
-1.85284497331496,-0.913112518096238,-0.317401795277234,1.11881791626774,0.093858206823231
2.86823740522251,0.511347708464299,0.794159298376589,-1.70601005455231,-0.343820875899586
0.943866903087955,-0.218397685925201,0.695891946531657,-1.19931049102944,0.28728535422699
-0.189949832731528,1.45217745507148,0.275717554289469,-0.10590673294081,0.965165797096675
-2.38436362103756,-1.44969299435981,-0.691837879733561,-1.67064409271113,-0.510903484371192
-0.609186167454368,-0.583157371562609,-0.394058038179686,-0.303062734318614,-0.613609179111808
-0.774906177023934,-1.78422047006983,0.430276046998426,-1.95150591252113,0.488200518462598
-1.16851772789074,0.893803262270362,0.102736361764055,-0.870942472824806,-0.562873739609032
1.06417391058464,0.195356227552817,1.22118760900372,0.0230839291580097,-1.09319434995059
-0.3164061755079,1.10442384617871,-0.00292263665938778,-0.445288428954799,1.33419005328183
1.56497994899703,-1.4409506121605,-2.80239873751905,-0.310625419881602,2.67904227086163
0.164579922483078,2.45712238222847,-1.24606430709081,0.688613301205592,-1.51500680877336
0.628232614879461,0.799127885838549,0.235589849098497,-0.388981930340201,1.07816565263534
0.114712924630628,1.16285651497301,-0.489499104252181,-2.21705447605054,-0.651070894774516
1.0204498151074,0.667476333589143,0.714642414615899,-0.11444264061412,0.709573300900854
2.424642203263,-1.28357871241326,0.751037178698731,0.898155924567817,-0.269819505259338
-1.44050626117827,-0.0388399395390283,0.25869568306782,2.28353855483292,0.498363473622239
-1.46089058781634,-0.7397039614057,0.0989645925515028,0.872291738665736,-1.33849153521034
-0.775061908997813,-0.0198541217002349,-2.02597791239896,0.168400374576808,-0.223124974914638
-0.237382051146281,1.51514655285543,1.06031045375835,-1.2701070473419,0.744530027782776
1.58033656464907,-2.01215937203712,-0.881123825153054,0.298972199399501,1.71692596150299
0.0373359595060128,-0.00764109199012028,-0.109969110778517,1.86732312044611,-0.724170336242601
2.12783806694453,-0.629949544384149,0.724085406992569,0.342408213787559,-0.586775014304437
0.100362468192641,-0.398229099492623,0.610748827029924,1.7690325920061,-1.55821099194024
0.998061464641726,0.686206615665354,-0.488557175414731,0.315552337628111,0.887955807930679
0.544015662463357,0.424867885230532,-1.33625312109145,-0.479963749155789,1.17160677109205
-0.198281600447324,-0.533763647959074,-0.287430379487604,2.03624767340879,-0.68449400301324
1.90264715301387,1.83348294529065,0.428660444841031,-0.147269630976721,-0.850291226350228
0.582856366292703,-0.96861477756581,0.978331950443417,-0.537020746698345,0.710699127383309
1.12673054437727,0.390137597831739,-0.324995656901826,1.27494968318561,-0.993818476255388
-0.144036637844986,1.3501232971657,-0.0140312430975557,-0.36105500144847,-1.39225408804755
1.37154823052268,0.677486826419965,2.30535719682696,-0.185955233823559,0.791256610977094
-0.97967225568314,0.595816878393195,1.46901804085486,0.453717484192297,-0.808558452687363
0.735472924039379,-0.0780778170984335,-1.17375375764572,1.1423057625602,0.12023525658099
0.359143666008416,-0.553374463231496,-2.08142133495635,-0.0450833700217965,0.909982880335033
2.05783509338809,1.33946906140759,-0.120096986538944,-0.0656326198143502,0.625738427870201
-0.17310108568439,1.61186799156565,-1.29029690368251,-0.417943619333242,-0.271083321385817
-0.663242144999432,1.27165347597435,-0.791766037785602,-0.799904517305516,-0.57985309016451
0.3393347416852,-0.303107802773584,-1.46055950132852,0.355660400921386,0.220610575072578
-0.793576436784725,0.103552304334621,0.682780153151921,-0.307007731875089,-1.42332885280378
-1.72492843281312,-1.89473333886759,0.326041437754555,0.502463644446034,0.858875458447224
0.538562165499835,1.63155857845723,0.2117218137955,0.178920136389709,-0.127558256855267
0.0500102227426177,-0.560940904026716,1.12050156672329,-1.22009083342109,-0.00561253848370169
1.61729094688222,-0.865130747498069,-1.2110237939493,-0.378820581264562,-0.659424462309765
-0.659856966839288,-0.0263147488332612,-0.986156357348271,-1.60819774860311,-1.63592459092871
0.711706900033583,2.3460427564022,-0.252153926721056,-0.752023978927938,0.53314073256101
1.59568508133673,-0.588946758889414,0.537071254238615,-0.939946967777082,-0.321601476096684
0.436957060151883,-1.46007068390432,-0.571296505032464,1.88293343128436,0.144032157523204
1.10667247836347,-0.730951997305422,0.62450179050346,-0.685336300537519,-1.18555001380142
0.43139041500271,0.0863972466044042,0.840548642921057,0.948816750188055,-0.796203206126609
-1.45916410090904,0.489023299013887,0.78560177780892,0.0294201424380911,1.67679515983944
-1.21709142907044,-0.95901811205474,-0.953105881128361,1.26751040314295,-0.258127278573794
1.09649845452734,0.173828760217268,1.28946882895289,-0.27251721271073,-1.60089086580042
-1.30208985106122,0.232094158143549,0.686589593804393,1.46392338975197,-0.4060014526752
0.0271587017886396,2.175167391543,0.0543356105909099,-0.695277288060126,-1.0914658073566
0.294981063340128,0.789070227240519,-0.243038806225634,-1.50301397781415,0.120994851040537
1.32546424656144,-1.81545469103208,-0.34439979194055,0.316838752425388,-1.04081767623758
-0.21693682596615,0.11454817757124,0.751914342253327,1.61284231645703,-0.439453980525922
0.254144944418155,-2.13181498771468,1.36797997556726,-1.48183129829535,0.485272625190488
0.714180915573449,-1.02897501781372,1.62985486963919,0.376460831726231,-0.434715415592115
0.54196858360605,-1.27213044383736,0.643670138217806,0.395473182723089,-1.48749949466193
-0.647520187241567,-0.938322771662727,2.1633328547569,0.365594343699068,-0.789810720660532
0.992937076934822,0.879117164503687,-0.144053826014184,2.51319894754327,0.247857983761999
-0.564726515560955,0.451179138560402,1.9023137782116,-1.94141482161795,0.481334379428024
-0.316275940152018,1.76326453144858,-0.954362383130943,0.145890686492434,1.70775553431199
-1.27630592538991,0.455766697394209,0.652816567418847,0.0856112202636218,-1.43994940094881
-2.08013439971916,0.460259837453438,1.17495828703904,0.666254836979638,-0.133673436530089
1.5734562272757,0.708248685344215,-1.59747120005645,-0.683735142440457,0.431914332385113
-1.51212983992562,0.56619338899057,1.93796950849121,-0.345069375694979,0.747152193151392
-1.0266382829224,0.550733284520493,-0.145248373103194,-0.000259075159040538,1.1159614352725
0.285455016203193,-2.07400495845716,1.63329506718546,0.0544436928793646,-0.8655111175544
0.681503504619804,0.934026354643142,0.315243870781028,1.83175055416109,0.804687757755389
1.83610995691718,-0.914083594503554,-0.57216305332363,0.347720205295924,-1.34105323381124
1.63130962395492,-0.232173970743833,-1.00662684040217,-0.611157543602826,1.03655654752051
0.258126041345643,-0.130254594910831,-0.0548239117874132,0.584432483350667,1.69667004601469
-0.657210222531751,0.988056054102098,-1.17548518739272,0.568959014262988,-0.375398600010139
0.886652382192403,-0.654015059746051,-0.752238837933131,0.373249714160506,0.412462156991678
-0.813392776775755,-0.392030224063112,-0.648628715060658,-0.353814604641753,-0.507548111381506
-2.09913000491788,0.287822760024929,0.219513783451825,1.35187619045332,-0.0719031368447048
0.256142210698922,-0.469160298286912,-0.363978229780755,-0.916737944950975,-0.0588259489294319
0.928524422551444,1.39422725407308,0.0170379460964248,-0.723151072328042,-1.30073766703676
-0.107108002217508,-0.520145984175399,0.231527828335582,0.383678213891788,0.188022677148065
-1.54720841257514,-0.458978441919097,-0.111341111372287,-0.662613775718597,-0.886158223353452
-0.430904594473602,-0.621901766053727,0.26005167447615,-0.186615934919555,2.67513622541409
0.0729821240530963,0.081797356048433,1.21135999738088,-1.16066014489867,0.125718281421521
-1.0750327889551,1.68067936273796,-0.587226321171293,1.17347165497648,-1.60875039400653
0.0941451440346336,-0.800352065647137,-0.0453493388495231,-0.132225060886771,-0.110859037163242
-0.740828980799019,-2.04740503998917,-0.00775969665787215,0.101909717467884,0.890319843936105
0.200664458788325,0.213663524909396,0.833432630310649,-1.17070826992221,0.465402680596949
0.532037103095459,0.561712444858133,-1.30757833441841,-0.674455214534041,0.144349714832081
-1.01144146507228,1.27672570052553,0.58590169242456,1.31591323181912,-0.606444274491216
-0.404247341506477,-0.222438752832807,-1.10747906676411,0.157696495660674,0.100319920048694
0.8216033438854,-1.05075080929334,0.0234949101527394,0.379999320964,0.946246224441373
0.590803763389337,-0.338152650017117,0.330319717298326,-0.327848985568179,-0.543085738888267
-0.608929739359584,0.0178969375362108,-0.420985058989734,2.01857292459926,-0.610751468778608
0.00292521146993608,0.406858914165629,0.790530220527873,0.864572591857378,0.865276498999771
0.513467147848473,0.504430270303827,-0.896400378787111,-0.726967431602472,-1.5280184314026
0.30819212356943,0.987266853267872,-1.78907762557471,-0.659233212177575,0.241654516588161
2.77606416306165,-0.506983313076738,0.218098283245507,-0.705780729393036,-0.218916058929897
0.324963199239951,-1.23584960798651,-1.23205417332993,1.13597914730791,1.20457048169304
0.839136185153735,0.943805530509713,0.0657886311656509,-0.170075099412577,-1.35686159324706
1.62001265761918,-0.975293675585046,-1.54625944993088,0.0686833795820841,-0.368277540878715
-0.798217111977411,-0.611623095183218,-1.88745341680587,0.772364353574159,0.61343759307697
-1.10894717514228,-0.268148330326317,-0.7225447255717,-1.37691780353997,0.725204417555522
0.433272000477524,1.63313685821596,-0.625640000668878,0.785849696818538,-0.281943117239857
-0.00844335140895609,1.10432743905126,1.14621280386613,0.88622042768343,-0.0747858909039074
-0.154175694738893,0.938410544727194,-1.08082181188106,0.804421334968773,-0.798442006628273
-0.358135489885504,-1.64348738587966,0.741208108814115,1.44736271983877,0.274846967327248
0.772062311980959,-0.197811775404641,-0.417181600282663,0.216207635667546,-1.68089987720964
0.0888194160207793,0.955909235786598,1.44342694132107,-0.261205108661028,0.762076764949414
-1.08861314922447,1.49311818074477,-0.416986835530176,0.156413293078413,-0.912333845522101
0.330375808103514,1.28117278018868,-1.24456796143032,0.904532728981512,2.34381904563817
0.238444705471556,-0.980637120194109,0.262330212392741,-0.977069557763065,0.187841685835805
-0.644090702407768,-0.592398178861633,-1.52815640603005,0.272459512438189,0.41341495540499
0.457744031798199,0.89028221610938,0.109831669685648,0.354832243110015,-2.17049961191768
0.428969541509936,1.08795845964289,-0.409064487230732,-1.47235864748342,-0.292953517186201
-1.08108029725727,-0.643794124084827,1.18346026436993,-0.345547509219122,0.927733650252151
0.900899907981612,-0.240433014206587,-0.85066063695526,-0.728878392679777,2.01250240455681
-0.31112050434754,-1.23226353931966,0.140243644136165,-0.422295934451113,1.32226168094739
-0.0571623032815987,0.196666749074529,0.555961703239492,1.76977516405054,-0.842046405923534
-1.22404983653224,-0.897515707283268,-2.00574707733381,0.83725158305523,0.0408586747070132
1.16875899306945,0.552011757157229,-1.35520837005967,-0.892078315158229,0.542385948233348
1.05739622069167,1.11709909086813,-1.26878524888217,1.09854249014134,2.13565132605146
-0.928886879941849,-1.30685352326687,-0.841881629317791,2.03335636118501,0.668114272496307
0.952987940209284,-1.24632522523587,-1.16855948994033,-0.99768489716369,0.627815693808106
0.541825992617421,0.552680126747895,1.06520253656855,1.29494758447854,-0.353810156080871
-1.24025235514159,0.713065931056698,0.261765470167283,-0.429436373402379,1.5174230530572
-0.400912773038428,-0.896473884341777,0.197934140341095,0.992719427772372,-0.0531665029905026
-1.2836556544921,-1.33614673207283,-0.557843670682202,-0.0146888537075718,0.241745773297324
-0.293165677877294,0.440349785571539,0.505425116060392,-0.760630803889841,-1.29626399470527
-1.67569355965805,0.0519583833764075,0.818907506191349,-0.744529081350687,-0.872762292116426
-0.287972100814917,0.813423159095662,-0.328503304226471,-0.256935140657767,-1.10576898195142
0.441182578312795,0.547717880778367,-0.495081888413573,0.913379052871376,0.348897493457723
-0.336600937390169,-0.854602757840952,2.17976391009064,0.69527991695112,-0.323348477606507
-0.120823784043503,-0.118037321994557,1.44091007253519,0.0676883445670443,-1.17652243171218
-2.19498429503209,-0.827029454222115,0.686414615750482,0.699358647974057,-0.962027443722469
0.862901862995931,1.47309083518396,-2.51307175739122,-0.567471847918781,-1.58319314363191
-0.456247918921973,1.04113563286907,1.95828701266688,1.19624130079338,0.0526314257896226
-0.316577228043866,-0.664064067408338,0.935074485085558,-1.2025664594547,-0.504571798823051
1.04729598089574,-0.458316309197212,-0.331481744664659,-1.69936558519129,0.269747313106774
0.105278389743266,2.29185512799266,0.722426103796812,0.558442994475014,1.88584528260979
-2.62121418935796,0.591634290157785,-0.651252423142445,-0.712890096687109,-0.164276537012428
0.597445712706847,0.460483715406365,0.955195917724327,0.392412104547826,0.328908395237636
-1.32695770007283,-1.43044925612451,-1.28944894269473,1.35536870415251,0.499386869185766
0.174132625647347,0.467786064335942,1.32778143891488,1.19883967639775,0.0777857673107564
-0.618221047107276,-1.12974391561882,-0.737005396427466,2.01064472304268,-0.315029401440572
1.50811745925477,0.312174110640254,0.690123757021778,-0.597682292911544,-0.174938184084474
-0.830410506518391,-0.538167182336241,0.316953869069956,1.33104391770925,2.33018435757078
-0.0325499152834528,-0.801310934463184,-0.506350975936381,-0.576931554500469,1.66817268783249
1.18012236301646,0.250203420624681,-0.614760352112813,-0.147893676719257,-1.25443592998139
-0.816379329553308,1.02634924485688,1.59982047920979,0.811349316051148,0.0948496911778259
0.464308947937186,1.80785573500112,-0.120735945204304,1.29064120903527,0.431960745457734
-0.248602593434664,0.423344205834303,0.599081958647454,-0.672260026906959,-0.893873860046544
-1.06977868991253,0.0179261425386451,-1.77508874054088,0.691374840210142,1.46452569303838
-0.690673430293279,-0.798910025456989,-0.362167477417794,-0.942092986641599,-2.08435373836449
-1.02619600910757,0.675237784809111,0.126746783268164,-0.537410065921497,0.149447201007876
0.00987266979479208,-0.108194077925427,-1.07227016415107,-0.445159224504028,1.07283662956629
-0.437191325310999,-0.76372513027179,0.237159954871681,1.32555613788736,0.153802641339975
-0.94230122629924,0.888495392707575,0.362173920448289,0.877010384041986,-1.63623232807982
-1.13256597990236,-1.03999983627709,2.326979787456,0.554078934176897,-0.154025541505635
0.787722023380276,-0.00823911242473033,-0.577234563291513,0.833436294282435,-1.3587519931076
-0.374731699058367,-0.689171221964782,-2.49037807705291,-1.97723171119045,-1.09404368840083
0.955427464935768,-1.70018036545623,-1.11213186927025,0.262776497957405,-1.64599480300322
1.1433164326462,1.88696186286078,-1.71786109117047,0.708544509163985,0.571753595623423
0.443472819222047,1.93262367239811,0.044939906641126,-0.813260400573637,0.141458057544554
0.805305687048489,-1.53390025816345,1.13938138074671,-0.453510886367435,-1.19486579869111
-1.20843351294718,1.51035361258353,-0.819921624022979,-1.09920088727309,-0.458663534027847
-0.254995303750741,1.55669199558591,-0.775921171953027,1.03448160640374,0.849787577814194
0.269958400445098,-0.078187578107839,-1.02221581048397,-1.42548461875956,-0.790256511079484
-0.109044549671779,-1.90910473119784,-1.04211737361793,0.14365132361899,0.502389451823701
-0.922560588957109,-0.484633264100509,-0.569164339349456,0.433434362211558,1.4966019249343
1.18498792816992,-2.68415135191658,-0.821981724960895,0.37536585284831,-0.780091873483642
1.07327316930249,0.895700431873437,0.647024940298488,1.48199032918779,0.848612010247587
0.648376781253198,1.56107936287094,-0.819340210665504,-0.303375903488805,-1.37062378964213
0.10146688336821,0.635986004698118,-0.672614615455094,-0.204164710511079,-0.751790354634224
-0.814599236388657,0.392508302851067,-0.355532061002895,-0.0350366118450715,-0.484106518753685
-0.457920900721556,0.838945770407809,1.3157622661758,-0.250340441270732,-0.874379172132335
0.178318345468046,-0.197211681616032,-0.36905762427203,-0.383150917974147,1.14452863807021
0.358227170304699,-0.273620527935082,0.364368677185705,0.0863005931652261,0.204639846446159
-1.00906384558006,-0.748866707679084,0.562312420910056,0.461387160270985,-0.24060428174265
-1.31516450632147,-0.666119540662727,-0.490937800036076,0.254140933166452,0.870767142978539
-0.368707460954634,1.4337773064748,0.812765874990714,-0.856748802173245,-1.89414739009724
-0.0329813673240116,-1.1768250446844,-0.47001370161617,0.700546866006727,1.06107139218106
0.913873008418875,0.12557437847816,-0.118583973684943,0.961950579782144,2.06186547447405
-0.996514211767414,0.770416114288792,0.806918303077574,0.478758678163256,0.151185226572328
2.26430222768143,-1.30617627698534,-0.701207584128838,1.80024693519972,0.911739138331028
-0.771185679267072,-1.61745199408845,-2.06901082284377,-0.304631713806566,-0.969171454961774
-0.619114261199067,-0.630146876184371,0.0316169226817313,0.802732195438746,0.0937124865652652
-1.34219716840709,-0.248047641834893,1.22725816107475,0.638318019460252,-0.940968144779272
0.0632901539617006,-1.54406892918659,1.94011713056895,-1.95169680661146,-0.448629818553508
-0.0977316230632618,-0.630304500555045,0.377960892588942,0.942827539610736,1.79125576630325
0.88523500007071,-0.138795111896686,-0.353596044350765,-1.58261972600496,-0.184125724565864
1.11681564570787,0.691451929397419,1.44394028936429,0.88830302701549,0.626257599222634
-2.57361203462855,-0.990893519201325,-0.387101085778765,0.769245307489912,0.148930636669778
-0.644111207451022,-1.72016496477217,0.984591315214816,0.599660200308404,-0.18039385186597
-0.0035293870686018,-1.40370295163318,0.295272636846981,-0.838036228255962,-0.38512256145185
0.0117303516482149,-0.918906144551639,-0.319586550290272,0.184098619171135,-1.43901736756472
-1.6816554013749,-1.84005240736483,-1.65753799458728,1.43491226875096,1.40159282447835
1.74819943912267,1.33908397828807,0.917479509319925,-0.516977014070592,-0.106977382841821
1.62293600684694,-1.51389717182519,-1.29075786733988,-2.34943763758141,0.581226090277813
0.431956592265402,-1.01479980737584,1.72454394080393,0.824729284872621,0.465079801025257
1.1460458595826,-0.463486574300655,-0.247126848566798,1.88039090358206,0.497008252045608
-0.573583126496011,-0.379471732840078,-2.51562084526174,-1.26173965007865,1.19155613299596
0.459927610608074,-0.0598254803774039,1.28015636509904,-0.264595784302282,2.62464566164287
0.47663007375092,0.544551904939781,0.226045374736145,0.667280941465209,-0.645236573683875
-0.977929965774246,-1.8437660057721,0.329109926912787,-0.745566819376599,1.25749671687936
0.54758677964856,-0.208292312987971,1.6729998887789,0.0102931647086947,1.62906317402749
0.548372794223655,-1.18635171761811,0.264511514044883,-1.31867169960084,0.2232639849494
-1.57736573615552,0.369675273406394,2.06961002686972,0.0229835153311945,-0.659246435959472
-1.95031307012924,-0.688579683157303,-2.60449221352061,0.231254704269193,0.929374561243393
-0.649695688620879,-1.58825513718324,0.584860140562212,-1.1672668829187,0.24464548480302
-1.90554130125936,-0.673726771456421,0.577903376354213,-0.386694645942534,-1.69107428470551
-0.551819054262406,-1.91167433472658,-1.85765375346461,1.72747900767348,-1.83286987821598
0.999957675577399,-0.536087051631018,1.003225881389,-1.00439773217813,1.94798385976181
-0.7593983899663,-0.0466294938506852,0.965669331327285,-0.240710440669733,-1.01298467130775
-1.12614171067512,1.25134232698821,-0.610820690742013,-0.435910743640125,0.341211610106085
1.93994044429113,-0.934601025209415,-1.44062621708509,-1.15549876749485,-1.04562558899979
-0.579657364429845,-0.94603519864849,-1.2684838458127,-1.61586385139507,-2.01970855781839
-0.135966365880506,1.68821415963893,0.953845452838355,-0.275114005691726,1.14511887316158
0.65108376574703,0.172822372779272,-0.435141635091188,1.36084786665272,-1.03618867477785
1.22642581946464,1.48320682128157,-1.01561087622022,1.3813391663993,0.0562190637569756
0.754406091474048,0.0111042379711672,-1.20161225134435,-1.09637737050131,-1.60948653144068
-0.325745573714987,-0.646071574737808,0.65266216313365,-0.0826045725394181,-0.707283819470925
-0.105833337941359,0.225226355794492,-0.977507104966502,1.63688784549515,0.377289466752481
2.14500110288822,-0.449833027052741,0.0597721771703171,0.207073814717936,-0.14305103658365
-1.27559442366305,-0.329409502332646,-0.604479330977827,0.906063155059203,-0.097219046812806
-1.09329775484417,-0.593214792329434,-0.540768162613258,0.17145882845261,0.687877822638769
0.496235823570882,0.465456806270768,0.661493774960253,-0.391116725704822,0.0555698391724291
0.25358837643163,0.493671977102269,0.00110456982072243,-0.972680232608195,0.622291836373116
-1.60999223093907,1.31253022568365,-2.7053388672049,-1.20492618384769,-0.569075045965551
-1.41311368386185,-1.06260964086116,0.678693446102227,-0.248661098153023,0.136582874262438
-1.68203364390829,-0.345494443198306,-0.0921199484990324,-0.68108653076985,0.983991933718451
0.840412258232557,-0.49183128553024,-0.808949088157672,-0.262033109324019,-0.283085594445885
-0.986099921275106,-0.862068379514865,1.65636614562866,1.58951669188211,-1.43889189542797
-0.158952959604053,-0.946160702528123,-1.01867696088524,1.0260577903094,-0.40816153408934
-0.294624401154677,2.15898620717274,-1.94475176407302,0.232866356161753,-0.267062218499073
0.0835662594409469,0.627152048768944,1.13751734840673,-0.889970180286937,0.616849740929986
0.183369545843853,1.33823784000782,-1.24420354714343,-1.30761178520931,0.0169747181973825
-0.221765585785186,1.02982776871524,0.783434448148649,-0.911103261759272,-0.651079719836398
0.31044207956772,0.223246548302055,0.0192350789223101,1.11354338746437,0.805967923351122
-0.648777562733845,-1.27001329642896,0.644361797394309,0.115393838775773,-1.2317599878757
0.655088420056699,-1.24069111469921,1.48581595550493,0.979527814800518,-1.65496368694669
0.27899484331602,-1.15502160174822,-0.381400351269687,0.215710203116683,-1.95204990205905
-0.491981337810804,0.166444586625576,0.337403073797288,0.0997443683612639,0.0601804264413459
0.0779950064949585,-0.694454520133943,-0.346085167381066,0.50442733031106,1.14556062353286
1.93797794223601,-1.29355885929908,0.0718129641367179,-1.00382046365342,0.0599341251910819
-0.648805827956788,-1.30216961434238,0.19622739129122,-1.35724818221353,-0.301061881912048
-1.52447378130349,0.50470161943178,-0.712998558742539,-1.20829802335705,2.24585820638962
0.574071487382233,1.48124532939621,0.951901990233595,0.510367575851178,0.905988809565834
0.726423080728315,1.43530867727552,0.999575780742426,-1.39594594534903,0.195636904881502
-0.249808055697478,0.515198059573105,1.25312001203808,-0.19117032476299,-0.500008652190874
-0.041231689930735,0.721458784228086,0.672008587884746,-0.538588644130202,0.984201885047695
1.53663310083553,-0.285048003366825,-0.4826636586714,0.310644239693496,1.13436703635121
0.0191163840207117,-0.795720896540575,0.207250669661524,0.135016969078855,-0.602261598730091
0.896130501880389,-0.321131490265456,0.266114257132462,2.29673515720823,1.70907405205665
1.0405793484583,-0.537087553569199,1.2740003117093,1.32529698047207,-0.136778455699152
-2.44261794533528,-0.0246921507250697,0.597877370004012,0.434259285341378,0.44709121503368
0.0600378430384757,1.6261429313507,-0.834267009308949,-1.18948036971213,0.215303035993078
-1.15768996655085,-0.584673846023329,-0.422104670877266,0.235473705364716,1.01135393141215
1.65950161080144,1.3053180169321,1.51574012626082,-0.82996057836185,-0.88145228954631
-2.11539233432448,0.809439100010061,-0.0180175849091476,1.6622939083678,-0.458586920063987
-3.02813550044552,1.13923491167342,-0.505385628561827,0.865511203157764,0.0527618316195388
0.264175466906805,2.09470621120267,-0.906988921059287,1.10965654291501,0.536970093801151
-0.695897029983503,-0.983843423969287,1.01733482291711,0.613529795306616,0.451804502850751
-0.134624178914444,2.00243084462398,0.543312682456793,-0.494532006927153,0.020432910403306
-0.0679495490835703,1.19597882316602,-0.448116964601695,-0.156107566717922,0.170072452177168
-0.644712807500299,0.137559723643032,0.712582862328298,-0.868561434486213,-0.127061657545297
-1.2554232991597,0.69363299407142,-1.24889274787803,-0.250223048156186,-0.615032672107874
-1.05198840203573,-0.190270514446706,-0.591041514108411,0.726980633074441,0.892456622926874
0.716260673242567,0.326809893275908,0.675645796483696,-1.15373389307142,-0.618305400758827
-0.538823170902601,-1.32636547082084,-1.04706582860164,1.84251945752932,-1.26305110586529
-0.376978819230143,1.57715233113741,-0.542941514480753,0.0722943188221496,0.418389688490771
2.23489112185002,0.800767679646862,0.652272908214169,1.28355483387852,-1.04707312155674
0.38589675986217,0.00404508712762903,-0.80037056743002,1.52895838730266,-0.695341850979707
-0.116901342843737,-0.214958274831432,-2.61964745777331,1.80404031135034,0.646904990032019
-1.35899859874112,0.553153288151235,-0.0454065113340973,-0.321847682481113,-0.142654922871846
-0.0587501795500299,0.691431661910682,-1.02990376729926,-1.14806360917705,0.533521691784773
1.89199654033915,1.15858797462453,0.613010424556542,0.458084208806892,1.73229525462956
0.530972049656777,0.841069648940638,1.30704923970407,-0.917331046280489,2.06086541004713
-0.969467127896736,-0.854905887431001,0.494393518366636,1.25074305932435,1.11162194285627
0.751970050465933,-1.48640082608356,-1.08256552553138,0.148513850540363,2.43844937443698
0.171356365444862,-1.10180761713179,-0.816818070986342,-1.47579390783824,-0.569921548679718
0.250895594683145,-1.72136162936974,-0.0775436197251286,0.900509480723697,1.1836769227076
-0.0858186958919667,-0.310209194623607,0.0189706595825081,0.0335621961039445,-1.7570556469819
0.498791414875253,-0.136048893996307,-0.478961397833988,1.0753492877243,0.252930746247319
-1.19601154686522,0.151761593979156,1.41637653882847,0.571999644210472,2.26694666425741
-0.835809791884028,2.30622698970127,0.627959631819573,-0.404364454286193,-0.209969313536946
-0.885067127149966,-0.172032457506741,-0.450375299804217,0.725280664683494,-0.243576246302408
0.389839441338052,0.061755894778927,1.37458948844569,0.429625823787396,-0.623346772353224
-0.925251391954741,0.217866390156145,1.01389903256077,1.1066652896856,2.41251298055197
-0.704274876539136,-0.809910575128892,1.12134418042322,-0.539680649761358,0.622845477620059
0.271818864522212,1.13041074357396,0.319734157048774,-0.225184370337118,1.21812072934561
-1.79620718414035,-0.570624611065651,1.37662504210526,0.95490082912143,-0.139592247068981
-0.964224364242286,-0.410937567280119,-0.472470281100388,0.456405956016734,-1.10633769459464
-1.8414131542581,0.965758654749325,0.809787730110689,-1.17255402013405,1.3839384010448
0.673075960064443,1.38103146982292,0.666782156008605,0.557232292400932,0.510462042486178
-0.884194415810525,-1.77860211348585,-0.190097444113242,-0.635454584031832,-0.502535165894708
-0.662929709458109,-0.399518259120819,0.0560229576958655,0.464583244977044,0.679089283541361
0.440863457092489,0.481531440677745,0.508215078904869,0.670192009114233,-2.56582159546391
0.065918837753458,0.462451571528784,0.592064440827275,-0.370721823472104,0.454622211181962
-0.665556367104403,-2.45049287542523,-1.14890620605083,-0.443213686441262,0.538588557785775
0.260515042173136,0.289909353106252,0.774581289887532,0.793421758785914,0.988227050893518
1.90488136598778,0.640409798295148,-0.506232750764442,-1.17507419351496,-0.73994401182925
0.553214484130466,-0.849456997353802,1.65027353158074,-0.117107199752027,-0.266281537976938
-0.224915112802521,0.896709746517474,-2.66937702463321,0.696727599502389,-0.372082983325954
0.49658215652811,-0.224259418505085,0.127457046878418,-0.476717596892402,1.60560282673784
1.96810437191725,-2.28573087114349,0.348873432148381,-0.469306088086183,-0.167349224740626
1.37334791837812,-0.224820520601302,1.89871510285216,-0.91241876681975,-0.677244989848291
1.73312523444815,-0.786306872775305,0.862578600180186,-0.90108294763741,0.696366831004499
-0.329694947182316,0.560220866061522,0.716393845860295,0.0197167486576603,0.514130906055462
-0.799948441609835,-0.0340827881314403,1.52207753949166,-1.46170053439071,-1.43611054601624
-0.742975604391888,0.507436699742977,-0.134152638586569,0.823029621805021,1.1006455134677
-0.0974961832921495,-0.852170174947742,-0.992336726490738,0.125695381884656,-1.39737092672707
-0.0889540741553827,-0.25003417774572,-3.17307555326783,-1.68090618927252,-0.933198514187281
-0.947022524441273,-1.03642924909487,-2.42491249495866,0.232661528425845,0.753863084968142
0.805290474925812,-2.10388020793009,-0.818524284797636,0.652575175192367,-0.346534652053309
1.84985664748386,-0.199850220984204,1.17427311190784,0.465124543566826,-0.621002515955608
-0.344034479230073,0.485373641355054,-0.140753504361867,-0.284566166672478,-2.37831119335846
-0.0555976068943972,0.727390091405024,0.310810160198429,-0.364145097968445,0.586628938960436
1.61702115085333,-2.01062574915741,-2.76564950162082,-0.0525865923024859,-0.42468409004653
0.542310609929824,1.08800280036117,-0.169096817918061,0.93123501146707,0.113812889054967
-2.12048665329577,-0.727372763722083,0.122600760052491,0.774413754807909,0.857001433807467
-0.146031581334813,0.116498068828713,-0.510907165634768,1.15452451246654,1.34287710835266
0.840124172676652,0.236467063505229,-0.215304713715621,-1.06943875249583,-0.15961708935327
-0.759244861804249,-2.37378282815691,-0.700986834557229,-0.744431600167798,0.292809725653174
0.659773797821319,-1.90118121750421,0.431391676430907,-1.24010464607996,-0.494973154894844
-0.163299781249411,-0.53318406948782,0.71772952548852,-0.521234118258819,1.0317395405075
-0.000461959540439815,0.653437104223645,1.49644593662866,-1.47684339836279,1.14944729883309
-0.0474480328480019,0.476675949832715,-0.239863484976315,-0.940916276058705,-0.636259817787289
-0.190008801974861,-0.107843650635458,-0.448018023414352,2.03242955690963,-1.78667162019916
-0.266695748629683,0.0601500291077388,-0.172028291053781,-1.47237944394473,0.06994424612074
-0.346291105340317,1.42159941238834,0.272333266597064,-1.03778448248599,-0.466490012142719
0.399761772960447,0.532242717134336,-0.456437016820412,0.480266034196598,1.35642314466643
0.99782447113131,0.450455202924209,0.469410588121519,-1.15696671874493,-0.673310343481615
-1.03443808320087,-0.939403479089297,-0.991081934712167,-0.934966626358206,0.987994147868906
-0.553830363970084,1.16439553496885,-3.28746301931592,-0.589671770254271,1.14450205406267
-0.990086551419432,-0.134602197216941,-2.23295695110866,0.698542604142789,0.192650782019954
0.459018279369522,-1.24179473341117,0.053786772254581,1.40983572780325,-0.610234055243379
1.04311194831947,1.09246202042064,-0.178682664283446,-0.76637030546849,1.09997035248029
-1.04958003408552,-1.0605676387228,-0.067287359202068,-1.07816298519765,-0.989370510098482
-0.373977082445298,-1.34814549467933,-0.765877395892052,-0.0962227232729986,1.25292877154411
-0.249831564587205,0.981006581673618,1.08016817053531,0.931016117787028,-1.72627759989892
1.4721168726803,0.302977787578498,0.0727727977931995,-0.320821472528391,-0.147333694993599
0.278323384804441,0.922398154967761,-0.00967603685725655,-0.0975232133001661,0.0732006766329552
-0.473453201861666,0.456497998880042,-2.07288636445322,-1.50307718582097,0.174605186046622
-1.73113798653061,0.0771666989296006,-0.00515907798797654,0.26032315554762,0.0332914404549866
-0.811503414631916,2.06763922708576,-1.65903877757952,-0.39571632441847,1.35615191532703
0.495689042699006,-0.244082716876551,0.604392143733269,-0.213552553235034,0.655153344593486
2.81936102425537,0.136822852639586,-0.334549457892545,0.698271748975967,0.475556592666096
-0.753264464097302,-1.55665216013797,-0.219829333052927,0.837437605833247,-0.473163559020292
-0.416665122446938,-0.0183157202016512,-1.0311305336535,1.18633849228394,0.515149685938048
0.0186630027469227,-0.0145243907182139,1.76550331826835,-0.683129058619667,0.505386258032391
0.586557212285733,0.673321102538406,-0.774099608849992,0.474545342540498,-0.831100745232879
-1.09233837884603,0.0994856561615744,0.858837216984933,1.36587060847794,-1.28302252740197
1.2322029806462,-2.2419525732266,-0.569367705837786,0.323332715000247,0.328656742677589
-0.272115599249404,0.906835557013451,0.19668135465084,0.592833526555012,-0.104998031206758
-0.91199312912999,1.06978719849286,0.78227758881619,0.740426495609714,2.47585458348851
-0.923361889553684,1.79753585616926,0.492674264723318,-0.0783012845686716,0.725869178578497
-1.11519288338458,1.86878079738176,-1.13436540828444,-0.670293340094516,0.14563749477986
-1.21863310111517,-0.396704837253658,1.28276354924348,0.385243930438705,0.42010137927086
-0.295793666159232,-0.287470761743705,0.788856859987363,-1.8755320510482,0.662429530752781
0.643199250988979,-1.17067524521892,-0.519109101644304,0.444501594264848,-0.673193522566055
-1.8637320574105,-1.56350205928652,1.99880709214263,-0.25102072132841,-0.900852127534704
-1.07406478519551,-0.0739610263913611,1.23440510392001,-2.25941781810566,2.38794620263987
-2.96484678886708,0.537254172922155,1.43033609596117,-0.62331314239692,0.0359260548993721
0.431576866442267,0.319106631959683,1.54252459956969,0.767239381612654,-0.280464378305972
0.464812517234708,-0.437360262099674,-0.710517457240621,-0.331937745675818,-0.333901456509286
-2.59949912393288,0.0670599691711254,-0.652649807736484,0.318627773537104,0.843328624791229
2.09564509937354,-1.12923070759313,-0.0153327156406019,0.524212218278608,0.734607243139086
1.38332078894943,-2.4445753633434,-0.85494975113794,1.1071467274838,-0.184737013734597
0.301085145092651,0.825623535547214,-0.694565164273343,-0.400889781346942,1.06676856295332
0.900821706540386,0.635991597041806,1.34490813186902,1.60752654576445,0.185514492053599
-0.291830011136969,-0.363754675826632,1.70228041028563,0.683216677008695,0.55984363543759
-0.235700940616394,2.08907548371132,-1.62260458692119,-1.38740391291014,-0.0474516145208876
-2.40368293749476,0.609756069413419,-0.245240613383086,0.172121689908561,-0.951567244775027
0.988945338419322,0.137978188081059,-1.1830878248475,-0.447877364306824,-1.6855188673335
-2.33889179249077,-0.4016050098351,1.66425112185783,0.787682542363307,-0.195176781737091
-1.05055893559056,-1.03893412217162,-0.115699935533801,-0.226106532062774,-0.58326449136959
-1.95429757329214,1.11215697283728,-0.810551767303022,1.81272287767531,1.16939850365462
-0.398543370305513,1.42591535109444,1.18178514613593,1.33107278726766,1.96081944409563
1.61933264708113,0.105001534357648,-1.03190574501156,-1.30811689624121,-0.625972833866855
2.45129023487152,-0.0101497419282528,2.21107647481788,1.04297747612077,0.838700833879994
-1.81501879969665,0.0669906410853602,0.270373966743186,0.552639098101832,-0.625805513079058
-1.31813438848405,0.464563986138874,-0.239348086041154,-1.01300579547667,-0.452158330982233
-1.29017534067387,1.53085273832716,-1.13351297154793,-0.783818446416112,-0.314589205008245
1.27019170377477,-0.406292103634549,2.01413181710981,-0.16875146419811,-0.448327251153618
-1.21262342533306,0.694807984229795,0.144709095598671,0.381798634554052,-0.7911666916376
0.72001981468797,0.197959203750667,-0.850480662233977,-0.725622973727111,-1.12775384806577
1.27029229964937,1.0280361739497,1.06345546846646,-0.737060874375817,-2.22417712897011
0.850179111822781,-1.78783196048423,0.493855798065621,-0.228487521156914,-0.119205154529463
-0.762798158039625,-0.487155020648143,1.32833056190715,0.10054697584372,-0.54399862145422
0.329582782153134,-0.699398929347527,-0.237091253645658,0.0313333607390816,1.27249278163314
0.0615841597556147,-0.928108657037727,-0.0666875229436974,-1.41516961854534,-1.49575816567697
-1.29838705507739,-0.857129279680457,0.241297078098467,0.0558697803979904,0.266941686507716
0.436638218242392,1.05574608304508,-0.634127842097945,-0.23505227289393,-0.853791420344556
-0.354994251147096,0.42667347711692,-0.0763961676511645,0.852257655152371,-0.804666266682122
0.955376616697638,-0.0895774869899912,-0.370810776560426,2.89055290003756,-1.0064788555419
-0.233030902372673,1.32245883082904,-0.0656009371340456,1.95693782704276,-0.491625722796582
-1.90946873557883,-0.793489179684897,-0.050228488767882,1.00297267412255,0.568928376010931
-1.55690202784365,1.67274704242435,-0.175720124609165,0.439985379891237,0.0382109841516377
1.2709252300698,-1.0209696700363,0.0151707162133525,2.03082175868927,1.1089620753708
-1.31517599135126,0.543645298322851,-0.641506639242973,0.0827029675041019,-1.01383146224032
-0.405748923081817,0.61629875057941,-0.429870169333699,-0.169567201616442,-2.27687890180599
1.52097727165941,0.473035424483563,-0.361643078635274,1.11043555258494,-1.18157925554595
2.22753441525357,-1.68539387480458,1.38212591194918,-0.0587282623099528,-0.673231051815832
-0.268595442341462,-0.321647850976674,0.217093401188541,-1.64276910993147,0.527514648747379
0.361990347973686,-2.09021110757414,0.113841650901575,0.449105738440484,-1.98495006795525
-0.564945225323994,2.08523050345763,-0.785282252157723,0.985890244111531,0.733319649829259
0.00647008328499732,-1.07839425291918,1.37030835716529,0.97615160660809,1.51479545967464
1.44681375383896,-0.108642604438912,-2.03090571857509,0.372740682866339,-0.758786832236752
-0.92763769451024,0.212178874221546,-1.49739808633608,-0.0980415222357279,1.56390781013744
-1.67930551265699,-0.649100277692122,-0.629923754148359,1.71289038094478,-0.684727170681625
1.19809159223389,-1.1612987441141,-0.127521328559888,-0.0678994441430604,0.073175765798592
1.1317963106618,0.126438095403511,1.57896391440827,-0.806412561765746,-0.106591621304175
-1.45008613616787,-0.303789841688529,0.715655607927774,0.975125701170242,-2.03392649144579
0.16962937787966,0.583963914819503,0.0505758159191129,-0.352894333392496,-0.432117249675534
-0.839805111275674,0.188309605620978,-1.29043195038208,-1.02879854069895,0.647472894771427
1.65556416286717,0.911325191055985,-0.27528509955175,1.47480568724221,1.23842015506536
0.711519523619164,1.10865161125747,-0.0431395494124788,-1.06137305147384,1.52427280680261
1.4104701655011,0.82282961965146,-1.30471375353697,-2.0990553581629,-0.572293894055927
0.0101504255835432,0.638505909007331,-0.490053687540511,0.650880811024421,1.34532929422336
-1.33012290693608,-0.455893680303223,-0.904214982744538,2.26827657836819,-0.0784256081393124
0.13400916593169,-0.777777209462917,-1.34293021736643,0.452388076284666,-0.616531620497108
0.233135068042835,0.920388994591694,-0.585773258241174,-0.345075154354265,0.972316199312415
1.94215783734377,1.1705464977611,-0.69829517626063,1.21052643612202,-1.35231842273956
0.220778040081183,2.35597825441891,-0.693146438743314,-0.967219198671487,-0.0991203646974586
1.73188144240411,-0.291408112678096,-0.606106735674023,-1.33976937948525,0.0851711959693119
-0.279961385886238,-0.197696394887146,1.79833771938458,-0.950415867761565,-0.330784294841298
0.427331708289161,-1.30987193651434,-0.497734252897111,0.803782364636265,0.741383477693648
0.375607971148126,0.201746235703664,-1.09350516137452,2.16781432319466,1.53617976101948
-0.418844527526264,-0.15939460934458,0.0433302077407478,-1.62262735433112,-1.50082646153564
0.552409048384243,0.634944881463622,-0.578329288915347,-1.84083604623764,-1.42020513398719
-1.88938053253909,-0.0338951905432582,-0.533583416399048,1.2100596176279,0.395511136832476
0.416660221821484,-1.40595010450832,1.8378135456722,-1.66394681412592,-2.40809812544922
-1.20870300739799,-0.939365134600019,-0.0846885973027394,0.51638399869447,0.533650758293864
-0.818111441449624,-1.99902338977861,-2.08502628638207,0.258460469873514,1.09396621512683
-1.14673321570146,0.0918597737080818,1.25749007533289,0.553135448903756,-1.61529618247423
-2.16160373240091,-0.828559917708073,-2.20684224962946,-0.0436066025977113,-0.129931354869121
-0.303510855297234,-0.403998060905048,1.13319178982585,-1.66621731836075,-0.339368580322425
0.108773472394759,-1.61252141200823,0.0168222562339685,-0.317895867339521,-0.644536619038964
3.39958367205591,0.982388236216188,-0.0193186612350499,-0.593131610230133,-0.33299363465254
0.972574530769246,-2.39588953993479,1.35307178912226,-0.491801271885366,-0.128696721524108
1.73491013235374,0.476321415961786,-1.36954294116416,-1.2442808760757,0.153799678756981
1.22513006144907,-0.433607149764041,-0.870492270169174,0.100091895141321,-0.459298244244587
-0.208445448933874,1.08999578046083,-0.818255672390721,1.10586061478493,-0.400997104504632
-1.73569634812611,0.475931508830135,-1.75622063768829,-0.904591701491511,1.44407710666249
-1.02093766787857,0.498315589526031,-0.785965430181512,2.07027083170377,-0.859050522262128
-0.123489614892614,-0.88789014071688,0.0738481352036815,0.839101081211434,-0.382531018837003
2.17633887674351,-0.399907111039951,0.0563412285504174,-0.245366474873936,-2.02684235532708
-0.331386783680698,0.017952780772468,-1.51652006398546,-0.214323126115229,-0.120423198290107
0.416457228342535,-0.925977425776051,-1.09804870970053,-0.504040775857659,-0.425661912560974
0.438109161191518,-2.02593964970761,-0.597185356393058,0.462221928396691,-0.161641265534088
-0.128879079788541,-0.844504688549097,0.472255744713788,-0.0842834010605314,-1.65483848485486
0.620096775362173,1.37149853254745,1.03754393190188,-0.823585212150107,-1.17434471047988
-0.55132875539171,-0.0373489885768438,0.840546080993644,1.38391134697547,0.962541489835793
-0.732203002681877,0.663704823540706,0.104441435638635,-0.759519907019493,1.29910490170941
-0.0840166098519609,-0.306420502754449,0.0630461134497583,0.559461866621138,-1.44634095338783
-0.388670798565987,-0.0897289596738941,1.57692594376416,0.538071797895155,-0.102057706462152
1.37639207591324,2.05309821607757,-0.693141195015306,0.0266380564596761,-0.437108197026265
1.17120935917662,-0.776076858165459,0.24320835241411,-1.69203042893936,0.0985527517654019
0.644054597588535,0.1377988972539,-0.0299803679848364,0.488653048090071,1.00621603559626
0.996438111343943,-0.0712052093851112,-1.13408605647624,0.0737019586860988,2.05517304592662
0.493313588022726,0.269025134122994,-0.313901194035702,0.773467543392974,0.974062919447531
0.0396844085068068,0.807125058592608,1.7107810304286,-0.749499167630901,0.297731827027508
0.504517835189592,-0.854506964656941,1.66014429815625,0.457615896180007,-0.554218015552115
-0.091894481590125,0.588948366150793,-1.92674310310283,-0.548175216807182,1.3198574701395
-0.0313404143338954,0.910321605080049,-0.626684872897775,1.14218227641378,0.0124837728900325
0.168166223049748,0.406623849024699,0.532817806317891,-0.698393045493529,-0.21582009349201
-0.397598408988464,1.00641016613166,-0.41601076162874,2.14150879716892,1.87645325977411
2.56859129740108,0.221584736234676,0.0338436629984839,0.547053698605527,0.848332745793906
1.91810174256781,0.324838940264804,0.381479464051542,0.171074668125207,1.47441469996439
-0.766421664666361,0.411531052087496,-0.517063484255329,1.2955465611663,0.970708203583277
0.951537340430273,0.750013881461221,0.9449215791044,0.998988931577024,0.819042689786156
-0.349034670049952,0.385729740770303,3.00928258181538,0.284009743948324,0.0108609458355931
-0.858414394815519,-0.524898884939147,-0.8909286658876,-0.120758626894678,-0.341230052136168
-0.288522814018688,-0.661685083317839,0.0132520597962926,0.877464394375055,-0.367313713175466
1.53787284892086,0.230686239967553,-0.910327357870075,-1.07483662868056,-1.11287760961635
-0.420999459456538,-1.46150980775073,2.0555838647319,0.342189781227407,-1.15283772556701
-0.377529749676363,0.410253063149907,-1.33264359258374,-0.041463290660243,-0.42206102767896
-0.166648387136364,-0.0360618634491275,0.0600351304223548,0.825193211719017,-0.513590219745715
0.0240132740417097,0.415310407593404,-0.249237194380034,0.34846031511141,-0.796668785075254
0.640341777938484,-0.45637776511497,0.576699697566744,1.26941250972567,-0.356335792450492
1.50239628709934,-0.643755914324015,0.771378679360647,-0.675759034602472,-0.461017707895434
1.01603961962808,-0.788541413638694,0.174413863290181,1.21720487354001,2.41516180272753
0.603603040069946,-2.37046357785775,0.466706700377363,-0.214040905894776,-0.390450043486912
-0.436398395487112,-0.399520942057543,-0.362685778866537,-0.382824692107927,1.03151858162629
-0.68557642999593,-1.4528245776668,-0.0906039504149682,0.0927777141760133,-1.02307535354826
0.84409292007339,0.259348887721126,1.44307107563967,-0.905788774292249,-0.0234588008800949
-0.487801678495594,-0.4198983324378,0.353168778262956,-0.90836938969442,0.286366221163266
-0.300892258973427,-0.5231984271038,-0.786061363064381,0.708486142438117,0.483549947946453
0.0558990749143989,0.133870874529978,0.284622997827732,-0.33180629713796,-2.33979368798928
-0.711477506229408,-1.00787588149153,-0.117901192370906,-1.07147577942764,-0.103004918298576
1.81960908725527,0.729359715807387,-1.40082575152091,0.748282975633787,-0.0981169107389336
-0.269905557373943,0.770497135715496,-1.32973098828438,-0.760086690790575,-2.54596458856015
-0.387421830476359,1.53479341519197,-1.29675671229071,0.288815093036443,-0.545177350304273
-0.0183763538765399,-0.483103025795117,0.996371592623106,0.531836002888243,0.233878184533799
-1.09345269738145,-0.707435936193988,0.135444797800456,-0.935213177167371,0.327140465002076
0.97909521713269,0.326323889903836,2.10319758559342,0.307539500499452,0.408130658609391
0.326122704057523,0.356966333451558,0.491815044497464,-0.592817397293339,0.259144797742353
0.872003184377891,-0.4251064706777,0.303865091383972,2.11987219472524,2.39888939279128
-1.06761113416852,-0.072133076130251,0.829786173063558,-1.18177779880886,-0.373264080958901
0.431751318628897,-0.519734441664753,0.503286451084058,-0.332628304272972,2.03940945547264
-0.84503720647303,-0.83514506554205,-0.132718914629252,2.31116219122181,-0.679552781381374
-1.62721239687612,-1.06962443744937,1.01861990410753,0.764403333897953,0.216085604032108
-1.29574298455947,1.6395661134731,3.17804809352344,-0.76994079596994,0.775643925937914
-1.26525590440249,0.758328539862269,1.30178057329755,-1.19046500333339,0.550498421266033
0.655119770835714,-0.433256197472977,0.464961625550205,0.562536058407013,0.598251205235732
0.566167798404986,0.609598341609609,1.46884764004269,-0.213055875313288,0.0274295191486231
0.733105677371295,-1.59288332708035,-0.513943650084898,-0.380874991115506,0.76184100979093
0.566596022990136,-1.1633155550179,-1.29233931579421,0.695693554626852,-0.409863470051439
1.59561639967308,-0.00668852952978019,0.346528696071551,0.50698916370424,-0.524888777059118
-0.362900298025329,-0.14561469867903,0.724255655230134,1.9070062744177,-0.835601980898457
0.0765969633380705,0.974923639591449,2.04565740310378,0.40348919432742,0.964673503630975
-1.03126582617645,1.7082468851012,0.0812757698014334,-1.10539701216249,-0.771858715171994
-0.174581209900785,-0.293166081309366,2.47784062265216,-0.64365296730125,0.740602350959282
-1.64682332634203,1.50121651971276,1.55397139478834,0.978073138182661,-0.0565742828637881
-0.331252524484018,2.26279586111634,-0.587253891493247,-1.20049617597789,-0.638089661057878
-1.39027512364114,-1.46951032541463,-1.2949068879484,0.0377759686964449,1.02141140303965
0.037332296742612,-1.45505768132815,-0.21514862641321,1.39542261488506,0.815169034810495
-0.586870039933666,-1.12097054712085,-2.21469660511534,-0.529645532675585,1.96528406046447
-1.30064595641987,0.0839661232250764,-2.13168990635193,0.94789348641557,-1.59275907059821
-1.07017743997095,-0.709936714062231,0.391495621887957,0.0707085338911636,1.59370775535622
-0.372945993628359,0.451783119281037,0.587886797470801,-1.42385046503634,0.774857067487052
-0.528576591300369,-1.15539031463056,-1.23063912570858,-1.12305702777759,-1.17417797986134
-0.431991993394305,-0.406859754529236,-1.09694905754896,-0.466926386338926,-1.76815392868139
-2.19171931717111,1.22160514355848,0.840318883939902,0.66828561053171,0.98234752910334
0.819604226682481,0.24531528724929,0.409960967786737,1.44986793937533,0.793887839609622
-1.27116353958849,0.688840054096631,0.807436862977675,2.18966561569442,1.05779556708356
-0.573893386208504,0.208397623089431,-1.24289846242975,0.954182514011553,-0.113637565079095
0.89353506030938,-1.92451299136638,-1.82941917910354,0.734252577894327,1.36684079022812
0.491280894767039,1.78990247415525,-1.02623235747691,-0.272614663438428,-0.912417852753446
0.153099807543348,0.888428366101998,0.59412221693876,-0.373985093231075,-0.697691895584393
-0.394261501396755,1.86556045377664,-2.02545096239847,-0.629617173505834,1.04385278655392
-1.17976135241361,0.185687748236165,0.455945706332843,0.0772723447580923,0.617722374828956
-1.7729856753649,-1.15626624952871,0.290209837115596,1.15272446790424,0.438445337746505
0.972984905902228,0.341331511874589,-1.4304888182617,2.09303944187093,0.45165240282336
-0.906808909517141,1.12621616371606,0.468785717542197,0.972165889785097,-1.85225632063887
1.77212172035013,-1.41642131673062,-0.35656398173069,0.382575500821285,-1.00811217140038
0.364907841461449,-0.0988764733176345,0.105684793838357,0.699681986641684,-1.10708527634067
-0.413723328757813,1.34947011292305,0.850279983239388,0.21708652951463,0.820745742495464
0.169708876265358,-0.0585300906231929,0.125456779581105,-1.97684702604967,0.627777762926789
-0.0308422975892855,1.84335341445864,0.955295132083193,-0.137763628727009,-0.812283750489601
0.0169093309236449,0.10776037362035,1.23545330586476,-0.291369135193976,-1.38335060263854
0.541470401859632,1.36366969635425,2.35190894862308,0.898747717781584,2.19826574003851
0.599292997280161,0.783670035945863,-1.2371526448284,0.101201453609072,-0.0429490464675639
-1.11521357040879,1.03409265843004,-1.03433279704422,0.199363757370286,0.0220201544460503
-0.0428360983104467,0.567783550244126,1.20251937884543,-1.17274727620863,-0.0209886658984259
0.30333279919931,2.80918074207502,-1.30311309594806,-0.358857169633687,-1.19302822728118
-0.742795091723627,0.789554378412355,-0.687134152484655,0.727581795821393,0.78164084324414
0.125378967314913,2.53248052596606,0.0125098540323962,0.484019810284276,-0.411823591310284
2.48448075646766,-0.991954968115521,1.28118041206116,-0.912522643726043,-0.669296846747799
0.615593729712782,0.63838780938181,-0.631904730397408,0.337788906071894,0.378871061529739
-0.275487553017146,-0.77428475916062,1.50299290038638,1.0162094744372,1.33444431223131
2.37147350151132,-0.0689925392049481,-0.26100526469792,-1.0223408240574,0.645041170542679
0.0636510229344592,0.249439215338146,-1.2555183579209,-0.94359838595789,-1.4204462048924
-0.701835785677646,1.49093835938175,0.322839641511092,-1.00153832534499,-0.764388914750776
-0.44128664996378,-0.0848215688506363,0.521676178895809,0.614090284037048,-1.17886409771326
0.261681814198356,-0.713721505389492,-0.11329583943947,1.27617071090578,-0.302721308542536
-0.00614138587217726,-1.57116420452085,-0.573573956691436,-0.0712652606953342,0.468065389397518
-0.601478995773299,0.393189761023092,-0.197588159986488,-0.234138154473824,0.660407263684895
1.2698386150982,-0.339494650859845,-2.08392295375368,-0.401429980747366,-0.755015790325633
-0.119039952164911,0.576593002875003,1.82664557276767,-1.27614737364453,-1.12547272625604
1.68947959296862,-0.0639161601595525,-0.104012348764076,-0.730213860088568,-1.28384976529574
-1.25586867971706,1.50728042875654,-0.48607576375332,0.400933445578752,-1.79466904785866
0.594318453134281,1.57713407657248,-0.0550461630331807,-1.92182419890229,0.626200755293181
-1.38878686339163,1.74771215819595,0.183424934633135,-0.356617433183444,-0.740260855383316
-0.508685301106707,0.172256447381817,0.49297304387867,3.12365307160575,0.0933563147486279
1.28067363021911,-2.5528244446504,0.135989776187642,1.11885450363974,0.599105302399931
0.378537407087344,-0.0260891758404126,1.50389078870585,0.769079597796461,0.284899994789657
0.349056363805326,-0.838749673667251,0.721619874312459,-0.482125570906189,1.17245265633988
-0.621612218866761,-1.38220215652729,-1.01918179789204,0.458487552265544,1.83018766229908
0.460343022315984,0.320573378444324,-2.10811704947808,0.0523412188150707,-0.656484079916339
-0.0933721401265475,1.40131933223306,-1.04614935430133,-1.10000479498341,0.138966049092841
-0.218555527516355,0.645994963299281,-0.943359903191113,0.24282828430454,-0.243275461886889
0.0524512103538177,1.1383029549996,-0.0569782080620726,-0.535349783023038,-0.0677714396809295
1.0183092542268,0.47253575661098,0.304624881247589,-0.0195478916336063,1.43259152323312
-0.15598205054587,0.62024836415132,1.48052778065957,-2.03424143555927,-0.447651198062849
-0.128450806960528,0.700193673578714,2.44647072760001,-1.45584035835212,-0.421105761155608
-0.544519601161756,0.0241542903342363,1.01678134813745,0.848407229670354,1.86756121503053
-0.50332184115477,0.913549999334633,0.229599720494361,1.02122239940631,0.97355850266469
0.990400288650421,0.936352019004057,0.806522806445138,0.377439596058242,-0.280343691372423
0.525131396889972,-0.679869038959396,-1.82494868389351,-0.408672984547495,0.652928832064737
-0.817644344586497,1.99997526109219,0.87623580454542,2.12068090206225,-0.411471295959577
0.834504304997427,2.23228854252284,0.261295763856275,-0.112811745252625,1.62189116067454
1.04773212414698,0.416153662901814,-0.525214354231687,1.40788682201419,2.24781210543815
-0.981120505618389,0.611497958107013,1.51516936555109,0.245969568258912,-1.12200236706268
-0.21690989805292,1.81149091364555,-0.98579701661649,-0.279794210655271,-1.13867936513773
-1.1225861107189,0.0192230033152287,-0.481627850281649,-1.3259968701202,1.06451818444521
0.26288681919006,0.231078899795045,1.34784846237231,0.438411582215494,0.77421277303802
-1.10282325182012,0.681068337144023,0.104640751981028,-0.372362200338584,0.796177909670711
0.0687694298336143,-0.537327460910584,-0.695953188622125,-0.997721606918561,2.1942117963301
-0.969339342048094,-0.705801396981919,-0.654282327007935,-3.06367423957933,-1.05352284843738
-0.350467468854199,1.36273873295793,-0.484523057940945,0.543691763506513,-0.844520703051386
0.36403056362331,-0.186164778045325,-0.384387401952826,-0.470980136766319,-0.602283829970065
0.995049684761619,1.8648793601102,0.173259301951582,0.823063984818932,-0.111131821173412
-1.08388593889431,0.384852017273718,2.11192272498534,-0.537716319496519,1.05694499972002
-0.663044232998666,-1.34183771690565,1.27224580477459,1.99233668836374,-0.764256574324924
0.416276779304561,-0.460098034758161,-0.776937083071694,0.188358511049842,1.3324548348265
1.21340409454558,1.46094615396043,0.596109254263569,0.0087336209466752,1.04547756249384
-0.276281854905221,0.36897764407729,0.330069048572609,1.59953781378104,0.0331191082251142
-1.18165982957967,-1.09544799942727,0.666754055906176,-0.255321927548909,0.221138052681772
0.365177020667227,2.92320897393655,0.16225945603604,0.379693653198804,1.51696446348985
-0.0230545429143812,0.483556463859047,0.76055849259492,1.08480156799607,2.37080686181228
1.84172093780851,0.400986072722838,-2.0464415257226,-0.788421762961324,-1.51621824394587
0.183679093845473,0.130587816161061,-0.292943570628924,1.19861474722509,0.83430157062398
2.23245741798285,-1.56163058542463,0.00457767569996721,1.20111241399314,-0.281537739416541
-0.556277499555931,-0.387036645357473,0.485553967231477,-0.441315138833644,0.142007588096934
-1.31451396278262,-0.329205541330431,-3.0907187139307,1.03601509288884,0.203007873561403
0.444281326309462,1.78631905719489,-0.950535966265548,0.680248021521957,-1.06660789170937
0.86171961243849,-0.0929707225718345,1.25122887993356,-0.541811063675278,0.384178872593198
0.431512229034554,0.962820582928984,-0.905136657384509,0.776072264079797,-0.169660083076317
0.478257093721776,-0.541681856018676,-0.730452009419287,-0.879352979071323,-0.0150805049996915
1.59966022871488,1.80099550598547,-0.710513252350935,-2.13952681754499,-0.932842196070169
1.25582817343847,0.990429675799949,1.38290245396678,1.02786930282987,0.033305080922457
0.368077215329075,-0.194566164578266,-0.698044835103919,-0.559415240901757,-1.85453519615515
1.43810429173316,-0.472540674102069,1.10942138253223,0.523149016130193,-0.651213215186685
0.258836773898418,0.890833134060306,-0.624419582196809,1.02322134491047,-1.38573442194852
-0.698714852457831,-0.818361196829573,0.696105894218034,-0.68375648588197,0.0707343176903177
-1.70810441148482,-2.43797275724024,-1.37840481524172,1.0783530025329,-0.611744462797319
0.614225605251812,-0.17318590337341,-1.59060927397079,0.496471914309198,1.01592621619363
1.07314920705951,0.15910838676124,1.05534182176774,-2.12950122145031,-1.20166267090475
0.859909869825305,-1.1261072908531,0.982580901987516,0.319019532596885,-2.270333306815
-0.770897755013352,1.4496371927344,0.732426769874673,-0.277824037073124,-1.53959127911541
-0.102345528529311,-0.117817346090459,1.42830972264571,0.828029895724484,-0.302389326177767
0.237973581816734,0.263962153379024,-0.00451730453211831,0.775806146281402,0.525230145844599
-0.964282643790627,1.74820952670493,-0.11953565567888,-0.253571210355883,0.538581140251938
-0.188754232000514,-2.58878926247983,0.159887066385724,0.951767282853828,0.586937412865111
1.83964171683751,-1.7313681682656,-0.908862034712107,0.115159409399471,-2.62521918878833
0.962735206305457,0.875519673157412,-1.3361709180692,2.04046024127453,-1.23950686207347
-1.56708199387455,0.24952890803264,0.248034042879684,-0.139273000531263,-0.339049369852195
-0.70483834412335,0.410513432684369,1.18665341813948,-0.718783568176948,0.913816023844311
1.53332258083582,-1.43367791631149,0.418589172521324,0.366010236222027,-0.139109779202311
-0.148821580539338,-0.322797566081972,-0.611729799521292,-1.52239157846554,0.513962415750176
1.64825584397435,0.713812807784785,1.23911509181599,0.247282806632195,-0.0911686664918135
0.278985154743846,0.119324266663801,-1.11000103083869,1.56232237867817,-0.221654178201648
-1.24442787865795,-0.199913323609069,0.425099325802471,-1.63971119838031,-1.20198760051639
1.64708384785607,0.605913699212153,0.578009089113438,-0.433289248340777,-0.348162203829688
0.967758274629137,-1.085830888921,0.966008008504684,2.06029578449201,0.808411441225018
-2.15739110669499,-0.245733080310258,-0.181569598839583,-0.460444188289744,0.783987803104159
1.62889549383187,0.673140747576097,2.19200216058771,0.322234024414696,-0.55135129479149
-1.61687199336077,-0.226336600477635,0.012758456259808,-1.47750446745174,1.24341408051744
2.69153003231893,-1.5008154766344,0.709179555087934,0.597379115781417,0.262218896577105
-1.26630348711579,-0.330925351821795,-0.677242866039299,-1.39901830406718,-0.137291635314823
0.367194018678401,2.00104998387443,-0.265867926925319,0.0263210346602529,-1.98516677534894
0.382413577765984,-0.419926850483966,0.516660206327782,-0.86212414522861,0.866026434382349
-0.635397377410282,2.28020693874405,1.39134558303531,-0.229161864850664,-1.91448958794033
-0.783114103035236,-0.207977601760069,-1.04443460045978,-0.696277839255056,2.01059565677691
-0.433545375935726,1.14483304449355,1.22923645855191,-0.880660014395082,-1.04107898238324
0.929740755127301,0.79740601008835,-1.19691248923291,0.262379370782938,1.81144869718579
1.10488073220063,-0.422294372595327,0.0928297272692846,-1.03395110386744,-0.825122970293101
0.0694928287348016,-0.142949220731824,-0.0127281935092651,0.00860062046765546,-0.723619787783458
-0.216414849594636,-1.10982236306533,0.956285038937082,0.189086610869972,1.62058093806951
-3.26628839486807,0.306327062589127,-0.230732998943389,0.0424388426281224,0.80214374280194
0.0429818117817488,-0.216088813285925,-1.37777626816908,-0.674718821251684,0.23651375812002
-1.35579979870427,0.0709671237169327,-1.43301480799029,-2.15979857926887,1.41958418568687
-1.39176099869989,-1.16222684911024,0.860325146414019,-0.252790407979103,-0.292572034128169
0.489202754328027,-0.933750929986416,-0.0173741558504055,0.724669688708761,1.78991215911182
0.35251540331551,1.30466560692709,1.71632222250938,0.344191973232924,2.27141341036743
-1.11045495140243,0.839785042210704,0.0662540567276748,-0.76773680471471,-1.24418110685907
-0.504817438421389,-0.847254712733269,0.0922916081625407,-0.869325470859525,2.33013209971723
0.423247006797846,-0.153408952849169,-0.377577274885046,0.831276478966227,-0.541600802394965
2.12383869579165,0.587626054627431,-0.0115460235618007,-0.0510702484502531,-0.858105505295911
-2.09920920078421,-0.515606578874617,0.744361359355105,-0.406531186645178,0.587319577660099
0.837646404547883,-0.619356996167106,1.30317097688564,0.195372409931068,0.995320781822041
-0.788261833167329,0.55064457120658,-1.27029213360704,1.17622302625013,0.167636203063995
-0.469134674473487,1.4546334761259,0.190102076207226,1.16105174704801,1.34185280460856
-1.33500747501721,0.391148563976591,-1.32977547280105,1.73068338550386,-1.8671360028049
-0.467521418134375,0.0404217896067958,0.268797682974659,-1.02747480965692,-0.15105805520159
-0.445920100886937,1.75077712332613,0.483644643896684,-1.24567574566906,-1.42321650103351
-0.683810255922112,-2.20567171276637,0.313467506575184,0.0593370447362205,-0.533270416425896
0.818938845067354,-1.46908887381311,0.145667226736321,-0.0542062699505895,0.458451681877554
0.324069563182675,1.95279620282682,-0.342865311692977,-0.341149480107901,-0.601671374398396
1.04443925675775,0.997491941996398,-0.438090837580128,-0.692787377214348,-1.27958823007244
-0.95615689269578,-1.06934311255403,1.24349397724479,-0.155273785367925,-0.129407844986315
-1.36399820158217,-0.284354674547438,-1.47951999497418,0.114698269495853,-1.61299437576554
1.69705491788629,-1.52297241193151,1.24634638032569,0.147063432851784,-1.12580854761061
1.91546794884341,0.280704311317938,-0.462423604128791,0.301471662372969,0.373090632640669
0.659953820058893,0.744308332809296,-0.643556061424785,0.358550956702344,0.409744477148974
-0.717704779483767,2.25665762831971,-2.38234041649277,0.0694362990735666,-0.783121220482866
-0.667764777498171,0.170194584753436,-0.472725955865892,-0.733622600536553,0.461668325304006
-0.980414273214758,-1.3999293472359,-2.40613360922634,-0.704746503263414,-0.501439343307713
-0.254069994319933,1.07100301950676,-1.79225822156402,-0.984975344334177,-1.52223933834384
-0.164102312094772,-0.430290720437804,-1.5855132715137,-1.13692923736486,1.84007835870602
0.227564379969431,1.41635902571271,-1.76638337342351,1.34077947291364,-1.13910611160119
-1.68245176790282,-1.79098622940398,-1.11380160284638,2.00192111725149,-0.0376669544244241
-1.06175453724878,-0.975889935663568,-0.991031381670462,-1.1422967490982,-1.55934631919359
-1.37962826304496,1.25986245262684,-0.0988159204810115,1.36958077959823,1.4481709600604
-0.714800697063473,0.653221366846518,-0.30305037824576,0.633321707006496,-0.502920844501269
-1.42342161211852,-0.73701650970554,0.72611439662221,1.14267396699642,0.292830434926281
0.685546257962134,0.40137359250092,1.68359997059634,-0.656186095466417,-1.98012299551608
-0.040875769406334,-0.607005475166565,0.381807931000915,-1.69443078232068,-2.71400018225159
0.832184023888416,-0.878149505984608,0.400695412026137,0.683455858253281,-0.68869734796684
-1.41121040271921,0.739207644065863,0.488980582410086,1.57863455274279,-0.476635874587243
-1.0466435993174,1.41739522630046,-1.93816188309692,-0.687074442743594,-0.475911788592658
0.662567390749946,0.0561799308629996,0.206441497072311,-0.990018789593656,-0.403941329231765
2.03284071167533,0.343315899765304,0.330786986935828,-0.22987164936503,-0.380198587069707
-1.45415198430223,0.783686802335319,-0.216212243300479,-1.38843376597348,1.9832424205084
-0.145095962327365,-0.247711673700175,-1.46389466765699,0.338545091012974,0.0776054996189825
1.87875690364731,0.3342652893784,0.14110503145071,0.532407023535614,1.66246098926761
1.46010699414886,0.1927799793978,-1.0905672250684,0.369073347365351,0.761849210790584
-0.469895222958573,-1.6576246427288,-0.25925696916497,-0.0823919299985221,-0.906400791673507
1.09971926010629,-0.642163557506382,-0.491970216439246,1.85688125185035,-0.686164429183138
1.09927923494703,-0.0925203474721031,-0.964476678905944,-0.486576428964276,0.170695525521277
-0.639500065227709,0.50036006910828,-2.00613352338789,0.0133177323950102,-0.497883730838779
0.501455937821673,2.95197627338535,-0.520193535842302,-0.153658379757618,-0.170694973070253
-0.281756352899857,0.814842866217125,-0.100534665940948,-0.56389432208147,-1.24079316501882
-0.320376469853853,-1.98050052561777,-0.473265562082097,0.320489684345718,1.1072468580327
-1.44997915678387,-0.336356189631239,1.45558373891051,-0.363424262373428,0.0467376800081258
-0.873606741193626,0.207918822462507,-1.63215711856379,0.405457457261853,-0.52284788615733
-0.130541651914459,-1.11407003985148,0.789005432785819,1.90032857127533,0.492331943022979
-1.33866008078112,-1.03846207527498,0.57629719031281,0.885367675896479,-0.247695186331758
-1.43132191472864,-1.03536046306977,1.72878889330221,0.355290999113281,-1.32130339584617
1.48397681766794,1.09171854664858,0.125577527486109,-1.10438664629305,-0.156226307586924
-0.378537358852066,-0.428970041407539,1.98459530572334,0.142535274453746,-0.511645246920808
1.32192342506721,-0.935257308043727,1.28207575527075,-2.57364763956434,1.19697527244907
-0.955327703999736,0.921131868879755,0.495671703684987,0.867341448485936,0.767341488066392
1.52962292303033,2.01793885104892,0.380729310256965,-0.0756919598731169,-0.232914115545073
-0.739780202354472,-1.67014316752007,-0.388993967582973,-1.87530639032852,1.70005646456087
0.678902955317286,0.534308664003292,0.451166287505341,0.929063497111557,1.62771281592936
0.998350548457552,-0.854758994968535,-0.376437061398372,-2.1495470363791,0.156422238320834
1.13296222102135,1.09805037379495,0.666264487376394,0.684933344624413,-0.0312878575794903
0.57417992787323,0.128814828971013,3.53949299578841,-0.96261909912917,0.42881427793756
-2.31322120490291,1.89314618074264,0.195297595463347,0.365739878881926,0.243712846019323
-0.41340134616865,-1.59767535720793,0.81809460362071,-1.61825386100119,-0.849277343491532
0.709996222170084,-0.460172756497112,-0.769828167626447,0.180519544997743,0.371647042858474
0.723623262845237,-1.26427262340993,0.679039378731042,-0.253242432036759,-0.987602938013492
-0.537762253845969,-0.549297521793274,0.526141672938167,0.735666464688648,0.585577872344497
-0.620861955889012,-0.49780794988256,0.124254594464651,0.733125575794125,0.8069144249765
-0.811538175824004,-0.225163804672722,0.894261302966362,2.16785309754744,-2.2125350935791
0.0192783214239784,0.995484514995422,0.176910239718394,0.148449517754279,-0.979665069689032
1.45659094452271,0.488600819527017,0.747813305245992,0.105102197771246,1.1464867822203
0.377627631155448,-1.40829367100097,0.6553960323207,0.679599506117705,-0.687645462108102
-0.350164805717993,0.0179183032787258,-0.13974246381998,0.741361381985537,-0.397654045290634
-1.15457720766323,-0.168742509471375,1.56161198646136,-2.69902455317262,0.284068238855366
-1.05432252720853,0.38646888732227,0.533665358260748,-1.8010748005093,0.225302017344153
0.304098210703893,0.22289723373228,0.0148837494300795,-0.339732224981687,-0.199708831473798
1.13988826198093,0.417948531049833,0.916221886460053,-0.690591626263586,-1.85349566086448
-0.133842142420457,-1.58123937787005,-0.0272580487883247,-0.850827723477304,-0.0686826689694058
-0.941720194236934,1.19932128209341,-0.143134265414703,-0.212972032908595,0.866075328417866
-0.666493358961246,-1.40490793636218,0.00727786894042896,1.45786854654251,-1.09578483346815
0.815205898083128,-0.643338688510636,-2.17367114274594,1.18098314349105,0.337863345401913
0.75372525714486,1.45358717991764,0.795891200036356,-2.32334259310645,-0.473060479134079
-1.57020653363541,-0.313237121136976,1.43865136491267,0.655431957753461,0.0444841968964295
-0.323329875735873,1.31738456773187,0.0181181442741085,0.270225801511558,-2.42006530512933
-0.341536565285264,0.938423886525494,-1.77892291632632,-0.208507119631003,-1.20479967732197
-0.845327477691857,0.277513400785703,-0.631053321996672,-0.23087984461014,-1.74399756574394
-0.378484932983413,-0.255203316438111,-0.745388010748769,1.3684925727576,-0.129524538858795
-0.313128397206073,-0.884081448731677,-0.347757653467715,0.29724623508067,-1.03536466272015
0.33008444236396,2.32446728544746,0.184616345186796,0.942915101631161,0.374858011718681
-0.503112884875848,-0.691241805474059,2.19266647675256,0.569343256525075,-0.499377608948584
0.283878368522415,0.662832151484625,-1.57112434994133,-1.68893012458732,-1.00561076321793
0.881103917637038,-0.576772997007285,1.01665744135205,-0.442152477466936,-0.941709725182202
-1.36364727344221,-1.72483568124071,0.196898793296073,1.01495455695461,0.587425943269441
-0.586534468253785,0.695752642843135,1.41205521112689,0.346073195230057,-0.0959084705131989
-0.355963957924256,-1.44981989181805,-0.325796573052566,-0.148539246571001,-0.550102824488637
0.745579571238098,0.966554453933243,-0.0133831631995882,0.622466548979638,0.373137197386174
-0.709343231259185,1.88926524470487,0.774790398320774,-0.0374848383099355,0.958250914934322
-0.395823855011068,-0.948309915406392,-0.0198729586648545,-0.289537641050651,0.46246230964659
2.11051873158461,0.578700123502593,0.842725979403545,0.248738408185688,1.29557911600619
-0.384947456653135,0.553860025465602,0.299332096518797,0.231486067708249,-0.198693665592329
-0.651921641831228,-1.10725060447526,0.42848650151479,-1.10641036445528,0.763103470418383
-1.1454907806713,-1.40911627053364,0.751591492108983,-1.28859025223664,-0.744167106545806
-0.959927425114727,-1.47173808486527,0.939016601457424,-2.29413491412293,0.874257543373359
0.200548121838923,-0.56933966919765,1.83389500048676,0.0360105601705342,0.805163070022181
0.36724237867657,0.44545503571833,1.25858948688324,1.68875724303079,-2.71428295451206
-1.07457205536549,-1.11117416235198,-0.130295154746922,1.37021916270385,0.242746380043225
-0.911961733324409,-0.94183067165343,-0.760401121290823,-1.83043370392611,-1.91493690932549
1.02160877071948,1.14838886114629,0.551669137872681,-0.387623960773163,1.39848781605891
0.468233599236844,0.543612325827525,-0.0750044900364087,0.474850540283373,-1.32089667302396
-0.667413219557671,0.0867925483764103,-0.169336859883536,-0.964483000130964,0.417025830832641
1.27585114650897,-0.344244088294555,-1.02000104282229,-1.38039336813194,-0.00914168853099688
0.189997491343524,-0.143154356868813,0.910247436025567,1.51023734019314,1.13431738305223
-1.10720841543374,-0.606916276643868,-0.0150706552424982,2.41138662692332,0.718679842362246
-0.604953396372177,-0.0154365032378508,0.103460628564218,0.153451162704838,-1.264769818267
0.582364952432032,-0.775460276266113,1.00701321249416,-1.30920891206508,1.11652978521634
-0.365817185703823,0.422921113051987,-1.62888932790474,0.418880619701445,2.11124959449811
-0.875854019575474,0.913124225460764,1.9236846149831,-0.254782074956491,-0.67376515302096
-0.368876324137933,0.132394548461478,0.0404326750060535,-1.49667141362606,1.05069935137344
-0.191158834906096,-0.361764202865626,-0.0176406322800165,0.551203734870343,-1.03140679862958
0.0322379247878931,-0.341111493229055,-0.759388931708247,1.19527122028458,-0.21783924313562
0.159392743536772,-0.167294713330165,-1.87452182997065,2.39032219298353,1.71654472940967
1.71899509792554,0.243855854291403,-1.04581415089003,-1.19209503376611,0.532133157210841
-0.700859206570611,-1.15650064865207,1.38051656046254,-0.954779139035166,-1.25759244348391
-1.49198938243834,-0.29040557652286,0.652767634697186,0.459813306497003,0.633327787986071
-0.70593125185364,0.298150233152576,0.952009060614552,0.418697774326379,1.50236446542078
-0.784287077213891,-1.25894451336223,-2.31990115658725,0.514758828465724,-0.0505593376955853
-0.798087587161242,1.35708211141734,-1.56214990338218,0.635327936825146,0.345732756213983
-0.0877647342341736,-0.675558764985957,0.462412561717683,-0.498541419330519,0.748455829705961
1.22077655714413,0.0371200802086466,-0.439906333125566,-0.367119181689364,-0.33000951825474
-0.667958363732808,-0.191104378954835,-1.14344497195999,1.25632866849312,-1.82817294088852
0.939346907249349,0.0455302284953621,0.118468867599314,0.0101063444229835,-0.592220813379401
-1.61243784926359,1.82513207689483,-0.327846668894487,-0.858831600331568,0.196048196655615
0.766802756029166,-0.0530766567685646,0.0591394584335458,1.24409856530812,-0.0844315130030808
1.47991913649112,1.18271935305005,0.495020342672362,-1.94302530059117,-1.58691408795356
-0.304582976890553,-0.84843930896625,0.108803825937318,-2.21471692086598,1.12403097841712
-1.7394573613265,-1.48126945629251,0.278784136662707,-0.894565636055229,1.45808681266464
0.232775114732195,0.335479270348031,-0.0108511397988611,1.48620279072199,0.707464819346582
-0.993862578909266,-0.685070213097124,0.235606050166624,-1.851464649999,-0.282273996428099
-0.723006778344681,-2.4361923426355,0.417904340993153,-1.41882471159676,-1.14967132678464
0.919654551713978,0.437459149589081,1.18688044958144,1.19822835917729,0.652167888003594
-1.4905432237144,0.741457171061181,0.216928472764241,0.851633884922572,-1.21825437735538
0.860861618378693,-0.814196535083367,0.913579963881531,1.08543041644451,0.672160248441596
-0.377020942937184,-1.16974870502038,2.18084518283643,-1.49656444903064,-0.565264116831672
-0.860915278023003,-0.205935426476613,1.01357253673508,0.615603697318532,-0.549367457098509
0.587466355640046,1.47739503832934,0.655610787549739,-0.411574019334591,-0.215070614555428
1.94826361017426,-1.7159800087147,1.98739433417444,-0.866169364038758,-0.447671494511949
0.957869848922127,1.34508900050093,-1.303240239061,0.675772991910521,0.7752231217301
0.206637191930194,0.468117928299916,1.19108623491895,0.313388812007442,0.982910308047147
-0.515837935067294,1.65322577036452,0.240405867484035,-0.113978954568084,-1.16521507857812
-0.287360149984952,-0.858750914267596,0.736694343886091,-1.16635832680385,1.7400862555784
-1.00632278564539,-0.232997683592238,-0.428433673162781,-0.7266655163775,-0.589595253580022
-0.285926647818294,0.719613835614603,0.563182894303874,1.69111838656906,0.410167079168026
1.79998018045447,0.86303579330493,0.688232435071569,0.471302483785038,0.0792052803346283
-0.612791757312761,0.328632975441208,0.96200041759584,-1.16323474249773,-2.12858180436286
0.0414554693091024,-0.152487142727652,-0.529478393176294,1.5747897764559,0.424126280582338
-2.26122556867309,-0.612749083809307,-1.08399404313755,-0.437606616293264,-0.202006789438792
-2.1039044022937,-0.163154431457077,-1.22857051307832,-1.57718998547814,0.587799456637582
-0.0190520577553967,-0.442343303978046,-1.65203978010686,1.30039917952612,1.25063173474697
1.34309288379112,-1.01830961217062,-0.153200769255456,0.25848103877778,-1.05324905689653
1.4609456400676,-0.107974048201493,1.55524206746763,1.01733716580507,0.971632731284996
1.65406684229047,-0.756065780988822,-0.727469539046751,-1.3013843207299,1.62032462414575
-0.223492587695802,0.0126000292083957,-1.9702106343937,-0.227450166563395,0.102919656815071
-0.314355646110287,1.74009717539918,-0.297503351621561,1.53043905017441,1.01199954217684
0.368718100972877,0.394712427266925,1.20948102706904,-0.192774794954408,-0.443871416399018
-1.21495911728369,-0.328145908810923,-0.0618158456388698,0.454798061310085,0.0583866319230893
0.744817412860072,0.751193696250766,0.567547343752586,-1.50128714267222,-0.236851057535744
0.425812770334422,-1.26530486249006,-0.0607261313797671,-0.201304050617177,2.17959883647729
1.08716092076171,-0.0840688307003155,-0.328673546998991,-2.09760268529759,0.00246409110822605
-0.774187913103953,-0.385465811285639,-1.43707883216694,-1.20730928295835,-1.6347080493699
1.03928562583667,-0.123731842305316,-0.309547036923259,-1.31667489406314,2.24769902004357
-1.71830346372698,-0.197258576591029,0.627085807786501,0.960935551275129,-1.27398317151806
0.934625399653681,-1.39081112053905,0.479622333892276,0.715008365993156,-0.928624076843747
-0.741282211392758,0.934262093808437,-0.744153540988337,0.307090502942877,-0.0539238045798456
-1.84630218755602,-0.755632346415606,0.237926322440453,0.88470543206822,-1.13627008731956
-0.742060591310281,2.77945887035306,-1.11246342613617,-0.795248726645659,0.777596924941555
0.0862120441863093,-1.01607191450715,-0.755716837776531,1.5317749079241,0.712426102375607
0.266761390667419,1.75196653727041,0.0342372507864711,-0.00617052690669437,0.0419303161989092
-0.112649359785065,0.0277239403305392,-0.907157387104368,0.660700416107825,-0.490581867626088
-2.22673843162742,0.277620903961703,-0.0220499088839275,1.67456280952533,-0.237979926159536
-2.27265807381786,0.134148042178028,0.347518736862465,0.294353229347687,2.62302093065476
-0.0549994836183037,0.511256216463355,-2.21302532124633,-2.12382780535407,0.803680281896674
-1.43701505189896,-1.64304723543321,0.353949314333591,-1.90701897921551,-0.263045455470529
-1.87298777131797,0.595585309603686,1.05743283229835,2.24195714853188,0.204500456173913
-0.112793239140682,0.267630025358696,-2.42797441407059,-1.07716116107206,-1.843063076137
-0.121959547785863,-0.227883198866798,0.0268038221909373,1.95956370389859,0.132426392650375
-0.0524848210222957,-0.116476257640944,-0.60291449724811,0.366093596323353,1.47201023809072
0.0409389073973468,-1.1824165944771,-1.03027282997637,-0.675947006621326,1.25031416098261
-2.15808440820745,0.478659152177761,2.01116749129018,0.279418088559362,0.613826168090984
2.39274516431863,-0.297588614936488,-1.42608681202985,0.195950120827834,0.424465188454319
-1.6685971522243,1.83038218371734,-0.682293246130547,-0.565438044319211,-0.496482642572876
-0.215000932069831,-1.61499571210003,-0.776575591689801,-0.534662488336905,-1.0090114272351
0.170964350495724,-0.0646728470673898,2.02339335600658,1.05242063474854,-1.52271942769808
0.0496683006540671,1.25837047399919,0.579689777959132,-1.34026916035221,-0.142840456300625
-0.728132994209495,-1.68376343612191,-0.765584587842865,0.187438546777865,0.43329066052381
1.03398420104482,-0.318944293503553,0.96697176739461,0.420773631596279,-0.576556580309572
-0.149052568045307,-0.3349887175807,1.1546528859091,0.138924490880923,-0.646689103060492
0.658754646390664,-1.31222460247661,1.04172448237891,-1.20277607606086,-0.146737335293006
0.737578784249173,-0.69408832985487,1.25195874101146,1.23329180183997,-1.30731589741375
0.580654360641691,0.217225587749417,-0.308684945966488,-0.278410829194722,-0.70978936978078
-0.75186603569675,-0.720199577792411,1.25912626744533,-0.121767033305805,0.464181861799565
0.796660837974688,0.46067569682439,-1.1885332948699,1.00276353724598,0.585657462815168
-0.858117470102294,1.50321804120976,-1.23400233837637,-1.87505741268702,0.230200343518054
0.415720446281735,-0.273891812947157,0.470069859950929,-0.146029508467853,0.175464067262257
1.97278820122664,-0.651479812661242,-1.95586076817188,-0.745417863796656,-1.12592862782365
-0.885117871449387,0.55465723888056,-0.61540954883742,0.200112617712994,0.44153569894749
0.511113518887634,1.28028568238944,0.281854795705786,-1.07404299359965,0.666603823165593
-0.185515490051341,1.06345919505234,0.94814790624051,-0.319760455556197,-1.22404107523048
-1.04868906582628,-0.957560691857575,-1.82136870414999,-0.261073175711249,0.00253934275523585
-0.0837088755301355,0.0815670010333364,1.07724475892768,0.144655772443324,-0.987660057485607
0.479781223932241,-1.39601760910249,-1.8561071040801,-0.087256369661002,-1.7317269812634
0.331620801788882,-2.14266049636358,0.443886476905211,-0.940106767827442,-1.3104550301477
-1.8382815974851,-1.29729658369097,0.122963882269987,-0.992363567440022,-0.0633728306000772
-0.651437208551124,-1.65249039969904,1.5991435356171,-0.175090364582293,-1.96671829335365
0.369803154656381,-0.619658355332718,-0.900281674581914,-0.890323253853466,-1.27234870816825
-0.483311589172016,-0.851380034781278,0.756331790297338,-0.843140763825586,0.203464497407872
0.142452580022619,0.735275350746802,1.9592589872566,-0.453092069430269,0.0756901093845578
0.368652879862065,-0.970212522583101,-1.55915674613214,0.209623911569914,0.563858156642306
-0.291754432541566,-1.10576089428226,1.91490555437816,1.93712394176329,-0.425939268425666
1.1983236177129,0.830456938286347,-1.34530534046834,-0.731803324187937,-0.60980912776666
-0.245805541236371,-1.59777155314279,-0.569848452014032,0.23868882750025,-1.56693913185762
1.16388770704233,-1.02998261334896,0.654724471206688,-1.07866781095744,2.58053912840892
-0.529545938610482,1.83589030361994,-2.04853358993577,-0.275644463701493,1.5532492699021
0.159538007849286,-0.322541212990752,0.553049173004244,-1.46029460653421,-0.28544417792593
-0.267316093797933,-0.422513003440364,-0.166273934051412,-1.34642911364068,-2.01245059095828
-0.371196658972052,0.630642288560771,-0.328032668480531,-2.1300141711286,-0.153483888616987
-0.825112009266701,-0.0737233850887587,0.0717755291957259,-0.917948578976109,-0.726531889453383
0.502749992023759,0.731651053284326,-1.89481266977199,-0.173589241236697,-0.72990826961727
-0.254380531516086,0.469399573051089,0.007873436626255,-1.17013469557249,-1.11983727751203
-0.156068921284926,-0.208805649780833,-1.47906108152614,-1.15994756265102,-0.945863872909818
-0.42130301993612,0.421612889089954,-1.23812491160059,0.0347844898234043,0.661193060333067
1.25732198719929,2.04588399717965,1.02062047319109,0.0822467489965052,0.0604490597026761
1.01970037097382,1.01138998956879,-0.494502242913492,0.0370522597674518,0.91601233732273
-2.62968410202533,0.765050288887041,1.28073312932846,-0.265008273462571,-0.617381621895534
-0.447713759994598,1.85360646937752,-1.59503624428004,-1.02753798408812,-1.29100157828279
-0.794056420974571,-0.481397002116239,-0.825714177038388,-2.44881736969797,0.710707996116824
0.349818491827099,-0.396206213927019,-0.982345794067523,-0.452952211808469,-0.46918077238607
-0.948102264648674,-0.367098464906281,1.18083986699429,-0.951334840528072,-0.120338679753697
-1.41827832044017,-1.12650672140229,-0.199316083610142,0.503632221701895,0.105734680836592
-2.92177293794553e-05,1.1853778578096,2.54156408744714,0.152875541300727,0.746886344565884
0.682375552557867,0.924671057704737,0.160331317551659,0.302149930625063,-0.954010717928726
-1.80703953928107,-1.21135799042374,-0.809180082381784,-0.163798555075448,-1.02335347261987
-0.734052178213462,-2.09278489880076,-0.37320895837295,-1.21038079184191,-0.160279966773184
-1.4304055667231,-1.7545347637963,0.939490973900677,-0.291162735527649,1.54146635726058
-0.776334663391636,-0.258621908746024,0.570266304341047,-0.78136929259948,1.12246106078969
-0.338716178540636,0.135296726588507,1.03332736012563,-0.0654359533239891,0.384551354376385
0.970702020922725,-2.80589093159726,-0.00663066918419832,-0.936890263476867,-0.737103970194734
-0.552128988407608,-0.389041565373952,1.05919386707519,-0.983263991482078,0.293596400159503
0.560968446749967,-0.00212149746843194,-1.44085266613728,1.04800664508074,0.960419586440969
1.77174369811956,-2.20017300929893,-1.15448090606908,-0.353300878391772,-0.974429119974475
0.719027142147366,-0.668567062756465,-1.36194699415997,0.0390487184704435,0.509915244886833
-0.612976415761448,0.161595280936697,0.98792185320016,0.378158321769158,0.542914395610276
0.646654033370492,-1.58869094911273,0.604455080152128,1.63070829596259,0.903269504030263
-0.871964281610063,1.70193511238262,0.455436156416744,-1.53932946475805,0.78154767591557
0.445679101557079,-0.716969371653799,0.0643962226974324,0.525373522643215,0.747997167980798
-0.125555692331795,0.417320873422717,-0.0344365146517931,-0.430271259380623,-0.432449495025902
-0.984976788840649,0.656274792178424,0.266119494942882,0.387964162198294,1.9763223947992
-1.24465821844241,-0.213675605646762,0.123909080149472,-1.0543656299688,0.115223395852819
-0.563862549462017,0.10011738898966,-1.18071533668505,-0.386791868245722,-1.67947084045582
0.18714864816377,-2.60795450888885,1.43392803665119,-0.984313061711133,-0.834897224211624
0.802800372512296,2.1921879301726,-0.180830235881335,0.271109394231911,0.122656001234498
0.758360869655834,-1.72945718914767,-0.023648299552004,1.58410365196704,-0.5575644213797
0.830124382676957,0.723853014174135,-0.568817002463821,1.85932046758605,-0.752713882039513
1.21318692158346,0.818549261896497,-1.28884422787057,-1.4399402196024,0.345297424080628
0.2029146854865,-1.48043357522752,-0.369415283071104,-0.625886422037499,-0.19963757083652
-0.167963384675623,0.338973037149695,0.839200362149057,-0.919782237971248,0.576611988645079
0.643781746239497,-0.314607234517862,1.28472094654656,0.22660274466535,-0.436502937859201
1.34978009187938,-0.505196227851738,-0.335868027432406,0.242283973557604,2.7838337071205
-1.52062522826135,0.128141937447342,0.178311199482384,-0.324378859318459,1.99578778932344
-0.262699465780215,-0.497507485264693,-0.955303361132239,-1.74844794831152,0.334863198931192
0.734056048336935,-0.0839116001192659,-1.68807160131778,0.263581153183122,-1.25224969790569
-2.35380096878028,-0.732952376326534,-0.150096143630727,0.613118704505127,2.1887024840834
0.989794210846805,-1.48845985649018,-0.49713079478846,0.0568002092059743,-0.225245321074984
0.243433638926439,0.986824716579006,-0.0417118381776969,-0.250803606930442,0.0686128851680537
0.954540373321593,1.54059063847593,0.203909732947496,-1.29222343430567,-0.742714309843879
0.342326182094252,-1.64861863851499,-0.467574161796004,-0.343585956833464,-1.24347192270052
0.688900646869014,-1.13857937942611,0.614682424721827,-0.830939463779002,-0.566910518796464
-1.88994903236637,-0.495755770386506,1.09992386830251,-0.639694723967163,0.386671006475223
1.41682396212421,0.195731405122322,-0.165671534550478,0.0915266960004621,2.55884974944957
-0.0435942849749651,0.267621238916795,0.135055783293443,2.32082588309154,0.489169856154104
1.34115025978808,-0.687679167285939,2.63798344397658,-0.181526745734555,-0.578155242769635
-1.483589242283,0.882446370263178,-1.4829432292556,0.204105866425905,-1.89892746275073
1.32052649982457,-0.46224644662511,0.123687797981355,-0.710409135980672,-0.054553971453851
-0.0967160861682404,-0.211379984856225,2.00766991386423,-1.91824093930648,0.986929906190045
0.577212287581164,0.42867948018383,-0.451071613768178,-0.192254283613771,0.477557650845899
0.822402414373088,-0.185867611465761,-1.28218893280043,0.558368171393991,0.258442498553585
2.32933100468847,0.256920739748381,-0.376474779189466,-0.778006955751727,1.46174146177829
0.216159313278274,0.0529493481576293,-0.509968738821571,-2.08747673337666,-0.106522816945501
-0.279943135720848,-0.69776284538401,0.551500564912287,-1.02273250055846,0.709710238241676
0.63068912210245,-1.44988220742791,-1.10394452513879,1.08874452806061,0.908940306889231
0.285971810327623,-0.119494568025248,-0.606362542426626,0.0202962514513289,-0.283042897789263
1.7407906552611,-1.03456953687363,0.102457668888694,-1.96936162349566,-1.10043867828919
-0.816099949340118,0.304743102885688,0.448533443324665,0.76680715190657,0.364256693389279
0.917006265556951,-0.636200928284814,-0.229320774174329,1.4761813687407,0.980780135325662
0.119557396630151,-1.58514788774115,0.651998090066888,-2.26418013911288,0.356715263105162
0.885180663939259,-0.435038396221322,-1.08137925478354,0.640633641158339,0.689332897563856
2.61536005811318,0.41359974863444,1.59414813280228,2.08319723832628,-0.851105895400007
-1.1860331036849,0.982668372759496,-0.723359971513719,-1.1247915764505,-0.563157404171313
-0.0699922468065078,1.31276956419681,1.46764455361964,-0.492197077753719,1.12976082760463
0.772224714552629,-0.109115852772182,-0.868163335305509,0.587588742798664,0.0282982895274403
-0.556147386399665,0.00612573213362524,-1.23848063687719,0.669476670331509,-1.22460310597013
-1.00143447203923,-0.423816301813897,-1.68959646306014,0.604879494487701,-0.106583260756825
1.44739278853024,0.800640071860648,0.971222881354192,-0.362156332283453,1.20188851598589
1.13315647801487,2.48608485590039,-0.760367172431117,0.614823854784434,-0.298481797984311
0.100239554776723,-0.978254916163988,-1.31574583165419,0.244601700050429,0.982374817170231
1.14197801672445,0.95724182827217,0.356679401060923,1.62978963851147,-2.41521451557476
1.95571252096391,-0.758861879110597,-0.180934824018431,2.00369508980079,0.721806212726719
1.84124954744892,-0.749616771583668,0.0750658631386148,1.29523812920135,1.68625990226109
1.72993094883389,-0.801251442654349,-0.665955264176156,-2.17679950023464,0.315492766400582
-0.369005504308722,0.331576056571368,-0.160411390758473,1.68229622549523,1.56307435971002
0.0570623466807489,-0.0805381198963434,-0.233043892855629,2.06008833897257,0.089513787841174
1.63159522955963,-1.01753941913739,0.0810984209318912,0.550042841681618,-0.317494570084332
-0.647112380225414,0.690241807188021,-0.164151974094778,-0.953457356478887,-0.313008255009747
-0.132385841246194,0.401529061835476,1.56161707086963,0.912216045692016,-0.999264606186292
-0.974305387141177,0.652934797716774,1.02077996628558,0.351831084365763,0.967514277830981
0.000556766385406629,-0.798710312305418,-0.752256546107942,0.566848135057674,-0.925524878134771
0.748249672341318,0.0894540389457258,-0.397816973856219,-0.764246415726031,0.563464599057168
1.72372505427878,-0.139442777337679,-0.111308505952436,2.45353847604321,1.78925358252251
1.4288471282987,-0.514266033333077,-0.739059114132507,1.34687969967341,-0.109107921711178
1.67348291105303,-0.919852141307756,-1.65369174220883,0.696190427939813,1.67269290532557
-0.784622947862545,2.10410569507311,-0.0300371026642005,-0.788019534100088,0.40709000958966
1.06898592729058,0.194460721635547,-0.373069602056519,-0.126380205816066,-0.246617251637377
0.373803503489081,1.33180159633648,0.611896578074331,1.63940129161749,0.665901037283764
-1.17507736154449,-0.529890158770379,-0.362665624491312,-0.119883069429119,-0.461337302726642
0.657052276370563,-1.02448318373729,-0.0929435235549593,-1.73013712507902,0.929397919316325
2.96769071219543,-7.56899736154743e-05,2.51477481943813,-2.79796724874969,0.448177564658105
0.341681592150239,-0.116388453086312,-0.29175010900435,-0.18789563515512,0.189377914973537
-2.48376546162992,0.0311674070023945,1.51496391030736,-0.26875922732556,0.415616292659354
-0.00828252595594955,1.12290370564977,-0.684544028828658,0.311116245263064,0.241027194172734
1.9497204717376,-1.3057326339211,1.03051471537543,0.932315550962923,-0.494704107030448
0.28435536174054,1.00168668870511,-0.381652535691564,-2.58434613380348,1.59150957743643
-0.286476911958211,0.422581201989507,0.429773168329728,1.80270805363051,-0.534632510115508
0.00452176404595031,0.415822335540344,0.149266981535839,-1.00364022662018,-0.843545963787295
-0.471170682358093,0.141294797176499,-0.248107407853651,1.69360433686476,1.36268370893732
-0.49326505540887,1.30550902796563,-0.812203688142188,1.61153852971603,0.304838140787859
0.0952890102859916,-0.00433558432349556,-0.00923501217345489,-0.7474035363482,-0.593086248352746
-0.532282785798463,1.96529923743872,-0.410488679038145,0.275312552002558,-0.278641626346077
-0.144616575818335,-0.154226069218859,0.645949527474346,-0.00574517106017225,-0.901048376553826
-0.802475928355742,0.996850841568572,-0.0510770731026156,-0.883241094910711,1.43233310785723
-1.00197932914664,0.325182253538788,0.815118847681662,-0.469670855176258,-1.6559926590236
-0.0595514546142042,-0.44992557927483,0.507929661562723,1.66258126925757,-0.358945512105392
0.291576439978405,-0.105786331990195,-0.845512624282177,1.70798844959004,0.0477851801635232
-1.51149336320179,1.63615645347031,-1.25309194427032,0.480139810440092,-1.06996375989426
-1.3670536635475,-2.20670974061484,0.0950548643903974,1.23999320985278,-0.27117691039925
0.101503816083954,-0.544153823172796,-0.225002790482683,0.281819684548596,-2.18552526832313
1.79575686423774,1.01324703934339,0.624870849151639,1.31944432182338,1.28932947841728
1.72774125464861,-1.16988447234891,0.243530125694643,0.315327607577755,-0.472676916269163
-0.545085213402223,-0.49454804144761,-0.842978223441706,0.651975404188785,1.31924777664342
0.613500452730468,-1.27689742539461,-0.313392201605857,-0.456889774414016,0.261453013223495
-0.558199414975397,-1.66918196033923,0.940077124722922,-0.739826913035312,-1.65879712714395
1.36906669065749,-0.319688744161576,0.0484517420828143,-1.56040847144304,2.74601151505652
0.16214438460661,-0.414165512842122,-2.12209298709916,0.0616347314612892,-0.985538609765748
-1.25486391442685,0.525958972787117,-0.664913790644961,-1.0910309345483,-0.0377053471658825
-0.992229552646987,0.0188774223156192,0.328433435854552,-1.19740856939155,1.60274764831035
-0.0891174652481445,2.2065080105712,0.160990977853558,-1.07325371078388,0.476796331674735
-0.20497550377631,0.553807947429481,-0.147655054558256,1.23823465630304,-0.55581866382955
2.50900978278101,-0.875359575512453,0.455582852543176,-0.0911943624449814,-0.449807951991832
0.579980948769956,1.22809160722799,0.552606626053332,0.133593538398262,0.570196178177289
0.639389027130837,1.2996923466403,1.06915027271693,-1.17123533182021,1.64591967337418
-1.00965646348746,-0.945980317594769,-0.325256341874656,0.396695700533932,-0.726476263221971
0.138531326996548,1.09345149549515,-0.70450670130531,-1.59820042384071,-1.51166973462051
1.05887427118301,1.51454204970594,1.01216569930176,-0.335336186638049,0.834558699990517
0.713424538667857,-0.41124992670492,0.395271021978187,0.233482587005139,0.609230997827602
-1.96994935235043,0.532909214919768,0.53000615752559,-0.1184459477762,0.0933069727434319
0.87168851210963,1.38180883783176,0.951804529608972,-1.8879675684548,-0.80454107866094
-0.476750522553385,-0.29671395455216,1.03462062679799,1.28773390818963,1.55479490432261
-1.76443182890636,-0.818466206012497,0.42122530547649,2.05832847684592,1.02632938549557
0.326812661818685,1.82515871672013,-0.424904470039892,-2.14114866429549,-0.922171773795462
0.64786678618277,1.33322177138812,-0.680115214326477,1.28709595960207,0.298526241200833
-0.6859179934929,-0.143301680037373,-1.71317021300783,-0.906377143974414,1.07778953971764
-0.617008290884562,-1.95202586918044,0.749724813394369,-0.471946546318724,0.603127590691992
-0.0222864423876181,0.602901591388612,1.43566994999698,-0.343938968578533,-0.303311468476828
1.96107589020684,-0.163920959908144,-1.45726330554416,0.253667291379349,-0.888097468365135
1.84293371256891,0.512399706489011,-0.46612809980768,-0.755074152351055,-0.0992859246766946
-0.232301394556815,1.18727781241528,-0.684764940271284,-1.15073432978327,-0.149333336406577
-0.398965636776339,0.346032825409204,0.876568493590899,0.626894294633668,1.70439282830568
-0.409861870209504,1.56461089473065,-0.289941640300804,1.26235878173463,-1.1641631126481
-0.500215580474948,-0.679230744761383,-0.295712692233902,-0.894760251970285,1.37721372090418
0.945320780917652,1.62159934311863,0.341826790906213,0.305771161328129,-0.263629544101239
-1.05575479912528,-1.40951293653396,0.710974023871297,-0.389117525486742,-0.767548177025926
3.12803824718566,0.32159890528209,-1.1915558857721,1.09401041314944,1.37509366902869
-1.64725597196028,-2.24200723845822,-0.670182532442729,-1.20987662078545,0.321715700026277
0.118481394762206,-0.800637008850568,-0.972203594779855,0.0978821869573362,1.32825259606618
0.686294192070656,-1.21040367609285,-2.1631308590381,-0.801277386040404,-1.58933344844777
-0.315532114534396,-0.12378558998108,1.23368287300654,-0.22171685246899,-0.79409234206288
-1.39104295844722,2.3355563166903,1.31393134302808,-1.20370796529499,0.57254099680482
-1.43210715301364,-0.912573729901082,-0.0911881992253814,-0.787329810318486,0.901068864831899
-1.44226790128367,0.415002494628244,-0.544971789697851,1.67477827934257,0.49836940238844
-0.704905804747413,0.0743935748906331,-2.71945745616544,-1.72381926633987,1.66076470809209
0.0766809249017345,1.2246217155514,-0.873570152453003,-0.160113598774196,-0.0645280004382655
0.552546438801985,1.42319399614678,0.553789381549714,0.777185932475523,1.45248127668794
-1.68165585047033,-0.322090142301968,-0.397221778456032,-0.423749942497948,0.826766011580407
-0.923071581466861,-1.84934729524468,-0.723537880913158,0.0404571600790719,0.389657307821173
-2.84673681120626,-0.0696420203098794,-0.703311563922414,-0.575285518757469,-2.43549105392227
-2.07505221562689,0.323278942682776,0.515917651077041,0.282146590766498,0.811328224340915
-1.18377335734691,-0.91236871348774,-1.14886832056746,0.516232177669124,0.755045701523973
-1.55851859008926,0.847702098326092,-0.973392890042087,0.599933905105061,0.228849551454478
0.980789056483799,0.873586574534438,-0.537325582038464,-0.966720475267097,1.89217176708367
0.273491353129158,1.75057563910104,0.929582404321504,-0.453899568223473,-0.953712524260262
-0.46549021510358,-0.867347091186917,-0.0151202602362276,0.508428555738023,0.330324473436129
-0.918436069441482,-0.910216333937658,0.470912882013333,0.667256421300617,2.10671014686802
-1.9606810808124,-1.59909080729008,1.81176864919702,-0.644641131620185,-0.00650277584107518
0.157042372963796,-0.0955547966573758,1.42796629238616,-0.377773609638846,0.893023158385421
-0.0275279056021892,0.506914666296215,-0.333762590899514,-0.728883190788286,1.36955147495633
0.34139164766414,-0.223790015679762,-1.36858847404942,-0.859065150801591,-2.19911125694372
0.0914016260364761,-1.03891454549707,-1.25406033591339,0.347554111012717,0.182048265403505
1.08434030183822,-0.443716996415554,0.805415236098024,0.0618030586845968,0.52633819477854
-0.676040696615736,0.246723671715734,-1.18399900538811,-0.395584178374766,-0.735584450099255
-0.241330906973178,-0.460026519949356,0.154510233206525,1.35326777043585,1.59457709455765
0.761426570018005,-0.560811882659569,-1.21171665473375,-0.868456251051577,0.343725326594438
-0.183602258799691,-0.201734549118899,1.55990089776503,-3.42781088047137,0.737842776950787
-1.11488371477433,0.711292482965113,-0.403016068977455,-0.0695480088461058,-0.460416539364547
-0.666574173955128,1.00412028174108,-0.903874451582711,-0.394065764631221,0.775887029669859
0.751623761288502,-0.913639685814827,-2.44964156177412,0.397274413383346,0.980861986501921
-0.0234654132567647,-0.733548355763488,1.1361359939023,-0.222271712109546,0.160373499293267
-0.221641252399067,-0.109615706930567,-1.49670609823951,0.98068615284555,-0.0258213798131108
-0.0116526382321121,-1.4512217513296,2.2186535604858,-1.02583919844324,1.05099062599042
-1.07039696516394,-0.812018743292374,0.878355532073965,0.524684070845541,-0.0167737818834429
0.712810907441678,1.04283819104892,-1.79001495126863,1.57407266473446,0.822134028866261
-1.27865654476894,0.133070429427878,-1.87524928096381,0.432994755051202,0.439914543995287
0.287210590082848,-0.994158611976372,-1.47950418486269,0.0843948032008839,-0.291858852328903
1.49691973987813,0.327789848403665,0.847462328593573,-0.830578337612719,0.551394439808254
0.173702011128952,0.72636183888479,-0.23133117513739,-0.716788285360024,1.18554626521975
-0.287606333558837,-1.37149543810355,-0.939590128919296,0.952500236506342,-1.61815268407605
-0.852484809905115,-1.27123780628674,-1.49400467700946,-1.70595352248004,-0.821063673468472
-2.13633072942701,-0.235765446902565,0.54013630453277,-0.349874430365307,-0.135318177427484
0.467583723132431,0.462259250061756,0.42092404027005,-0.934891858875494,1.06505868936347
0.859553313972084,-0.581791169638244,-1.96990443454507,-0.702408264911823,0.895106692163111
-0.619582013635653,-0.566411138123926,-2.07703756057469,0.647925619169141,0.689968553582023
-0.203193725065983,-0.027565894992473,-0.0139985859929597,-1.36186715228061,-1.20797769061984
-0.155771306240512,0.511767658750265,1.3762513962423,0.960487096611953,-0.388417269159148
-0.632952412921979,1.48909458920369,-0.907699084675625,-1.51320873437771,1.85984660960346
1.3475294287331,-0.535438046408336,-1.00149931258331,0.646608772532158,-0.909211780116144
-0.116834935116506,0.72094829447172,0.0722188167922172,1.99346534564136,0.292405761732602
0.857139767737939,-0.00338348741994387,-1.29360759731648,-1.21617732533607,-0.0222207062411929
0.702375400991075,0.313152626548113,-0.489856594197879,-0.0848084285683206,0.287718310780507
-0.806975620748608,-0.656804912887836,-1.3124096573984,0.0995432187051236,-0.717560872443447
1.32534271038871,-1.33733664972853,0.161203190055237,-0.0402643817502627,-0.35401317101238
-0.12509428719573,1.05743832437713,-0.201204252792108,0.992080671347318,-1.25470282927051
1.2088595380522,-0.809906863682597,-1.137676788333,-0.222032095369621,0.0425841676533613
1.50296558096265,-0.270295969605786,0.408186025132965,-0.799005821473562,-1.29702260954774
1.39578393828632,0.877369481916865,-0.448625696384338,1.16836533068714,1.08871152025468
0.545238830413414,-0.747632984839295,1.63259314831288,1.33420028637474,-0.0254415700056539
-0.331713609619641,-1.28887978621532,0.987127887782068,-1.65725374927579,-0.60599960191001
0.195739595175371,-0.297648524469198,1.19650114297184,0.754514498564809,1.25522908773822
-0.109816684039938,-1.70341387946266,0.606470723829685,1.08735802703094,-1.42689343011484
-1.22316926479716,-0.0441689015982941,0.418379028237955,-1.26889660969261,0.35611449751992
2.51308496563027,0.719116557695403,0.0279488581705408,0.22587454327565,0.0844016088266232
-0.734705942478316,0.38135641596719,0.526789096350729,0.520357490756343,-0.235967018251318
-1.81000368101466,0.259190316023171,-1.19623433677575,-0.945294871425372,0.185648533863324
0.868951698514312,1.09376338875484,-0.249497662750377,-1.48642835884005,-0.0303146654119892
1.24880367255865,-1.12241864578066,-1.07012075335076,-0.636069392912436,0.54683715499777
-1.48705612751664,0.214034495856406,0.81525937109274,-0.432836001824921,-1.49073522553947
-1.44189387593309,-0.252338882732102,-1.56175181240593,0.202867308625421,0.852079468115117
0.438310351236662,0.762685151982351,-1.3993844548421,0.155376344088509,-1.52260759310394
1.01552496026398,0.993722295374054,1.54416517136658,-0.00733762325176266,0.397690725137721
0.239658127724672,1.54723872181796,0.89346149290661,1.29520596146277,0.127821632209663
2.68808298506823,0.552041309268832,0.354550972658989,-0.67708453676814,0.868586887177286
2.10942153923373,0.987510623714579,0.684614000393543,1.80677541680086,-0.34854422099778
0.628717725664719,-0.0261547921406337,0.373058898239684,-1.29831833443131,-2.60343093134871
-1.10463292944448,-1.92457292652379,-1.17862000833495,0.829369211511173,-0.795866017693684
-0.742218962322907,0.73492173509433,0.841341908082942,0.389497971056118,-0.146844960826008
0.186911809966474,-0.273131116008922,-1.08793415963511,0.969499460841463,1.51833286420633
1.04462369425246,0.744146028338914,-0.691637835863039,-0.389090798367908,-0.922932192147023
-0.422945174636259,-0.412376132830434,-1.25128412668427,-1.54677363956403,0.0243205591774052
1.0951467006574,-1.01742415746136,-1.59374383754124,-0.803420354861281,-0.39581735879876
0.619049235647698,-3.57212437029748,-0.828675039718446,-0.901125638631989,-0.354339476504398
-0.661339293302151,1.00348271869597,0.823909693474792,-0.198314151072477,-0.0224705539485294
-0.988901071472848,0.626982130079122,-0.144890183118925,-0.334739004031721,1.15445032129929
0.190089204916207,-1.75351605294863,-1.16387189046981,0.501464324958765,1.9460427893372
-1.04461669836924,-0.735452353776995,0.867188796345809,-0.807796111750786,1.23775924161068
-0.76667585413959,0.613362238277881,0.100705505802526,-2.31921686054055,0.179924920225575
1.20995347562156,0.530732605724808,-0.907299311917925,0.311297541183646,0.863994765625935
-1.48179024094937,-0.486123463017175,1.05185344759005,0.724924032498337,-1.64171485534047
1.0941715643093,-0.833692428212242,-0.0135805858187619,0.630179460609998,0.269194692835702
1.74725388290072,0.468829190591921,1.65158959404361,1.44274020194697,0.071548190457081
-1.13385411593422,-0.714805623886384,0.518330763611849,-1.04316545512563,-0.392935564825243
-1.08515324317898,0.665680534575847,-0.610804895363184,0.0117587607705517,-0.621079192583124
0.641194427008555,1.02245696931929,-0.663808975959032,-2.35706014713921,-0.514354754122124
0.41390279433799,0.38962773040739,0.709908232802085,0.989271638148452,1.31474042825849
-3.50584146392168,-0.566790770608399,0.515045149286262,1.56914910143763,-0.207515434741954
1.17562212496511,0.911531715525034,0.830013856838489,-0.0904096939250264,0.803674467949546
0.152199038895266,-0.105194177001717,-0.0959346381852278,0.209446590513392,0.789375807904719
1.30072514758775,0.547390512183697,0.62001493931082,-0.18219344608018,-0.449266986710926
0.403721937137468,1.0018917895667,0.747798090192133,0.710308600549706,-0.209967892474162
-0.407531459211125,1.56404603576543,-1.62797835850121,-0.631969092262847,-0.919494691172491
-0.892504182674797,0.636251124966946,0.31617731976744,1.32059195397269,1.31323366119133
-1.92953215485007,0.0646561780899974,0.610297150849877,0.530190198926814,-0.655013855888304
0.174190062773631,0.969739267201175,-0.711601592780445,0.606457558449681,0.0325137020513439
2.15072862750626,2.4361017875794,0.210217818101049,-0.820437771193155,0.279683534840219
0.185346633982757,-0.397194204408447,-0.375820376166287,0.105176470030405,-0.933625032209984
0.820781910045542,0.012949442502381,0.018080977739152,0.334348177736615,0.0853015703593489
0.621373112731063,1.54424071732137,0.258242959681891,-0.747689582522614,1.0055427909312
1.55325472459453,-1.2394490465836,1.32640754244005,-0.375959243133723,0.436528569399012
0.016591153911091,-1.02465399233667,-0.311809956768243,-0.0271195712301325,-0.278898248340433
-2.00196400297906,0.520408617167039,-0.726978730384505,-1.32448363414474,-0.598717034138859
1.29439796721973,-2.12726761637364,0.48706170394461,0.18650708494771,-1.44825240532126
-0.577178986606117,0.23347767888928,-2.18460778400479,-0.582984295102332,-0.272181500686846
-0.419018735238296,0.547300871690785,1.45301371137684,0.70763461653574,-1.86154453730063
1.36506272306137,0.239440285348952,-0.346705727760192,2.65564899391236,1.34180505124085
1.11154448794802,-2.26742780005571,1.0307327680646,-0.568224685530492,-0.702945809919045
0.942924238843479,0.358275304190946,-0.328235264339007,-0.949977614128656,-0.859900934130293
0.199895812771861,-1.08150484610372,-1.0250428451339,1.00603978995279,0.0353766629323837
1.13682485482066,0.967118271226103,0.249758042261814,2.02351013357125,1.41817832968459
0.994043178556084,0.0272469950996886,0.327813457921699,-0.616329984439816,0.4277248553806
0.509077806112378,-0.401461810714136,-0.305130571376884,-0.627699466416788,1.75910488750529
-0.308576164887352,1.67256425524761,0.0476577546519709,0.146601747952857,1.23643506522925
-1.90041181442099,-0.29308774714773,1.80636410889482,1.00047227863088,1.19982201912026
0.368945052693629,-1.46659374636634,0.711074064736517,-1.83615136780359,1.825780130245
0.867498421329396,0.141818685177371,-0.250785061616968,-1.17757335989634,0.569321343326128
-1.24467939499167,-0.164213177370826,-0.299282347140538,-0.754673966267816,-0.278082326391107
-1.1972271896013,1.63870508603776,0.278780856764448,-1.14692142644,-0.608809537527908
-0.247130044831224,-2.37431661259451,0.805918778197034,-0.589408732632365,-1.40300930172169
0.397970322162332,0.240929324061789,2.19702926947791,0.087177336651986,0.536589379827936
-0.768016094191409,-1.11559320829159,-0.0054975887741176,0.178414155257189,-0.373139132090711
0.642247896793933,-0.284690927078356,-0.129848568594909,0.260866103496855,1.52192337501545
-0.931820025762457,0.45161651908883,1.23153379393711,-0.501145330596238,0.485774743837519
0.681202127295996,0.807513567767551,1.09141996010749,0.257880123242671,0.460233149928995
0.99991499071227,1.20027112800956,-0.519899267557179,0.630065253951944,0.215138506037538
-0.509368814754456,-0.710053240370892,0.351319095965541,1.85272597087734,0.3754536536759
0.53470627969695,-0.530577595098229,0.0601630356358665,-0.00548419881215303,-0.0817809787928459
-0.306182063106279,-1.21373168085479,-0.259171056138685,-0.143711094414974,-1.95494163005367
-0.165939401201854,1.0406067106823,-0.20257477687305,0.0313648444911754,0.501533094630652
-0.248309944566554,-0.511773389130031,1.19386905536628,-0.67849178816219,1.17488666038841
2.15797701978896,-0.094018671178446,-0.322082888228429,0.369533280027817,0.17701445218003
-0.977933020505568,0.0938378089266799,1.1672239940044,0.050522454528221,0.755670922747957
2.22361331141366,-0.209433597926977,-1.55407251945095,-0.569943392801793,0.153057844675076
-2.13607875066281,0.296286385342933,-0.6871552786083,0.117879544350929,-0.355052141793294
0.00830777784645554,-0.0280018841741773,-0.597520210602065,-0.0979796788426054,0.528887470407069
-0.0477810941038482,0.0617802963261254,1.09826831070009,0.109134485873296,0.452983188778668
-1.73131961633359,0.725896064974955,2.04300351770114,0.222976860014955,1.6728864961881
-0.927886902640372,-0.118132643814187,1.7025645416319,-0.552748218485722,-1.522305271852
0.205619263477824,-0.878825307275302,0.157434291700174,1.59087365413904,1.97522151456575
-2.80500983028057,-1.15433702430883,0.630600950263139,-0.180932807221692,2.24610094681975
0.947180490708082,-0.90681567034823,0.0391853982818872,1.23886627703206,-1.21005100218194
0.0652990720380152,1.18156859427585,-0.932923092099422,-1.04553002073933,-0.793438831342188
0.845518189415333,-0.301888368987737,0.518693523006222,0.258393412012563,-0.00993702185520991
1.8069569675342,-0.719907562669767,0.850136609375904,1.64587649332102,-1.01068482207065
-0.298988109387352,-0.428503617619684,0.356251805008839,-1.22001902630414,-2.1090142925209
1.08823863142352,1.36597407893915,-1.25535039180297,0.779041164267032,0.688005945679965
-0.022418228949322,-1.24529758157468,0.118954244339326,0.48259156913965,-0.0596226230630742
0.0345505773530541,1.38990990124814,-1.31288153122981,-2.25255288076845,-0.349360962628837
1.37889910032538,-0.826215701662498,-0.786843771640554,-1.29596824706723,-0.680973341814568
1.43100494191919,1.48237155196561,-0.804032280109153,-2.18707724608847,1.61980707153999
1.1775673225917,0.385566688698192,-0.703022416362827,1.5799017359934,1.15424763615148
-1.64445316500559,0.441099118215047,-0.210155648293336,-0.0312160665007315,-0.0566760267042064
-1.8247425921604,1.46528383235538,-0.395072521434612,0.355517234373977,1.4587450404374
1.33081021281348,-2.09305036301463,0.878595113790393,1.85533467726622,-0.470788624897799
-1.37735981832991,0.937779314480067,0.591700360605105,-0.562535814049916,0.144450761953318
-0.381894821312694,0.640836773703351,-0.365390222369968,-0.539453607871104,-1.72168555056578
0.0126130006230861,0.926868517935122,-0.0293819284256854,-1.27987055450773,0.673048791491838
-0.555082231490187,-1.10450885608944,2.57144105430643,2.05996733909862,-1.38395472207411
-1.80441194201669,1.51658339893282,-1.19743839202791,1.59101685283705,-0.848608745393363
-1.84654520910878,0.0447995630800101,0.475507473222821,-0.61222586008751,1.04073358262642
-0.122404580047431,0.145421194783806,-1.03484488494569,0.745975554466441,1.21358270085241
-0.868948433238958,1.48554755748915,0.192601289695314,0.405712473649953,0.144334912878556
-0.101786503954867,-1.21915850207165,0.603872278885067,-1.23622486179876,0.541323637985493
-0.396789647141398,-1.04178103128185,0.179189153619789,0.609468896227706,-0.21324730237519
1.07452584683879,-0.68528953081797,0.919115400688548,-1.22088426481942,-1.23121173696651
-1.09924516118449,-0.996541607390994,0.863490278300499,-0.480417471667993,1.96307171784228
1.67988737797263,0.735382543513537,-1.56334265539438,0.910217478565862,1.39076014546253
0.850893836037662,-0.466628197083686,-0.561090479044028,0.471075838129617,0.0746088581522708
0.214476361199138,-0.0146322609777456,1.0406632546455,-0.470400267932275,-0.384901335107157
0.388826838693522,0.97198246183278,-0.496383414081375,0.260058398319,-0.315825829679456
1.56840789928959,-0.427406964362284,0.0892996413604203,-1.41918633165299,-0.526209318034001
0.100325777723006,0.117342681466192,-0.229854077729011,1.47317152202821,-1.48124028537972
1.37105560809729,0.312224942860712,0.054575676125075,-1.89127286321878,1.61185985568475
0.585035617463772,0.0305667337081524,-1.04769846673048,-0.756225697679429,0.542130887995862
1.44836142147623,1.3456755193359,0.107921128971762,0.332766011996783,1.45706560176558
0.67062122441102,-0.739703821458481,-0.956751308041159,1.22758879041278,-1.97458485614137
0.866881287089371,0.00838920582379121,0.585412498448466,-1.17219489742107,-0.484204422215837
-1.12328768252546,1.42575655525931,-1.31334462394522,-0.374709890447264,-0.601472178253216
0.916855932669849,-0.0194868721674544,-1.06459650182246,1.76281714329169,0.255772747071251
0.781166073975389,-0.171044777169567,-2.82380854003195,0.119053464625433,0.464831946410357
0.657422377316057,-0.3101695906039,-1.13966016153503,1.35469980643308,-2.01029990315439
2.87820198557225,0.287118453375141,-0.884996378548557,-0.37184754637387,0.0542636724578242
-0.19940516835333,-1.45994303569505,-0.751076618371202,-2.35407513442476,-1.3107175407002
-0.677268594245271,-0.292206887719121,0.762683417548013,1.53105638724188,-1.71524888812741
0.576045632807765,-0.412246510459666,0.285289530405295,0.146924663641659,-0.5659069315182
0.129792287601999,0.429036928716095,-0.959819757972164,-0.824330700296987,-0.186355401498536
2.13139214818423,-1.13068267262204,-1.11108890113774,-0.635172975527358,1.71310203028191
1.29896763045341,-2.81083524926305,0.105736509361275,-0.885263485932735,0.0898270705458975
0.487043911500964,0.412756433939178,1.01066220036282,1.34190582680437,1.98635739536096
0.780694241788848,-0.690492786797295,-0.336622859609633,0.655317088025235,-0.710641324129957
0.551784717250409,1.52068900119766,-0.746669465061292,-1.16547854143799,1.37144822493831
-0.383300912641888,-0.109307173055225,-0.673846394819236,0.0589806084676752,-0.000950948122879086
-0.777213576067953,0.807310359477114,-0.742570261938534,1.27247723595834,-0.164871449783518
-1.0018504512407,0.219434597858471,-1.82158774330875,-1.10679350597106,0.0415207469047455
-0.00776620400229232,0.183567964985445,-1.63651662542632,-0.520429349174279,-1.12061069441178
-1.03748471508849,-0.251636958078789,-0.450756297123316,0.301734294996339,0.215462667022334
0.0910288863395297,-1.22840640536627,-1.84822469560235,-0.759818827581437,-0.279389211120763
0.441844877119543,-0.796589867677742,-0.973189832833676,0.243054939563652,0.307781643858927
-0.367906691647663,-0.122067910196205,-0.370332399035426,0.859625870920389,-1.0552831220136
0.523035061611164,1.20295964139042,-0.471016960237324,0.920591438376598,-0.503794827637939
0.202500084196628,-0.0171802624285888,1.4601465591149,0.376203403748402,1.10308020805727
-0.61125205796077,1.7465831949643,1.48274694338227,-0.582173158953645,-1.41814166756649
-1.32780125439671,-1.91732191828026,-0.752482723074336,0.815438350692691,-0.438077227030794
0.830254247867871,-0.806789754353801,-0.976178478044803,0.390048058977003,-0.843356725832301
2.64447121787759,-1.38114761774711,-1.74237679022702,-1.02373513725567,-0.550168131464051
-1.6627183166746,-0.19539204499273,-1.49047201712468,1.0995556153124,-0.211834798541733
1.28719387098464,-0.535380688411539,-0.280528558399465,-0.378155219331318,1.06395626043912
2.40922992927463,0.79986306666986,-0.144774663924109,0.418094056145329,0.544402016908841
-0.324120255704584,0.623680406796888,0.379284870879492,-1.08885276793711,1.53281189744549
0.841008563951196,-0.241080260668465,0.129042042000998,-0.831186238548075,-0.623713013273058
-0.0723734546813004,0.656061673742789,0.745663645172569,0.149417668856472,-0.478917182985343
-2.73448485656902,-0.714580867262224,0.19643607755996,1.02358279557287,1.94702749733832
-0.419965432087233,1.38174643538476,-1.53709640806034,-0.34904373051087,-0.0757180548907058
1.05422266473501,-0.0215745757100314,0.557012664111836,-0.500352816624221,-0.354045295084047
-0.448246351365135,0.18649736285524,0.540709599555086,-0.0569791546957053,-0.106837302276091
0.887211154626314,0.0159782038122023,-0.423888113496555,1.20698753039576,-1.12958703785288
0.252558154005145,-0.541541082878405,0.6964725968122,0.467750239386498,-0.485298889003848
-0.242534918091031,-1.00896205865284,0.287738425716551,-1.3455485818399,-1.9651438045769
2.69697056836446,-1.43910023225735,-0.31620981780423,-0.633842733986864,-0.126374342366488
1.226201857726,2.16846284255797,0.252593821825103,-0.876018382822369,0.742194636004244
0.184252573225687,0.721928888732055,2.09101141971281,-1.02466635524029,-0.773015274403804
-2.0164718848831,0.280416600131716,0.0512356497402721,-2.2778708416283,0.425235773697611
0.341716699079832,-0.433777135882827,1.07246586045923,0.607456163940622,-0.28692758997919
0.389633676903791,-0.317784460187331,1.57100899125047,1.33933735068971,-1.64296429314514
0.190143753217169,1.23556303852976,-0.63794737168315,2.34751979943033,-0.201993321141874
2.81421756203397,-1.85179449288037,1.74256382048146,1.29557742305284,-0.567473677661517
0.215810343989313,1.15280185030767,-0.482363119544295,1.97308120023246,0.975409090703832
0.188629550141547,-1.25939853821517,-1.34296634899257,2.30143955277374,0.815638774461473
1.70355772689754,0.628994322961782,-0.380401249248747,0.585802951036935,0.654860913335828
1.03326167737563,-1.07385995483072,0.304095101345603,-1.65876087893934,1.66539547223085
0.706953781059873,-0.88235263422698,-0.39310883434338,-1.93915431535845,1.67288333734871
1.24977903708119,2.13359204358619,-0.889120797775603,0.527347640394047,0.885590672613037
0.140239904419349,-1.57568987218623,-0.215889108881546,-0.73450105219645,-0.717804844264405
-0.261855990937874,1.11128174169587,-0.240196022314675,1.81360484896798,-1.93679230745649
0.016253447260174,1.28965270744516,-0.0354266074446138,0.734894666710815,0.525570914955289
0.842005232402269,-1.07442472313255,2.04490258034167,0.352308695364497,-0.0145585689507513
1.22336372452243,-1.26864942403385,-0.16725598901642,2.28955913159737,0.808093966506488
0.278118668870235,-0.347717457816588,0.863715909591706,0.912699307813255,-0.0142758661000281
-0.442973696415552,0.90202979200376,0.949306131910157,-0.337138739809894,-0.706850186119291
1.89095893918917,-0.581945451393407,-0.461614035700196,1.10256739840208,-1.71904955678542
-1.0318882724994,0.803907283606023,1.01696049780109,-0.844411679685252,-0.670797735882421
-1.68751755412505,-0.337787028242369,-0.678595740260193,-2.58232245634844,0.354947931439102
-0.212566320730334,-1.02971760232627,2.19908294256852,0.789776146795327,0.585452599939541
0.0268571739342191,-1.98748803046877,-2.64686567046461,1.30031599823429,-0.162868982886596
-0.86458772219595,0.8283481101134,1.48188328886273,0.321501466702305,-0.789908222038084
-1.41757919835961,0.702951296816053,0.636308219015393,2.16435182650634,1.61722663256617
2.12136746810432,-1.20783011005923,-0.490654759320575,1.44928825929912,0.58260910506252
0.821806023081569,-1.89896866372994,-0.597974794743645,1.55054406992202,-0.939499953594433
0.821270301890768,1.3429056323061,-0.524731143847162,-1.67499321305611,0.891311662629162
0.833414482311587,0.0183514094980347,-0.875400627240798,0.478321663795235,0.925941119129343
-1.43757798791285,-0.181853689144759,0.0533469229622846,2.3463906047705,-0.0799137188774448
0.821788449542936,-0.577030367370129,-0.784401854438111,-0.435418254571832,0.155845484203604
0.358277986691328,-2.0650136333014,0.994597339476286,2.31195468347462,-0.48489660453962
0.403542454232426,-1.7303661824939,0.226892056990968,-1.56703775778659,-0.635030754755503
1.62183696534716,2.50450512667308,0.238100433745742,1.8824079776406,0.252034107345515
1.53999330306093,-0.794174402809598,0.427295796238013,-0.374482050713359,-0.902714560482865
1.89389376202943,0.519202092467282,-0.301191078805004,1.01455250603114,-0.212282320750384
-0.153545199741228,0.731769406044375,1.38407270759798,1.6631948267939,-0.584498919627278
-0.914098558951848,-1.05475744620738,0.589827875481184,1.43054850552815,-0.443674640546908
0.494947869384122,1.18524002676666,2.10490554667753,-0.990012481398415,-1.21566100625698
0.698691644698049,-0.195326528104502,-0.207971038257258,-0.416893862843207,-1.34693337621327
-1.24750311149447,0.570117533403204,-0.0456442520238656,-0.25189523042757,-1.19305612533004
-0.547579402900275,-1.99412175337197,0.749411717810267,-1.99498569217216,-0.126540927665349
-0.556108257371303,-0.593014548191976,-0.939288059987828,-1.7862526444602,0.524745776396751
-0.553050334801332,-2.04842189384683,-0.871467232924105,-1.06637826282416,-1.36583199455892
-0.388303943718161,0.709888741274927,-1.41311204177717,0.828780131030863,-0.56372784415678
-1.3728504310644,0.440197027832748,0.3302911549019,1.16584963697051,-2.33980560800708
-0.148462357840583,-1.00309192783936,-1.90447383031198,0.279551977258985,-0.572774454005319
-0.329125711040255,-1.16065256090574,-0.848854060337907,-1.58536317372778,1.42084018440313
0.312254189188248,-0.121546743995604,1.89681960021582,-0.523524297114549,0.212702706743725
-1.14447997564466,0.59252682114931,-0.0154569896041164,1.51425543998873,0.38268085890003
-0.463161381212415,0.412683247720518,1.17477512380494,-0.963633763839873,1.18745215250178
2.1169411612429,-0.322349527891647,0.45246440305366,-1.11975246481855,0.876588525918774
-0.378126573718113,-0.88843888980846,1.88009175153557,-0.204415893451635,-0.0620490869218359
1.16259957672689,-0.555559337815484,-0.0832399238814948,-0.60632965462786,2.24994151987615
1.06237090421897,-1.3951636038415,1.16080690953688,-0.00811211539268002,-0.128516666037151
-0.0634871930533092,2.16312710981787,1.14003390918748,-0.268847044316453,-1.72214591784807
-0.384612577214639,-2.25343785963552,-1.73391332256462,-0.136414823651722,-0.879164222653702
0.931406386335198,-0.35415765567714,-0.713674119945802,-0.0718994477484503,0.472432784898726
-1.0008205223283,1.03601340986406,0.765434976609903,0.53912667879337,0.138134360473489
0.386048169997534,2.59830643891609,0.395751075832407,0.695027959609554,1.83171618170419
-1.71590953286385,0.0363910679570078,-0.603016839047467,-0.151014594695452,2.20390471729826
-1.17076215085658,1.06197515794311,1.20972322812436,1.06976782768464,-0.176088303582907
-2.20864257813209,-0.658664748283364,0.766223093672273,-0.286575928434046,-1.20444184859312
0.209006318052172,1.17607067847847,-0.872322401168177,-1.21402041089227,-0.786751666018041
0.510037657250624,-0.462171035165823,0.655523032899142,-0.929607025637311,0.288275957673755
-0.171767885406024,-1.46949068783898,-0.00471995270499832,0.870688256774726,0.692572457853382
0.519644740231573,2.24974508164174,0.257245616449189,-1.28999633109242,-1.2939184898578
-1.68554834139208,0.459413790412717,-0.324413380045475,0.767138489738958,-0.0610971115314615
0.0261328648112376,-0.78420458950348,-2.03087766230633,1.67781338193964,1.48835138869849
-1.02439024666244,0.0166561627538279,0.0568435511606617,-1.21787904244172,-0.86305126337323
0.366850211976258,-1.63980028082025,-0.446892064035024,-0.231531881285425,1.77986798325395
-0.242345364680965,-0.701203423165848,0.658172235587669,-1.04189289460347,-0.260246849332521
1.40664243106267,0.834200874493508,0.160457658995313,0.136082919174308,-0.505528135057349
0.21990737771803,-1.25945370978727,-0.322386662824813,-0.981360739387914,2.15751206726597
0.00600238856866904,-0.0989374925185253,0.108123150388362,-0.710975531495864,-1.86079822286472
-1.08318927338467,-0.135432463629839,1.22153464031708,-2.29342024604479,-0.8930476898158
0.206109479784064,-2.30394787355827,0.582319780427285,-0.859054100299756,-0.925261162286053
0.27630028025177,-0.817567372312416,-0.804869528053223,-0.381532489083965,1.28864290828807
2.52233799439733,-0.0569631177655224,1.04492458981608,-1.20883358753103,-0.353082050644701
-1.36735892206637,-0.406711618775779,-1.04588676901125,-1.02776661765409,-0.282530564029159
-0.423990686216109,-0.653900420788118,-1.91729572171903,-0.993508667798458,-0.610645862278706
-1.48517389784949,0.303763781387986,-1.68013352418112,-0.971324768346101,-1.17536084254036
-1.06107247994119,0.183055480503235,0.470916923715305,0.019258427205384,-0.0422058118238763
1.41805871771734,-0.160258454416551,0.427089158041779,-1.69070971178801,-0.281699366371572
0.023628876266381,-1.38436995854586,-1.88300645565402,-0.95341336929303,1.20789304332405
2.08171796003015,0.106265006671645,0.497682843692651,0.891259258194991,0.947520481642191
1.02069302446114,-0.0220841715981209,0.0896788348447412,1.28665868302017,0.460617504383459
0.877874862933632,-0.211608618637684,0.577723356964692,-0.180320188470535,0.00112020037364409
1.44406634458585,-0.653844242294849,0.328431858990572,0.864708802469467,0.635698950556845
0.669295016306385,-0.340980712275599,-0.184077020364854,-0.415415006771891,-0.136330266594091
0.575549320088913,0.979892057560673,0.04881467187253,0.150842519902586,-0.144854204673895
-0.546628840230959,0.429916421609139,-0.175735466678234,-1.26204942733878,0.463166403377986
2.16870300996908,-0.901358251375013,-1.86505844167301,1.87130469150942,-0.0785515015083893
-1.14381765969032,-0.204421095328538,0.0902233811675705,2.36691681976089,-0.418265468504227
-0.136646129398438,1.59764140251199,1.21599646831105,-1.45599403299462,-0.919210198961687
-0.782903084716501,1.06496922605292,0.49314729045847,-0.582292566261715,0.955522415695883
-1.54346726418024,0.531370735113212,0.664906541025691,1.88044899243317,-0.161370516438161
0.780569921954892,0.497036400231675,1.82305923662213,-0.413721146900657,1.50603818924364
0.0799659888347394,-0.691262646458152,1.18379981566753,0.0309347386736043,0.895686158319411
-0.901752416537005,-1.47720052435534,1.44906060294738,-0.250989554991643,-1.32252702253497
0.242819531213434,-0.735729974360239,1.20632001104636,0.457549933158003,0.603087611572447
0.322927745012365,0.646728585337524,-0.781490137663694,1.12276333594784,-0.294098776344577
0.0278876140469751,0.174890330579133,2.41901970773523,-1.75480259757578,0.373702932402511
-0.295142928077005,-0.662429247672937,-0.581341249591782,1.0267218512378,1.2702300815649
-0.01382175274711,1.35792897136162,1.18038760864804,0.296802028561571,-0.105684650478191
-0.300013709216014,-1.22559472927195,-0.25080619809264,-1.19621338769149,0.094183759625357
0.338890444891037,0.272108084289336,0.0808879396339215,-0.308257909518249,-1.52547584714767
-0.0246002115166318,0.910497419675083,1.85648755027572,-0.194644828021079,-0.32437256660176
1.26304842768646,-1.79749338876242,-0.24968646723586,0.0648660888046597,0.830314041324839
0.304712463570478,-0.580710180377628,0.246596742553294,0.0359246710243387,-0.911403796090477
-0.53765797595056,-0.877610918247875,1.23049400292731,0.718571335848808,-0.575904485910419
-0.955529208832077,1.05536749178656,0.713062203192314,-0.342209649309477,1.12940841329537
0.627761204970102,0.492063271676371,-0.716800477682559,0.464668828463585,0.120707135391021
0.40593931264778,0.763288823009273,-1.31204899178394,1.43096346128367,0.321919818946121
0.261498294630783,0.262710178801302,1.66920278169548,0.991448079021892,-1.51862202392796
0.529355054578006,1.80530563339469,0.639982642289811,0.460771857984833,-0.701309562616443
3.04870948287624,0.448667415914772,-0.462162988340909,0.985531974680866,0.700315689407607
2.20404577345276,-0.80466292012277,1.50767390476873,0.454278110888469,0.988860576117065
-1.23909715069345,0.153258369066475,0.100277262911129,0.73369229821072,-1.24401485736649
0.774221808248787,0.509277722414643,0.54105296022177,0.278631040644396,-2.48006308033837
-0.260017376845927,0.350784360055887,-0.103884021874513,0.0114390706815274,0.53568401430383
-1.18495570622315,-0.845217732038923,-1.70833493043658,0.517956280547736,-1.21232543527741
-1.31166262781036,0.622355283270222,1.12737317003163,0.938760700442401,-0.647789311057782
0.45802510034548,1.26403794826801,-0.388889808340606,0.53054688750018,1.47674565661834
-0.515330471962207,0.271287753004751,-0.63780728497542,-1.77619643872192,1.12557041443881
-0.464268573993553,0.501049590197724,0.774540019810534,0.943444266974005,0.642703075125531
-0.296139430666904,1.22066673383923,-0.68519421417141,-0.966517039180665,0.298704302327675
0.519971469352883,-0.303121915743941,1.13266292327746,0.0300977445948813,0.133257503861845
-0.319045082507434,-0.869892745488505,-0.47500961602812,-1.44083647532182,-0.215768989668689
1.70007201461199,0.343786215531947,-0.35152082464895,0.2256520134036,0.436390316703429
0.520335946534725,1.37252942673916,-1.88093291762513,1.98225508618352,0.31152565954799
-1.25624626311166,0.851169093054215,0.809834501064826,0.354927109464203,-0.104549721940716
-0.924474128799872,-0.512148352281192,1.58008242575048,-0.478693183761944,0.89639685323126
-1.8721922173868,0.675475363251744,-0.476693859272645,0.808944378889988,-0.86152616421336
1.7709540291813,1.27010457913012,0.493418768978888,0.629193682726612,0.703510500393579
0.294080589252674,0.747398042629941,-0.890344674240517,2.77048622331814,0.880898886784317
-0.131109271392513,-1.7033395800184,-1.25778960938206,-0.256661907198267,-0.448611677625894
-0.249271925674907,-1.10663739176963,-1.35713131722908,0.94108823527327,0.597225503022134
-0.00879487615011912,-2.01632182997867,-0.642539536680249,1.27129765756595,0.11134254493756
-0.263598255511517,1.97169607851795,-0.451037075120042,0.715688298922343,-0.0782782577105094
0.289890400535773,-0.176867149902135,-0.0860722609755345,0.155014217372775,-2.96736116470069
0.935120318461121,0.639452594751851,0.432189864562024,0.163597636107847,1.50134862197588
2.20176341403342,-1.2411572615277,0.0943946987097973,0.35484447813177,-0.57126309452343
1.63906687242482,-0.675497509863257,-0.279780327954286,-0.424495838009507,-1.08023031374155
-1.52996618302676,-0.00931241700739273,-0.919924221831136,0.456294454062119,1.24440935060538
0.337020256114523,-0.621985323600789,0.185731147503032,-0.316410867864868,0.342396276657014
0.345252232775576,-0.0983653172326123,0.431472034417831,-0.05418578138886,-0.857900093204599
-2.08051410995828,-2.19869644841279,0.470569383310396,-1.19823470803521,0.828381305419713
-1.94952934069594,0.921516334440668,-1.27260341561754,0.957433884785109,0.134912222512478
0.332413180465938,2.61146804798688,2.77833489388441,-0.743939226390207,-0.819304406623235
-0.45819941282039,-1.03057011639265,-2.16654831939216,-0.312284493076211,1.92900610327273
0.236769653135808,1.39222063690511,1.11753323627922,1.70760527865877,-1.89229279931909
-0.658944575942843,0.696108456311371,-0.228683542078866,1.01030423578321,-0.28295970928088
0.268808185109554,0.874670390898028,0.124653319320091,-0.331246515276951,0.468879986283143
-2.20193634827657,-1.21372631825387,0.204120940415,2.05914129650651,0.894670802942891
