"Average_Salary","Years_Experience","AI_Exposure_Index","Tech_Growth_Factor","Automation_Probability_2030","Skill_1","Skill_2","Skill_3","Skill_4","Skill_5","Skill_6","Skill_7","Skill_8","Skill_9","Skill_10","Job_Title","Education_Level","Risk_Category"
-1.25916456391079,1.52433139070266,-1.13126153551327,0.989529991127985,1.40590159654971,-0.163165142312618,-1.3788734312097,-0.136337090896984,-0.604978058382548,-1.22550167947188,0.525059609193862,-1.52462936211686,0.749250014977712,1.53442526801225,-1.72317126298256,"Security Guard","Master's","High"
1.27087980200817,0.608977389229849,0.418009852023707,0.398572117344044,-1.82145001056208,-1.65680006697397,0.0790274862395087,-0.344414726656329,-1.5803745440665,1.67844782794143,-0.94321485390762,-1.42047852674136,0.404222608507248,-0.424862145729926,1.69785104346274,"Research Scientist","PhD","Low"
1.64249812761443,-1.45056911408398,1.26306697249842,0.641907712431549,1.24453401619412,-1.69153576289633,1.53692840368872,0.210458968701924,-0.395964525735986,-1.64534980102561,-0.94321485390762,-0.899724349863845,0.611239052389526,0.379845184914183,1.17422518023132,"Construction Worker","High School","High"
1.36262136050283,-0.191957362058861,-0.391836555097893,-1.09620368105063,0.397354219327277,-0.232636534157332,-0.997042238544432,0.245138574661815,-1.65004572161536,1.22361236292489,-0.174118706568749,-0.344253227861162,1.47380756856569,0.799692487858936,-0.571194363873425,"Software Engineer","PhD","Medium"
-0.548290289238126,0.837815889598052,0.0659027184925768,1.61525009278157,0.558721799682866,0.878905735358092,0.148451339451376,0.314497786581596,1.62449962318078,0.418903463280236,-0.768420274966968,-0.691422679112839,-1.14840072060984,-1.68440405456418,-0.257018845934571,"Financial Analyst","High School","Medium"
0.0930337708529119,-0.420795862427064,-0.743943688629024,-1.68716155483457,-1.61974053511759,0.739962951668664,1.01624950459972,0.383856998501378,1.48515726808307,0.55885283713148,1.43399141968526,1.21800930277138,-0.182323982492542,-1.40450585260102,-0.431560800345046,"AI Engineer","Master's","Low"
0.520130456241767,0.952235139782153,0.594063418789273,0.329047661604757,-0.369141787361774,0.218927512833309,-0.406939486243561,1.63232281305745,1.20647255788765,0.803764241371157,-0.90825593811949,-0.830290459613509,-1.59693634902145,0.729717937368144,-1.33917896327951,"Mechanic","PhD","Medium"
-1.03886924360738,-0.306376612242962,-1.06084010880704,1.40667672556371,-1.33734726949531,0.218927512833309,0.703842165146313,-1.24608448161349,0.335582838526979,0.173992059040559,-1.04809160127201,1.53046180889789,0.335217127213154,0.659743386877352,1.3487671346418,"Teacher","High School","Low"
1.44049332905185,-0.306376612242962,-0.708732975275911,-1.33953927613814,-0.0867485217394923,-0.962086148526829,-0.268091779819827,1.32020635941843,-0.639813647156975,-1.2954763663975,-0.488748948661924,1.42631097352239,-0.803373314139379,0.519794285895768,-1.72317126298256,"HR Specialist","Master's","Medium"
-0.125874590455928,-1.45056911408398,-1.72984366251619,0.0509498386476076,1.20419212110522,-0.962086148526829,-1.30944957799783,-0.552492362415673,1.51999285685749,-0.595729497141283,0.0705937039481649,0.697255125893867,-0.492848648315961,1.63938709374844,1.62803426169855,"Customer Support","High School","High"
-0.191841827634925,-0.992892113347571,-0.0045187082136494,-0.679056946614908,-0.369141787361774,-1.58732867512926,0.391434825692911,0.00238133294257918,-1.5803745440665,-0.735678870992527,1.43399141968526,-0.899724349863845,-1.25190894255098,-0.0400021180305694,1.73275943434484,"UX Researcher","High School","Medium"
0.81144963505852,0.837815889598052,0.594063418789273,0.920005535388698,-0.409483682450671,0.809434343513378,-0.441651412849495,0.45321621042116,0.44008960485026,0.173992059040559,-1.43263967494145,1.18329235764621,-0.630859610904147,-1.08962037539245,-1.58353769945418,"Financial Analyst","High School","Medium"
-0.276272956429068,1.40991214051856,0.629274132142386,-1.65239932696493,-0.00606473156169745,-0.927350452604472,0.530282532116645,-1.14204566373382,0.649103137496822,-0.350818092901606,1.53886816704965,-1.24689380111552,-0.561854129610054,-1.36951857735562,1.48840069817018,"Lawyer","High School","Medium"
0.768858435933754,-0.649634362795267,-0.849575828688363,0.572383256692262,0.518379904593969,0.218927512833309,0.113739412845442,-0.899288422014582,-1.44103218896879,1.43353642370176,1.39903250389712,0.454236510017693,-0.561854129610054,-0.529823971466114,0.825141271410372,"Data Scientist","High School","Medium"
0.211445395013897,0.494558139045748,1.36869911255776,0.989529991127985,-1.17597968913972,-1.44838589143983,-1.1706018715741,1.38956557133821,0.370418427301406,-1.68033714448842,-1.39768075915332,0.558387345393196,-1.70044457096259,-1.19458220112864,0.196790235532663,"Research Scientist","Master's","Low"
-1.63266106315552,-1.45056911408398,0.523641992083047,-0.957154769572057,0.316670429149482,-0.892614756682115,-0.580499119273229,0.869371481939849,0.509760782399114,1.2585997063877,0.560018524981992,0.245934839266687,-1.42442264578622,-0.459849420975322,-0.780644709165995,"Graphic Designer","High School","Medium"
-1.51638766744448,1.63875064088676,1.65038481938266,-0.366196895788116,-0.933928318606338,0.462077384289808,1.01624950459972,0.00238133294257918,0.265911660978125,-0.000944658273495871,-1.04809160127201,0.766689016144202,-0.768870573492332,-1.68440405456418,0.545874144353612,"Teacher","Bachelor's","Low"
0.415270577256843,-0.420795862427064,1.54475267932333,1.58048786491193,-0.89358642351744,-0.441050709691474,-1.65656884405717,1.49360438921788,-0.256622170638279,1.67844782794143,1.60878599862591,1.21800930277138,-0.734367832845286,-0.38987487048453,1.24404196199551,"Teacher","Bachelor's","Low"
1.69448019493156,-1.45056911408398,-1.16647224886638,0.224760977995826,1.72863675726089,0.705227255746307,0.252587119269176,-1.38480290545305,0.405254016075833,1.74842251486705,-1.25784509600079,0.0723501136408495,1.30129386533046,0.834679763104332,0.720416098764087,"Retail Worker","PhD","High"
0.540241361662959,0.036881138309342,0.171534858551916,-0.679056946614908,-1.41803105967311,-0.823143364837401,0.391434825692911,-1.45416211737283,-1.71971689916421,0.488878150205858,-1.08305051706014,-1.48991241699169,-0.354837685727775,-1.579442228828,1.38367552552389,"Doctor","Master's","Low"
-1.32828135380661,-1.56498836426808,-1.44815795569129,0.294285433735113,-1.78110811547318,-0.0936937504679043,0.148451339451376,-0.725890392215128,0.300747249752552,-1.6103624575628,-1.6074342538821,1.11385846739588,-0.492848648315961,-1.29954402686483,0.0920650628863784,"AI Engineer","High School","Low"
-1.15187750668537,1.40991214051856,-0.990418682100815,0.433334345213688,-0.691876948072953,-1.5525929792069,0.113739412845442,0.141099756782142,0.474925193624687,0.838751584833968,1.67870383020217,0.0723501136408495,-0.630859610904147,1.04460341457671,-0.780644709165995,"HR Specialist","Bachelor's","Medium"
-0.899248704821174,1.18107364015036,-1.4833686690444,-1.61763709909529,-0.853244528428543,1.1915269986593,0.703842165146313,-0.309735120696438,-1.16234747877338,-1.15552699254626,-0.873297022331359,0.176500949016352,0.714747274330666,0.554781561141164,-0.7457363182839,"Teacher","PhD","Low"
-1.61896484308419,1.52433139070266,0.840538412261064,0.189998750126182,0.155302848793892,-0.267372230079689,-0.858194532120698,-0.483133150495892,0.89295225891781,-1.68033714448842,-1.32776292757706,-1.55934630724203,-1.59693634902145,1.25452706604909,0.720416098764087,"Financial Analyst","High School","Medium"
1.04203156790495,0.036881138309342,-1.41294724233817,-0.0185746170916797,-1.33734726949531,-1.13576462813861,-0.233379853213894,-0.344414726656329,0.405254016075833,0.523865493668669,-1.57247533809397,-0.448404063236665,0.438725349154294,-0.00501484278517327,1.27895035287761,"AI Engineer","PhD","Low"
-1.43990265789004,-0.306376612242962,-1.20168296221949,-1.47858818761671,0.235986638971687,-1.62206437105161,0.322010972481044,1.52828399517777,0.265911660978125,-0.350818092901606,0.490100693405731,-0.135951557110156,0.162703423977922,1.53442526801225,-0.361744018580856,"Software Engineer","High School","Medium"
-0.60876748039697,-0.87847286316347,1.43912053926399,-1.02667922531134,-0.691876948072953,-1.37891449959511,-1.65656884405717,-1.41948251141294,0.614267548722395,-1.47041308371156,-0.628584611814446,1.18329235764621,-1.66594183031554,1.07959068982211,-0.7457363182839,"Mechanic","Master's","Medium"
-1.62116086149225,1.18107364015036,0.699695558848612,0.468096573083331,1.68829486217199,0.844170039435735,1.05096143120565,-0.760569998175018,-1.12751188999895,0.90872627175959,1.08440226180395,1.70404653452373,-0.320334945080728,-0.459849420975322,0.999683225820846,"Customer Support","PhD","High"
-0.00986124955637784,0.837815889598052,1.50954196597021,1.26762781408513,-0.12709041682839,0.878905735358092,0.877401798175981,-1.38480290545305,1.38065050175979,0.0690300286521262,1.15432009338021,-0.621988788862503,1.37029934662455,-0.38987487048453,-1.68826287210046,"HR Specialist","Master's","Medium"
0.391923434181666,0.380138888861646,-1.44815795569129,-0.609532490875621,0.720089380038456,1.57361965380523,0.252587119269176,0.45321621042116,-0.186950993089425,-0.700691527529716,-0.593625696026315,0.593104290518364,0.852758236918852,1.00961613933131,1.03459161670294,"HR Specialist","Master's","Medium"
0.713813500836956,0.608977389229849,-0.0397294215667625,-1.51335041548635,-1.25666347931752,-0.197900838234975,1.36336877065905,-0.517812756455783,-1.33652542264551,-1.22550167947188,0.909607682863297,0.419519564892526,-1.38991990513917,-1.47448040309181,0.720416098764087,"Teacher","Master's","Low"
-0.586316081672449,-0.764053612979368,1.12222411908597,0.74619439604048,0.881456960394045,-1.44838589143983,1.71048803671839,-0.448453544536001,-0.46563570328484,1.11865033253646,1.57382708283778,1.70404653452373,0.852758236918852,-0.424862145729926,-1.4439041359258,"Retail Worker","High School","High"
0.368460711190275,-0.420795862427064,0.206745571905029,-0.261910212179185,1.72863675726089,-1.34417880367276,-0.0251082935782921,-1.69691935909207,-0.117279815540571,-1.50540042717437,-1.32776292757706,-1.31632769136586,0.507730830448387,0.869667038349728,0.301515408178948,"Retail Worker","Bachelor's","High"
0.0652079060244519,1.06665438996625,-0.462257981804119,-0.713819174484552,1.68829486217199,-0.962086148526829,1.60635225690059,-1.69691935909207,1.62449962318078,-1.57537511409999,1.36407358810899,0.107067058766017,1.68082401244797,-1.5094676783372,0.196790235532663,"Truck Driver","High School","High"
-1.3155675630231,1.06665438996625,0.0659027184925768,0.468096573083331,-1.13563779405082,-0.163165142312618,0.460858678904778,0.279818180621705,1.38065050175979,-1.54038777063718,-0.768420274966968,1.56517875402306,1.3357966059775,-0.144963943766757,0.441148971707328,"Teacher","PhD","Low"
-0.857293195235583,1.18107364015036,-1.09605082216015,-0.122861300700611,-0.248116102095082,0.288398904678023,-1.44829728442157,1.63232281305745,1.69417080072963,0.733789554445535,0.140511535524426,-0.656705733987671,1.05977468080113,0.624756111631956,-1.16463700886904,"Mechanic","Bachelor's","Medium"
-0.723047122553314,-1.45056911408398,1.12222411908597,1.58048786491193,0.357012324238379,0.392605992445094,-0.268091779819827,1.49360438921788,1.27614373543651,-1.54038777063718,-1.64239316967023,-0.413687118111498,1.05977468080113,1.70936164423923,-1.19954539975113,"Mechanic","Bachelor's","Medium"
0.0843652771368807,1.18107364015036,-0.427047268451006,1.65001232065121,1.6479529670831,1.1915269986593,-0.0945321467901593,-0.309735120696438,-0.813991591029109,-1.50540042717437,1.2591968407446,1.07914152227071,1.71532675309501,1.74434891948463,0.231698626414758,"Customer Support","Bachelor's","High"
-1.03583527080677,0.608977389229849,1.54475267932333,1.23286558621549,-0.409483682450671,-0.163165142312618,-1.2747376513919,1.56296360113766,0.370418427301406,-0.910615588306582,0.594977440770123,0.419519564892526,-0.492848648315961,-1.36951857735562,0.615690926117802,"Chef","PhD","Medium"
-0.0391607583165631,0.723396639413951,0.946170552320403,0.0857120665172512,1.6479529670831,0.184191816910952,0.217875192663243,1.32020635941843,-0.361128936961559,-1.26048902293469,-1.64239316967023,0.905556796644873,0.404222608507248,0.694730662122748,-0.990095054458564,"Retail Worker","Bachelor's","High"
0.634092253628523,1.40991214051856,1.68559553273578,0.398572117344044,0.19564474388279,0.184191816910952,-1.41358535781563,0.800012270020067,0.161404894654845,-0.14089403212474,1.43399141968526,-0.691422679112839,0.0591952020367829,0.694730662122748,1.06950000758504,"Graphic Designer","PhD","Medium"
1.6023052117511,0.952235139782153,1.19264554579219,0.954767763258342,-1.74076622038429,-1.5525929792069,0.426146752298844,-0.517812756455783,-1.02300512367567,0.313941432891803,-0.558666780238185,0.141784003891185,-0.147821241845496,0.274883359177995,-0.326835627698761,"Doctor","Bachelor's","Low"
-1.06787980257703,-0.87847286316347,-1.13126153551327,0.711432168170836,-1.41803105967311,1.29573408642638,0.0790274862395087,1.63232281305745,0.335582838526979,-0.945602931769393,1.11936117759208,-0.517837953487001,-0.527351388963007,-1.64941677931879,0.196790235532663,"Research Scientist","PhD","Low"
1.30916564925398,-0.420795862427064,-1.02562939545393,-0.470483579397047,1.32521780637192,0.67049155982395,-1.5871449908453,1.0427695117393,0.44008960485026,-1.43542574024875,1.29415575653273,1.46102791864756,-1.52793086772735,-0.774734898183887,1.10440839846713,"Construction Worker","PhD","High"
0.587773602205863,1.52433139070266,1.72080624608889,0.155236522256539,1.72863675726089,-0.892614756682115,0.912113724781914,0.106420150822252,0.753609903820102,-1.50540042717437,-1.22288618021266,-1.28161074624069,0.645741793036573,1.18455251555829,0.894958053174562,"Customer Support","PhD","High"
0.222338802117043,-0.306376612242962,1.29827768585153,-0.50524580726669,-0.167432311917287,-1.37891449959511,0.842689871570047,-1.10736605777393,0.196240483429272,1.22361236292489,-1.43263967494145,0.141784003891185,-0.941384276727565,-0.56481124671151,-0.0824768915240963,"Data Scientist","High School","Medium"
-1.49708582143679,-1.45056911408398,0.523641992083047,-0.0533368449613233,1.40590159654971,0.844170039435735,0.217875192663243,0.314497786581596,0.196240483429272,-0.385805436364417,-0.558666780238185,1.39159402839722,0.369719867860201,-0.914683999165471,0.0222482811221885,"Construction Worker","Master's","High"
1.53746487875518,-1.22173061371577,1.50954196597021,-1.68716155483457,-1.5793986400287,-0.441050709691474,-0.0251082935782921,1.21616754153876,-1.44103218896879,1.11865033253646,-1.53751642230584,1.18329235764621,-1.5624336083744,-1.68440405456418,0.720416098764087,"Teacher","High School","Low"
-1.45229860390396,-1.10731136353167,-0.35662584174478,1.65001232065121,0.599063694771764,1.12205560681459,-0.823482605514764,-1.14204566373382,0.579431959947968,1.53849845409019,0.210429367100687,0.245934839266687,-0.768870573492332,0.939641588840521,-1.05991183622275,"UX Researcher","Bachelor's","Medium"
-0.499053244931069,-1.33614986389988,-0.250993701685441,0.0509498386476076,1.04282454074964,-1.34417880367276,0.391434825692911,-0.725890392215128,0.265911660978125,-1.19051433600907,-0.0692419592043573,0.107067058766017,-1.5624336083744,-0.56481124671151,-1.26936218151532,"Retail Worker","High School","High"
0.825983809522399,-0.649634362795267,1.72080624608889,-0.609532490875621,1.6076110719942,-0.857879060759758,0.634418311934446,0.90405108789974,0.335582838526979,-0.0709193451991179,-0.313954369721271,-0.517837953487001,1.47380756856569,1.1495652403129,1.66294265258065,"Security Guard","High School","High"
0.233232209220189,0.952235139782153,1.72080624608889,-0.991916997441701,-1.458372954762,1.50414826196052,0.77326601835818,-1.55820093525251,0.962623436466664,1.18862501946208,0.874648767075167,1.04442457714554,1.12878016209522,-1.08962037539245,-0.885369881812279,"AI Engineer","High School","Low"
-1.71333584467271,1.18107364015036,1.43912053926399,-0.609532490875621,-1.21632158422862,0.635755863901593,-0.163956000002026,0.730653058100286,1.38065050175979,0.453890806743047,0.140511535524426,-0.205385447360492,0.266211645919061,-0.494836696220718,-0.361744018580856,"AI Engineer","High School","Low"
1.71488005014329,-0.191957362058861,-1.51857938239751,-0.922392541702414,0.0746190586160974,-0.232636534157332,-0.580499119273229,0.800012270020067,0.649103137496822,-1.12053964908345,1.32911467232086,0.00291622339051411,0.818255496271805,0.239896083932599,1.76766782522693,"UX Researcher","High School","Medium"
1.10805659504205,-1.67940761445218,0.734906272201725,0.989529991127985,0.96214075057184,-1.03155754037154,0.738554091752246,-0.0322982730173117,0.858116670143383,-1.36545105332312,0.140511535524426,-0.413687118111498,-0.147821241845496,0.344857909668787,0.0222482811221885,"Customer Support","High School","High"
-1.13468499414858,-1.22173061371577,-0.0397294215667625,-0.296672440048828,0.437696114416174,-1.69153576289633,0.356722899086977,0.245138574661815,0.753609903820102,0.383916119817425,1.15432009338021,1.59989569914823,-0.561854129610054,-0.949671274410867,-0.257018845934571,"Data Scientist","Master's","Medium"
1.60831536739421,-0.191957362058861,0.382799138670594,1.44143895343335,-0.570851262806261,-1.37891449959511,-0.823482605514764,0.800012270020067,0.300747249752552,-1.36545105332312,1.46895033547339,1.00970763202038,-1.66594183031554,0.519794285895768,0.964774834938751,"Graphic Designer","High School","Medium"
0.171570323920154,1.18107364015036,-1.51857938239751,-1.44382595974707,-1.70042432529539,1.1915269986593,1.43279262387092,-1.31544369353327,-0.91849835735239,-1.12053964908345,-1.08305051706014,1.18329235764621,-0.5963568702571,-0.669773072447699,-0.920278272694374,"Doctor","Bachelor's","Low"
0.1156296444727,0.608977389229849,-0.427047268451006,0.850481079649411,-0.490167472628466,1.01784851904752,0.356722899086977,-1.35012329949316,-0.326293348187133,1.29358704985051,1.46895033547339,-0.101234611984989,-0.0788157605514031,1.46445071752146,0.336423799061043,"Mechanic","Master's","Medium"
-0.504456606014062,-0.420795862427064,1.43912053926399,-0.852868085963126,-1.25666347931752,-1.13576462813861,-1.62185691745124,-0.656531180295346,0.962623436466664,-0.735678870992527,-0.978173769695751,-1.00387518523935,0.0591952020367829,1.67437436899384,-0.117385282406191,"Research Scientist","Master's","Low"
1.24753265893299,0.723396639413951,1.26306697249842,0.155236522256539,-0.530509367717364,-0.684200581147973,-0.649922972485096,-0.344414726656329,-0.256622170638279,1.08366298907365,-0.523707864450054,-0.101234611984989,0.404222608507248,-0.424862145729926,1.20913357111342,"Financial Analyst","PhD","Medium"
0.859155245475745,0.265719638677545,-0.743943688629024,0.74619439604048,0.0342771635272,0.114720425066238,-0.0598202201842257,0.00238133294257918,0.927787847692237,-1.36545105332312,-0.593625696026315,-1.45519547186653,0.852758236918852,-0.809722173429283,1.41858391640599,"UX Researcher","Master's","Medium"
-0.195598174911872,-1.67940761445218,-1.65942223580996,-1.16572813678992,0.357012324238379,0.566284472056879,-1.62185691745124,-0.968647633934363,-0.953333946126817,0.628827524057102,-1.67735208545836,-1.38576158161619,1.02527194015408,-1.12460765063785,0.545874144353612,"UX Researcher","High School","Medium"
1.21317652883846,-0.87847286316347,-1.41294724233817,-0.88763031383277,1.5269272818164,1.26099839050402,1.15509721102345,-0.344414726656329,0.579431959947968,-1.01557761869501,-0.733461359178837,1.39159402839722,-1.70044457096259,-1.43949312784641,-0.990095054458564,"Security Guard","Bachelor's","High"
-0.172742246480603,0.036881138309342,-1.13126153551327,0.294285433735113,1.24453401619412,1.36520547827109,1.12038528441752,-0.552492362415673,-0.848827179803536,-0.385805436364417,0.315306114465078,-0.795573514488342,0.404222608507248,-0.319900319993738,0.196790235532663,"Security Guard","High School","High"
0.0908377524448507,-0.420795862427064,-0.990418682100815,1.65001232065121,-1.05495400387303,-1.34417880367276,0.252587119269176,1.70168202497723,-0.117279815540571,-1.08555230562064,-0.0692419592043573,0.0376331685156818,0.818255496271805,0.694730662122748,-0.326835627698761,"Nurse","Bachelor's","Low"
-1.02924721558259,0.723396639413951,0.523641992083047,-0.261910212179185,-0.611193157895159,1.39994117419345,0.669130238540379,0.626614240220614,1.10196579156437,0.139004715577748,1.11936117759208,0.00291622339051411,-1.49342812708031,-0.319900319993738,0.0222482811221885,"Graphic Designer","Master's","Medium"
0.550123444499234,0.837815889598052,-1.37773652898506,-1.23525259252921,-1.5390567449398,-0.788407668915044,0.807977944964114,-0.864608816054691,0.44008960485026,-0.000944658273495871,0.245388282888817,1.18329235764621,-0.354837685727775,0.939641588840521,-0.257018845934571,"AI Engineer","PhD","Low"
0.773597212498517,1.40991214051856,1.61517410602955,-1.09620368105063,-0.651535052984056,0.948377127202806,-1.4830092110275,1.18148793557887,-0.221786581863852,1.50351111062738,0.769772019710775,0.384802619767358,1.54281304985978,-0.354887595239134,1.59312587081646,"Chef","Master's","Medium"
1.01827989512302,-1.22173061371577,-0.0749401349198756,-0.783343630223839,0.0746190586160974,-1.17050032406097,1.18980913762938,1.21616754153876,1.58966403440635,-1.19051433600907,0.42018286182947,-0.101234611984989,-0.561854129610054,-0.529823971466114,-0.291927236816666,"Data Scientist","High School","Medium"
-1.71382705931662,-0.535215112611165,0.347588425317481,-0.122861300700611,-0.691876948072953,-1.44838589143983,-1.72599269726904,1.63232281305745,-1.71971689916421,-1.36545105332312,-0.663543527602576,1.07914152227071,1.57731579050683,1.00961613933131,0.685507707881992,"Marketing Manager","PhD","Medium"
-0.0646750248207481,-0.420795862427064,0.136324145198803,1.30239004195478,0.357012324238379,1.08731991089223,0.564994458722579,0.661293846180504,1.20647255788765,-0.84064090138096,-0.0342830434162267,-0.96915824011418,1.68082401244797,1.53442526801225,-1.58353769945418,"Marketing Manager","High School","Medium"
-0.627924851509399,0.036881138309342,1.50954196597021,-1.09620368105063,1.36555970146081,1.46941256603816,-1.62185691745124,0.695973452140395,-0.709484824705829,1.50351111062738,1.64374491441404,1.53046180889789,-0.11331850119845,1.25452706604909,1.20913357111342,"Construction Worker","PhD","High"
-0.638789363633491,1.29549289033446,1.15743483243908,-1.58287487122564,-1.21632158422862,-0.927350452604472,-1.30944957799783,-1.45416211737283,0.683938726271249,-0.525754810215661,0.769772019710775,-1.48991241699169,-0.630859610904147,0.134934258196411,1.03459161670294,"Research Scientist","Master's","Low"
1.62492998034994,-0.306376612242962,0.45322056537682,1.37191449769406,1.40590159654971,-0.927350452604472,-1.65656884405717,1.28552675345854,-1.68488131038978,1.32857439331332,0.105552619736295,1.53046180889789,1.02527194015408,1.74434891948463,-0.501377582109235,"Customer Support","Master's","High"
-0.859431423685537,0.151300388493443,-0.35662584174478,-0.0533368449613233,0.19564474388279,1.29573408642638,1.67577611011245,0.938730693859631,-0.291457759412706,-0.245856062513173,0.839689851287036,-0.899724349863845,-1.35541716449212,-0.529823971466114,-0.710827927401805,"Mechanic","High School","Medium"
-0.108450918086705,0.265719638677545,-0.955207968747702,-1.58287487122564,-0.772560738250748,1.71256243749466,-0.233379853213894,-0.41377393857611,0.614267548722395,-0.945602931769393,1.57382708283778,1.00970763202038,-1.42442264578622,-0.284913044748342,1.3487671346418,"Data Scientist","Bachelor's","Medium"
1.36192788100555,1.63875064088676,0.382799138670594,-1.13096590892028,0.80077317021625,-0.927350452604472,1.53692840368872,0.522575422340941,0.370418427301406,0.0690300286521262,-0.94321485390762,-1.10802602061485,-0.975887017374611,-1.08962037539245,0.999683225820846,"Software Engineer","PhD","Medium"
1.70944779408124,-1.22173061371577,-1.55379009575062,1.65001232065121,-0.933928318606338,1.50414826196052,1.71048803671839,-1.14204566373382,-0.361128936961559,0.943713615222401,0.699854188134514,-1.21217685599035,1.09427742144818,-0.984658549656263,-0.955186663576469,"Research Scientist","High School","Low"
0.473465065070466,1.06665438996625,0.312377711964368,0.294285433735113,-0.651535052984056,1.33046978234873,-0.788770678908831,-1.28076408757338,1.34581491298536,1.64346048447862,1.2591968407446,1.07914152227071,0.542233571095433,0.169921533441807,-1.4089957450437,"Financial Analyst","Bachelor's","Medium"
-0.977033988433027,1.40991214051856,-0.462257981804119,-0.818105858093483,0.357012324238379,0.0105133372991668,-1.44829728442157,-0.968647633934363,0.614267548722395,-1.43542574024875,1.22423792495647,0.00291622339051411,-0.0788157605514031,0.309870634423391,1.13931678934923,"Marketing Manager","Master's","Medium"
-1.66958884638581,-0.87847286316347,0.629274132142386,0.25952320586547,-0.369141787361774,1.33046978234873,1.05096143120565,0.557255028300832,1.20647255788765,1.32857439331332,0.734813103922645,1.18329235764621,0.680244533683619,0.624756111631956,0.441148971707328,"Financial Analyst","Master's","Medium"
-1.64421905477689,1.40991214051856,-1.20168296221949,1.33715226982442,0.599063694771764,-1.62206437105161,1.15509721102345,-1.28076408757338,-0.570142469608121,0.873738928296779,-1.18792726442453,1.11385846739588,1.12878016209522,0.0299724324602228,-1.68826287210046,"Financial Analyst","Master's","Medium"
0.80590179908026,-0.306376612242962,0.418009852023707,1.68477454852086,0.19564474388279,-0.823143364837401,0.460858678904778,0.141099756782142,0.962623436466664,-1.33046370986031,0.909607682863297,0.141784003891185,1.57731579050683,-0.56481124671151,0.476057362589423,"Marketing Manager","Bachelor's","Medium"
0.924197843325032,-1.22173061371577,-1.41294724233817,1.54572563704228,1.48658538672751,-1.48312158736218,-0.68463489909103,0.730653058100286,-1.51070336651765,0.313941432891803,-0.523707864450054,0.419519564892526,-1.5624336083744,1.28951434129448,1.66294265258065,"Retail Worker","Master's","High"
-0.997231578791379,-0.420795862427064,0.875749125614177,-1.27001482039885,-1.05495400387303,-1.65680006697397,-1.65656884405717,-0.621851574335455,-0.047608637991717,0.978700958685212,0.629936356558253,-0.170668502235324,-0.803373314139379,1.74434891948463,-0.222110455052476,"Nurse","High School","Low"
-1.52658759505035,-0.764053612979368,-1.20168296221949,1.02429221899763,1.48658538672751,-0.962086148526829,-1.44829728442157,0.626614240220614,0.509760782399114,-0.770666214455338,1.57382708283778,-1.21217685599035,-0.251329463786635,1.53442526801225,-0.257018845934571,"Retail Worker","PhD","High"
-0.889106567173417,0.494558139045748,-0.35662584174478,-0.783343630223839,1.80932054743869,-0.302107926002046,1.36336877065905,-0.933968027974472,-1.02300512367567,-1.6103624575628,0.525059609193862,-0.448404063236665,1.23228838403636,-0.109976668521362,1.66294265258065,"Retail Worker","High School","High"
-0.578803387118556,1.06665438996625,1.29827768585153,0.989529991127985,0.437696114416174,1.1915269986593,0.912113724781914,0.45321621042116,-1.30168983387109,-1.6103624575628,1.46895033547339,0.419519564892526,1.02527194015408,-0.0749893932759655,-1.30427057239742,"Lawyer","PhD","Medium"
-1.38222827969938,1.63875064088676,0.664484845495499,-0.227147984309541,-1.61974053511759,-0.0242223586231903,-1.51772113763344,0.279818180621705,-0.813991591029109,1.08366298907365,-0.663543527602576,-0.135951557110156,-1.70044457096259,-1.5094676783372,-0.361744018580856,"Doctor","PhD","Low"
0.69165105190297,-0.0775381118747595,0.347588425317481,-0.713819174484552,0.316670429149482,1.26099839050402,0.981537577993782,-1.5928805412124,-0.0824442267661439,-1.36545105332312,-0.90825593811949,1.70404653452373,-1.25190894255098,-0.00501484278517327,0.441148971707328,"Marketing Manager","Master's","Medium"
-0.305861414979788,-1.67940761445218,0.206745571905029,-1.68716155483457,-1.4987148498509,0.0799847291438808,-1.41358535781563,-0.517812756455783,-1.65004572161536,-1.43542574024875,-0.348913285509401,-1.28161074624069,0.231708905272015,0.659743386877352,1.06950000758504,"AI Engineer","Master's","Low"
0.265970220487733,-0.649634362795267,-1.16647224886638,-1.37430150400778,0.19564474388279,0.739962951668664,-1.62185691745124,1.52828399517777,-1.5803745440665,0.173992059040559,0.734813103922645,1.28744319302172,0.714747274330666,1.04460341457671,-0.53628597299133,"Graphic Designer","High School","Medium"
-0.998214008079196,-0.992892113347571,0.55885270543616,0.189998750126182,1.40590159654971,0.983112823125163,-0.0598202201842257,-1.5928805412124,-1.19718306754781,-0.175881375587551,0.769772019710775,0.315368729517023,0.507730830448387,-0.0749893932759655,0.441148971707328,"Construction Worker","Master's","High"
-0.794099876045716,0.837815889598052,-0.110150848272989,0.850481079649411,0.599063694771764,-0.232636534157332,-1.5871449908453,-1.17672526969371,-1.68488131038978,0.55885283713148,-0.593625696026315,0.141784003891185,-0.0443130199043566,-1.47448040309181,-0.326835627698761,"Marketing Manager","Master's","Medium"
-0.400839211128436,1.52433139070266,-0.286204415038554,-1.02667922531134,0.558721799682866,-1.13576462813861,1.60635225690059,-0.275055514736547,1.20647255788765,0.488878150205858,0.839689851287036,0.94027374177004,-0.00981027925731013,0.134934258196411,0.0571566720042835,"HR Specialist","Bachelor's","Medium"
0.166311437732429,-1.33614986389988,-1.65942223580996,-0.331434667918472,1.40590159654971,0.357870296522737,1.01624950459972,0.557255028300832,1.69417080072963,-0.735678870992527,-0.488748948661924,-0.413687118111498,-0.11331850119845,1.18455251555829,-0.885369881812279,"Truck Driver","PhD","High"
-1.13838355146742,-1.33614986389988,1.43912053926399,-1.09620368105063,-0.409483682450671,1.64309104564995,-1.10117801836223,1.21616754153876,-0.047608637991717,-0.84064090138096,1.29415575653273,-0.170668502235324,0.0246924613897364,-0.494836696220718,0.336423799061043,"UX Researcher","High School","Medium"
-0.389483484360435,0.151300388493443,-0.391836555097893,1.65001232065121,-0.409483682450671,0.566284472056879,-0.580499119273229,0.938730693859631,-1.30168983387109,1.67844782794143,-0.174118706568749,-0.899724349863845,-1.49342812708031,-1.15959492588324,0.0920650628863784,"Chef","Master's","Medium"
0.498343642035475,1.63875064088676,-1.23689367557261,-0.157623528570254,0.155302848793892,1.57361965380523,-0.858194532120698,-0.483133150495892,-0.430800114510413,0.418903463280236,-0.488748948661924,0.107067058766017,0.956266458859991,0.729717937368144,-0.152293673288286,"HR Specialist","High School","Medium"
0.691679946882023,-0.0775381118747595,0.206745571905029,0.155236522256539,-0.772560738250748,1.71256243749466,-1.30944957799783,-0.933968027974472,-1.5803745440665,0.523865493668669,-0.978173769695751,-1.10802602061485,-1.42442264578622,-1.40450585260102,0.301515408178948,"HR Specialist","High School","Medium"
-0.975531449522248,-0.649634362795267,-0.35662584174478,-0.0533368449613233,-1.13563779405082,-1.65680006697397,-0.615211045879163,1.63232281305745,0.265911660978125,-0.84064090138096,0.0705937039481649,-0.552554898612168,0.0936979426838294,-1.29954402686483,-1.26936218151532,"AI Engineer","High School","Low"
0.542032850364272,0.036881138309342,1.54475267932333,0.815718851779767,0.96214075057184,-1.0662932362939,0.807977944964114,-1.17672526969371,-0.953333946126817,1.64346048447862,-0.838338106543229,0.558387345393196,1.64632127180092,-0.459849420975322,-1.65335448121837,"Truck Driver","Bachelor's","High"
-0.888441982655188,0.151300388493443,1.15743483243908,1.26762781408513,-1.05495400387303,-1.34417880367276,1.05096143120565,1.45892478325799,0.335582838526979,1.573485797553,1.15432009338021,0.593104290518364,0.266211645919061,-0.529823971466114,-1.16463700886904,"Research Scientist","Bachelor's","Low"
-1.22183225097375,-1.10731136353167,-0.638311548569685,1.30239004195478,0.80077317021625,0.878905735358092,-1.41358535781563,-0.725890392215128,-1.37136101141994,0.55885283713148,0.944566598651428,1.49574486377272,-0.216826723139589,1.39447616703067,1.3487671346418,"Lawyer","Bachelor's","Medium"
1.57679094524691,0.380138888861646,1.29827768585153,-0.400959123657759,1.08316643583853,0.531548776134522,-0.580499119273229,0.45321621042116,0.370418427301406,0.243966745966181,-0.418831117085662,0.176500949016352,0.335217127213154,0.169921533441807,-0.187202064170381,"Customer Support","Bachelor's","High"
0.595257401780703,1.18107364015036,0.312377711964368,-1.13096590892028,0.235986638971687,0.913641431280449,0.00960363302764153,0.141099756782142,1.55482844563192,1.2585997063877,1.43399141968526,1.07914152227071,-1.35541716449212,-1.22956947637404,0.126973453768473,"Mechanic","High School","Medium"
-0.918117126143068,-0.420795862427064,-0.0749401349198756,-0.366196895788116,1.36555970146081,0.878905735358092,0.77326601835818,0.0717405448623608,1.10196579156437,-0.210868719050362,1.39903250389712,-1.48991241699169,1.54281304985978,0.519794285895768,-0.396652409462951,"Truck Driver","PhD","High"
-0.404335503593902,0.608977389229849,-0.0749401349198756,-1.06144145318099,-1.66008243020649,0.427341688367451,0.0790274862395087,0.591934634260723,1.48515726808307,0.139004715577748,0.280347198676948,-1.42047852674136,0.749250014977712,-0.354887595239134,1.69785104346274,"Doctor","Bachelor's","Low"
1.18667983304646,1.06665438996625,0.0659027184925768,-1.30477704826849,0.558721799682866,1.05258421496988,-1.10117801836223,-0.691210786255237,0.997459025241091,-1.05056496215783,1.46895033547339,-0.274819337610827,-1.42442264578622,1.1145779650675,-0.431560800345046,"HR Specialist","High School","Medium"
-0.48266979180777,-0.649634362795267,-1.37773652898506,-1.72192378270422,0.235986638971687,0.0799847291438808,0.322010972481044,1.00808990577941,0.509760782399114,-1.12053964908345,-0.488748948661924,1.42631097352239,0.921763718212945,0.204908808687203,-0.81555310004809,"UX Researcher","High School","Medium"
1.48140861939151,0.952235139782153,1.12222411908597,-0.261910212179185,0.276328534060584,-1.37891449959511,0.426146752298844,-0.171016696856875,0.300747249752552,-1.12053964908345,0.839689851287036,1.25272624789655,-0.975887017374611,-1.40450585260102,-1.65335448121837,"Data Scientist","Master's","Medium"
-1.25283656349808,-1.45056911408398,0.382799138670594,0.189998750126182,-0.449825577539569,-0.37157931784676,0.322010972481044,0.00238133294257918,1.69417080072963,-1.22550167947188,0.699854188134514,-0.344253227861162,-0.251329463786635,0.76470521261354,0.685507707881992,"Marketing Manager","PhD","Medium"
0.0885839440786826,0.952235139782153,-1.30731510227883,-1.37430150400778,0.357012324238379,0.288398904678023,-0.788770678908831,-1.45416211737283,-1.44103218896879,1.39854908023894,-1.08305051706014,-0.621988788862503,-0.941384276727565,-0.529823971466114,-1.47881252680789,"Data Scientist","Bachelor's","Medium"
0.371812528760474,1.40991214051856,-1.51857938239751,1.05905444686727,-1.5793986400287,0.149456120988595,1.32865684405312,0.522575422340941,0.0917337171059909,-0.595729497141283,-0.593625696026315,0.593104290518364,1.68082401244797,0.554781561141164,0.231698626414758,"Doctor","High School","Low"
-1.43568399094823,1.63875064088676,-0.603100835216572,0.294285433735113,0.881456960394045,1.60835534972759,0.460858678904778,0.869371481939849,-1.16234747877338,-0.280843405975984,-0.27899545393314,1.11385846739588,-1.73494731160963,-0.704760347693095,1.69785104346274,"Truck Driver","PhD","High"
-1.40482415331916,0.036881138309342,-0.427047268451006,-1.30477704826849,0.760431275127353,-1.65680006697397,0.842689871570047,0.938730693859631,-0.91849835735239,0.628827524057102,-1.43263967494145,-0.830290459613509,0.990769199507038,1.25452706604909,0.406240580825233,"Mechanic","PhD","Medium"
-1.4064133771671,-1.10731136353167,-1.20168296221949,-1.51335041548635,0.921798855482943,-0.927350452604472,-0.545787192667296,-0.41377393857611,-0.535306880833694,-0.875628244843771,0.0356347881600344,1.14857541252105,-0.768870573492332,1.53442526801225,1.3138587437597,"Retail Worker","Bachelor's","High"
0.89576518393645,-1.45056911408398,1.01659197902663,0.25952320586547,0.114960953704995,-0.37157931784676,0.00960363302764153,-0.344414726656329,0.126569305880418,0.488878150205858,0.594977440770123,0.107067058766017,0.749250014977712,-1.26455675161943,-0.990095054458564,"HR Specialist","PhD","Medium"
-0.546441010578706,-0.764053612979368,-0.638311548569685,-1.65239932696493,-0.570851262806261,-0.962086148526829,1.60635225690059,0.245138574661815,1.48515726808307,0.313941432891803,-0.0692419592043573,-0.656705733987671,0.369719867860201,-1.26455675161943,1.41858391640599,"Software Engineer","High School","Medium"
0.421656367627653,1.52433139070266,-0.638311548569685,1.58048786491193,0.518379904593969,0.601020167979236,-1.30944957799783,-0.0669778789772025,0.022062539557137,-0.910615588306582,-1.46759859072958,0.974990686895208,-1.32091442384508,0.309870634423391,1.55821747993436,"HR Specialist","High School","Medium"
-0.901329143313021,0.265719638677545,-0.779154401982137,1.23286558621549,-1.82145001056208,-1.65680006697397,0.356722899086977,-0.483133150495892,-0.395964525735986,0.243966745966181,-1.08305051706014,-1.00387518523935,-0.0788157605514031,0.869667038349728,0.441148971707328,"Research Scientist","PhD","Low"
1.04951536747979,-0.764053612979368,-0.250993701685441,-1.13096590892028,-1.74076622038429,0.983112823125163,-0.788770678908831,-1.10736605777393,0.649103137496822,0.453890806743047,0.455141777617601,-0.934441294989012,-0.941384276727565,-0.984658549656263,-1.12972861798694,"Doctor","PhD","Low"
1.13703825903265,1.40991214051856,1.22785625914531,0.780956623910123,0.478038009505071,-0.336843621924403,0.530282532116645,-0.517812756455783,0.0917337171059909,-0.0359320017363069,-1.11800943284827,-0.37897017298633,1.57731579050683,-0.879696723920075,-1.26936218151532,"Chef","High School","Medium"
-1.52635643521792,0.723396639413951,1.01659197902663,0.294285433735113,0.276328534060584,-1.0662932362939,0.426146752298844,-0.621851574335455,1.1368013803388,0.488878150205858,-1.04809160127201,-1.52462936211686,-1.59693634902145,-0.459849420975322,-0.780644709165995,"Financial Analyst","Bachelor's","Medium"
-1.40829155080558,0.608977389229849,1.19264554579219,-1.37430150400778,-1.33734726949531,-1.20523601998333,-0.615211045879163,0.834691875979958,-0.0824442267661439,-0.385805436364417,-0.383872201297532,-0.135951557110156,0.990769199507038,1.35948889178527,1.62803426169855,"Research Scientist","PhD","Low"
-0.768267764771943,0.952235139782153,-0.638311548569685,0.676669940301192,-0.0867485217394923,-0.857879060759758,1.18980913762938,-1.5928805412124,1.38065050175979,-0.105906688661929,0.490100693405731,0.558387345393196,1.37029934662455,0.484807010650372,0.406240580825233,"HR Specialist","Master's","Medium"
-1.51043530175948,0.837815889598052,0.0659027184925768,-1.20049036465956,-1.09529589896193,0.0452490332215238,0.634418311934446,-1.5928805412124,-1.47586777774322,0.803764241371157,-1.50255750651771,-1.48991241699169,-1.70044457096259,1.60439981850305,0.860049662292467,"Nurse","High School","Low"
-0.419418682659796,-0.191957362058861,1.72080624608889,1.65001232065121,0.720089380038456,0.983112823125163,-0.511075266061362,-0.309735120696438,0.161404894654845,1.18862501946208,-1.50255750651771,-0.274819337610827,-1.45892538643326,0.0299724324602228,1.41858391640599,"Graphic Designer","Bachelor's","Medium"
0.0488533478802065,-0.87847286316347,0.418009852023707,-0.400959123657759,-0.490167472628466,-1.3094431077504,0.426146752298844,0.938730693859631,0.474925193624687,0.139004715577748,-1.6074342538821,1.63461264427339,1.02527194015408,-0.739747622938491,1.69785104346274,"Data Scientist","Master's","Medium"
0.011347665068845,-0.306376612242962,0.277166998611255,0.885243307519054,1.6076110719942,0.566284472056879,-1.2747376513919,-0.552492362415673,1.48515726808307,-0.945602931769393,-0.453790032873793,-0.240102392485659,-0.216826723139589,0.379845184914183,1.55821747993436,"Security Guard","PhD","High"
-1.64445021460932,0.494558139045748,-1.34252581563195,-1.02667922531134,0.599063694771764,0.531548776134522,-0.719346825696964,1.11212872365908,1.24130814666208,1.2585997063877,1.46895033547339,-0.865007404738677,0.887260977565898,-0.144963943766757,1.20913357111342,"Mechanic","High School","Medium"
-1.02465291391309,-0.191957362058861,0.981381265673517,0.572383256692262,-1.66008243020649,0.184191816910952,1.67577611011245,1.52828399517777,-1.61521013284093,-1.15552699254626,-1.29280401178893,0.80140596126937,1.09427742144818,-1.01964582490166,0.0571566720042835,"Teacher","Master's","Low"
-1.12127772386778,-0.420795862427064,0.805327698907951,0.155236522256539,0.155302848793892,0.0452490332215238,-0.68463489909103,0.245138574661815,0.649103137496822,1.32857439331332,0.490100693405731,0.905556796644873,-1.18290346125689,-0.144963943766757,-1.68826287210046,"Financial Analyst","Bachelor's","Medium"
-1.06091611262515,-0.420795862427064,0.805327698907951,1.7195367763905,-0.651535052984056,-0.336843621924403,1.05096143120565,-1.03800684585414,0.196240483429272,0.838751584833968,0.42018286182947,-1.07330907548968,-0.492848648315961,0.974628864085917,0.196790235532663,"Marketing Manager","Bachelor's","Medium"
-0.337241362231821,-0.649634362795267,0.91095983896729,-1.58287487122564,-1.05495400387303,-1.03155754037154,1.60635225690059,-0.448453544536001,-0.604978058382548,-1.19051433600907,-0.663543527602576,1.32216013814688,1.71532675309501,-0.459849420975322,-0.152293673288286,"Research Scientist","Bachelor's","Low"
1.39177639436775,-0.649634362795267,1.36869911255776,0.329047661604757,-0.167432311917287,-0.302107926002046,0.703842165146313,-1.73159896505196,0.405254016075833,-0.455780123290039,1.01448443022769,-1.42047852674136,0.300714386566108,-0.0749893932759655,0.510965753471518,"Graphic Designer","High School","Medium"
-1.25072723002718,-1.22173061371577,0.277166998611255,0.224760977995826,-1.25666347931752,0.357870296522737,0.634418311934446,1.0427695117393,-0.813991591029109,1.18862501946208,0.000675872371903821,-1.45519547186653,-1.52793086772735,-0.599798521956906,0.999683225820846,"Research Scientist","High School","Low"
-0.621567956117643,0.608977389229849,1.01659197902663,0.0857120665172512,-0.0867485217394923,-1.20523601998333,-0.580499119273229,-0.240375908776656,-1.44103218896879,-0.945602931769393,0.350265030253209,0.836122906394537,1.71532675309501,1.49943799276686,0.510965753471518,"Lawyer","PhD","Medium"
0.0121278295032878,-1.10731136353167,0.488431278729934,1.02429221899763,0.921798855482943,-0.302107926002046,1.18980913762938,-0.41377393857611,0.231076072203698,0.348928776354614,-1.11800943284827,-0.483121008361833,-0.5963568702571,-1.64941677931879,-1.65335448121837,"Construction Worker","Master's","High"
-1.53071957705499,0.723396639413951,-0.81436511533525,0.0857120665172512,-0.328799892272877,1.53888395788287,-0.823482605514764,-0.240375908776656,1.27614373543651,1.22361236292489,-1.08305051706014,1.04442457714554,-0.147821241845496,-0.0749893932759655,-1.26936218151532,"Chef","Bachelor's","Medium"
-1.14589624602131,1.63875064088676,0.805327698907951,0.016187610777964,-0.12709041682839,0.809434343513378,0.946825651387848,-1.17672526969371,0.370418427301406,-1.22550167947188,0.874648767075167,0.558387345393196,1.57731579050683,-1.5094676783372,-1.51372091768999,"Data Scientist","Master's","Medium"
0.959334137854011,0.723396639413951,-0.849575828688363,-0.852868085963126,0.639405589860661,-0.857879060759758,-0.788770678908831,0.90405108789974,-0.186950993089425,1.01368830214802,-1.50255750651771,-0.0318007217346536,-1.63143908966849,-1.5444549535826,1.45349230728808,"Lawyer","High School","Medium"
1.28558734634637,0.608977389229849,0.10111343184569,-0.296672440048828,-0.248116102095082,1.39994117419345,-1.65656884405717,0.557255028300832,1.58966403440635,0.243966745966181,1.53886816704965,-1.55934630724203,-0.285832204433682,-0.844709448674679,0.825141271410372,"Graphic Designer","Master's","Medium"
-1.17392437570315,0.608977389229849,-0.849575828688363,0.537621028822618,-0.490167472628466,0.253663208755666,-0.129244073396093,1.63232281305745,0.370418427301406,-0.49076746675285,-1.36272184336519,-1.21217685599035,-0.941384276727565,-0.879696723920075,1.24404196199551,"Chef","Master's","Medium"
-1.15366899538669,-1.67940761445218,0.0659027184925768,-1.33953927613814,-0.933928318606338,0.774698647591021,-1.4830092110275,0.730653058100286,0.126569305880418,-1.43542574024875,-0.139159790780618,-0.0665176668598212,-1.14840072060984,1.56941254325765,1.24404196199551,"Doctor","Master's","Low"
0.268744138476863,-0.649634362795267,-0.145361561626102,-0.296672440048828,-1.17597968913972,0.184191816910952,-1.51772113763344,0.03706093890247,1.06713020278995,-0.105906688661929,-1.57247533809397,1.00970763202038,-1.0448924986687,-0.844709448674679,-1.16463700886904,"Nurse","Master's","Low"
0.129961554083205,-1.33614986389988,0.91095983896729,0.0857120665172512,1.00248264566074,1.33046978234873,1.32865684405312,1.28552675345854,-0.91849835735239,-0.14089403212474,1.67870383020217,0.94027374177004,-1.63143908966849,-1.5094676783372,-0.117385282406191,"Customer Support","PhD","High"
-0.474492512735647,-0.420795862427064,0.136324145198803,0.016187610777964,-0.651535052984056,0.566284472056879,1.12038528441752,-0.41377393857611,0.962623436466664,1.64346048447862,-1.04809160127201,0.0723501136408495,-0.734367832845286,1.00961613933131,0.301515408178948,"Financial Analyst","High School","Medium"
-1.506390004692,0.837815889598052,0.488431278729934,-1.02667922531134,1.68829486217199,0.0799847291438808,-0.163956000002026,0.210458968701924,-1.16234747877338,0.418903463280236,-0.488748948661924,1.39159402839722,-1.14840072060984,0.0299724324602228,0.371332189943138,"Construction Worker","High School","High"
1.74599994258384,-0.87847286316347,1.36869911255776,0.537621028822618,0.96214075057184,-0.197900838234975,0.426146752298844,-1.45416211737283,1.31097932421093,1.08366298907365,0.0356347881600344,1.63461264427339,-0.285832204433682,1.67437436899384,0.615690926117802,"Customer Support","PhD","High"
1.72444428820997,-1.56498836426808,-1.16647224886638,1.33715226982442,1.24453401619412,-1.17050032406097,-1.6912807706631,0.210458968701924,0.0917337171059909,0.803764241371157,1.36407358810899,-1.45519547186653,0.783752755624759,-1.08962037539245,1.27895035287761,"Security Guard","Bachelor's","High"
-1.43854459387452,-1.10731136353167,0.136324145198803,0.74619439604048,-1.4987148498509,-0.0936937504679043,1.12038528441752,-0.136337090896984,-0.500471292059267,-0.000944658273495871,1.15432009338021,-0.552554898612168,-1.14840072060984,0.729717937368144,1.17422518023132,"Teacher","Bachelor's","Low"
0.893684745444602,-1.67940761445218,-0.919997255394589,-1.23525259252921,-0.248116102095082,-0.163165142312618,0.877401798175981,0.522575422340941,0.405254016075833,-0.49076746675285,1.18927900916834,-0.101234611984989,1.64632127180092,0.449819735404976,-1.26936218151532,"Marketing Manager","Master's","Medium"
0.826301654291987,-1.56498836426808,-0.673522261922798,-1.72192378270422,0.276328534060584,-1.13576462813861,0.564994458722579,1.70168202497723,-1.51070336651765,-1.43542574024875,-0.558666780238185,1.28744319302172,-0.975887017374611,-0.494836696220718,-1.47881252680789,"HR Specialist","PhD","Medium"
-1.44024939763868,0.608977389229849,-0.321415128391667,0.920005535388698,1.72863675726089,-0.927350452604472,1.08567335781158,-1.52352132929262,1.38065050175979,0.55885283713148,1.29415575653273,-1.73293103286787,-1.14840072060984,-0.38987487048453,-0.396652409462951,"Security Guard","High School","High"
0.182174781232766,-1.33614986389988,-0.427047268451006,-1.27001482039885,-1.41803105967311,1.05258421496988,-0.0598202201842257,-1.66223975313218,-0.291457759412706,-1.6103624575628,1.64374491441404,-1.28161074624069,0.714747274330666,1.63938709374844,1.17422518023132,"Teacher","Master's","Low"
-1.08628590423407,-0.764053612979368,1.19264554579219,1.68477454852086,0.19564474388279,0.218927512833309,0.460858678904778,0.106420150822252,0.474925193624687,-0.14089403212474,-0.978173769695751,-1.31632769136586,-1.49342812708031,-0.844709448674679,-1.54862930857208,"HR Specialist","Bachelor's","Medium"
-1.5186125808316,0.952235139782153,-0.779154401982137,1.12857890260656,-0.691876948072953,-0.927350452604472,0.807977944964114,0.349177392541487,-1.54553895529208,1.36356173677613,1.32911467232086,-0.587271843737336,-0.561854129610054,1.70936164423923,0.476057362589423,"Lawyer","High School","Medium"
-1.03459278670747,1.52433139070266,1.19264554579219,-0.713819174484552,-1.37768916458421,-0.788407668915044,1.01624950459972,0.245138574661815,0.544596371173541,-0.84064090138096,-0.978173769695751,-0.0318007217346536,0.818255496271805,0.099946982951015,-1.61844609033627,"Research Scientist","Bachelor's","Low"
0.918794482242039,0.151300388493443,-1.55379009575062,1.61525009278157,-0.772560738250748,0.67049155982395,-1.44829728442157,1.4242451772981,-0.152115404314998,-1.22550167947188,-0.558666780238185,-1.17745991086519,-1.14840072060984,1.56941254325765,-0.152293673288286,"Lawyer","Bachelor's","Medium"
0.0743098244262846,1.52433139070266,0.488431278729934,0.641907712431549,-1.70042432529539,-0.927350452604472,1.01624950459972,1.63232281305745,-0.848827179803536,-0.770666214455338,-0.104200874992488,1.66932958939856,-0.803373314139379,-0.319900319993738,1.38367552552389,"AI Engineer","Bachelor's","Low"
0.99782224995319,0.151300388493443,-1.62421152245685,0.3638098894744,1.72863675726089,-0.892614756682115,-0.0945321467901593,-0.171016696856875,-0.117279815540571,0.453890806743047,-0.104200874992488,-0.170668502235324,-0.11331850119845,0.309870634423391,0.161881844650568,"Security Guard","Bachelor's","High"
-0.471458539935037,-0.191957362058861,-1.58900080910374,1.1633411304762,-0.974270213695235,-0.753671972992687,-0.129244073396093,-0.205696302816766,-0.988169534901244,-0.315830749438795,-1.6074342538821,-0.760856569363174,1.09427742144818,-0.774734898183887,1.13931678934923,"Teacher","Master's","Low"
-0.00624937717469819,0.380138888861646,1.33348839920465,0.25952320586547,0.841115065305148,0.635755863901593,-1.5871449908453,-0.171016696856875,1.48515726808307,-1.12053964908345,-0.383872201297532,0.80140596126937,1.30129386533046,0.58976883638656,-0.81555310004809,"Truck Driver","Master's","High"
0.368460711190275,0.036881138309342,-0.708732975275911,0.780956623910123,0.720089380038456,0.774698647591021,1.25923299084125,-1.73159896505196,0.753609903820102,1.18862501946208,-1.6074342538821,1.28744319302172,-0.837876054786425,0.58976883638656,1.06950000758504,"Marketing Manager","PhD","Medium"
-0.993330756619165,0.265719638677545,-1.44815795569129,0.3638098894744,-1.25666347931752,1.39994117419345,-0.337515633031694,-0.621851574335455,0.858116670143383,-0.280843405975984,0.525059609193862,0.523670400268029,1.3357966059775,0.344857909668787,0.0222482811221885,"Doctor","PhD","Low"
0.312693401617141,0.723396639413951,-1.34252581563195,-1.20049036465956,-0.530509367717364,0.496813080212165,0.842689871570047,0.106420150822252,1.1368013803388,1.74842251486705,1.11936117759208,0.662538180768699,0.0936979426838294,-0.179951219012154,-1.4439041359258,"Mechanic","High School","Medium"
0.235832757334998,1.18107364015036,1.43912053926399,1.09381667473692,-0.449825577539569,-0.0936937504679043,1.12038528441752,-1.48884172333273,-0.395964525735986,1.2585997063877,-0.348913285509401,-1.45519547186653,0.128200683330876,1.25452706604909,0.336423799061043,"Lawyer","High School","Medium"
0.987477847452059,-1.56498836426808,-0.427047268451006,-0.157623528570254,0.114960953704995,0.913641431280449,-1.3788734312097,1.35488596537832,-1.71971689916421,-0.420792779827228,-1.64239316967023,-0.37897017298633,0.0936979426838294,0.0299724324602228,-1.12972861798694,"UX Researcher","High School","Medium"
0.651689295872066,-1.33614986389988,-1.62421152245685,0.920005535388698,-0.853244528428543,-0.545257797458545,0.0790274862395087,-0.41377393857611,-1.71971689916421,-0.350818092901606,1.01448443022769,0.35008567464219,-1.38991990513917,1.21953979080369,0.126973453768473,"AI Engineer","Bachelor's","Low"
0.523424483853858,0.494558139045748,0.277166998611255,0.224760977995826,-0.651535052984056,-1.13576462813861,1.64106418350652,-0.933968027974472,1.6593352119552,0.139004715577748,-1.25784509600079,-1.38576158161619,-1.01038975802166,1.49943799276686,-0.291927236816666,"HR Specialist","Bachelor's","Medium"
0.519812611472179,0.265719638677545,-0.673522261922798,-1.20049036465956,-0.00606473156169745,-1.27470741182804,1.18980913762938,-0.448453544536001,-0.46563570328484,-0.0709193451991179,-0.209077622356879,1.70404653452373,0.162703423977922,-1.43949312784641,0.406240580825233,"HR Specialist","Master's","Medium"
-1.28291623669271,0.494558139045748,-1.65942223580996,1.65001232065121,0.437696114416174,1.6778267415723,-0.0598202201842257,0.106420150822252,-1.16234747877338,-0.84064090138096,1.18927900916834,-0.483121008361833,1.12878016209522,0.729717937368144,-1.09482022710485,"Financial Analyst","Master's","Medium"
-1.70573646518166,-0.191957362058861,0.629274132142386,-0.88763031383277,-0.974270213695235,0.149456120988595,-1.13588994496817,0.279818180621705,1.72900638950406,-1.19051433600907,1.11936117759208,-1.00387518523935,0.956266458859991,0.799692487858936,-0.67591953651971,"Research Scientist","Master's","Low"
0.45055134668109,1.06665438996625,1.01659197902663,-0.122861300700611,-1.09529589896193,-1.20523601998333,1.22452106423532,0.730653058100286,1.41548609053421,-1.26048902293469,0.315306114465078,0.35008567464219,-0.527351388963007,-0.144963943766757,-1.58353769945418,"Doctor","Bachelor's","Low"
-0.42138354123543,-0.535215112611165,0.171534858551916,-1.51335041548635,1.48658538672751,-0.0936937504679043,-1.62185691745124,1.63232281305745,1.55482844563192,0.0690300286521262,-1.43263967494145,0.870839851519705,-0.0443130199043566,-0.704760347693095,-0.0126601097599064,"Truck Driver","Master's","High"
-0.0120861629434925,-1.67940761445218,0.206745571905029,-0.192385756439898,1.40590159654971,1.46941256603816,-0.476363339455429,0.800012270020067,1.34581491298536,-0.105906688661929,-0.209077622356879,0.35008567464219,0.300714386566108,1.07959068982211,-0.0475685006420014,"Security Guard","High School","High"
-0.315425653046476,-0.87847286316347,1.22785625914531,-0.192385756439898,-0.974270213695235,1.36520547827109,-1.51772113763344,1.32020635941843,-0.186950993089425,0.0690300286521262,0.455141777617601,1.49574486377272,-1.66594183031554,-0.0749893932759655,0.685507707881992,"Teacher","PhD","Low"
0.789576135915068,-1.45056911408398,0.664484845495499,-1.27001482039885,-0.328799892272877,-0.475786405613831,1.05096143120565,-0.760569998175018,-1.02300512367567,1.64346048447862,-1.71231100124649,1.7387634796489,0.611239052389526,1.1495652403129,-0.710827927401805,"Financial Analyst","High School","Medium"
-1.40101001608411,-1.45056911408398,0.840538412261064,1.1633411304762,0.397354219327277,-1.23997171590569,0.877401798175981,0.938730693859631,0.544596371173541,0.978700958685212,1.22423792495647,0.384802619767358,-1.42442264578622,-0.0400021180305694,-1.4439041359258,"Chef","High School","Medium"
-0.313836429198537,-1.33614986389988,-0.321415128391667,-1.47858818761671,-1.458372954762,-1.34417880367276,1.08567335781158,1.56296360113766,-1.51070336651765,1.64346048447862,0.0705937039481649,-0.691422679112839,-1.45892538643326,-0.00501484278517327,1.03459161670294,"AI Engineer","High School","Low"
1.3509766839443,-1.10731136353167,-1.58900080910374,-1.47858818761671,-1.41803105967311,-0.684200581147973,-0.927618385332565,-0.760569998175018,1.03229461401552,1.53849845409019,-0.313954369721271,1.42631097352239,-0.630859610904147,-0.0749893932759655,-0.920278272694374,"AI Engineer","Master's","Low"
-1.26503024465863,1.63875064088676,1.68559553273578,0.3638098894744,1.16385022601633,0.531548776134522,-1.30944957799783,1.35488596537832,-0.01277304921729,-0.14089403212474,0.315306114465078,0.419519564892526,-1.49342812708031,0.624756111631956,-0.885369881812279,"Truck Driver","Bachelor's","High"
1.31433785050454,-0.191957362058861,1.12222411908597,1.05905444686727,1.36555970146081,0.0799847291438808,-1.24002572478597,0.973410299819522,-0.813991591029109,0.0340426851893152,-0.768420274966968,-1.28161074624069,0.438725349154294,-1.579442228828,0.894958053174562,"Security Guard","Master's","High"
0.875683173494311,1.06665438996625,-1.7650543758693,0.0509498386476076,-1.78110811547318,-0.753671972992687,0.738554091752246,-1.52352132929262,1.17163696911323,-1.71532448795123,-0.873297022331359,0.836122906394537,-0.630859610904147,-1.40450585260102,-0.46646919122714,"Nurse","High School","Low"
-0.779305646770356,-0.764053612979368,1.19264554579219,-0.644294718745265,0.478038009505071,1.36520547827109,-0.233379853213894,1.4242451772981,-0.430800114510413,1.64346048447862,-1.43263967494145,0.662538180768699,-0.0443130199043566,-0.38987487048453,0.476057362589423,"UX Researcher","Master's","Medium"
-1.03716443984323,-0.649634362795267,-1.27210438892572,-0.852868085963126,0.599063694771764,-1.10102893221626,-0.754058752302897,-1.28076408757338,0.614267548722395,1.573485797553,-0.803379190755098,-0.0665176668598212,0.438725349154294,1.74434891948463,-1.37408735416161,"Mechanic","Bachelor's","Medium"
-1.07972674398894,0.036881138309342,-0.391836555097893,1.30239004195478,-0.0464066266505949,-1.34417880367276,0.460858678904778,0.938730693859631,-1.75455248793864,1.29358704985051,-1.08305051706014,0.176500949016352,-0.285832204433682,0.76470521261354,-0.431560800345046,"Lawyer","Bachelor's","Medium"
-0.201781700429307,-0.535215112611165,0.805327698907951,0.537621028822618,1.6076110719942,0.878905735358092,-1.5871449908453,-0.37909433261622,1.48515726808307,-1.26048902293469,0.839689851287036,1.63461264427339,-1.5624336083744,0.624756111631956,-0.0824768915240963,"Security Guard","Bachelor's","High"
-0.145523176212265,-1.33614986389988,-1.44815795569129,-1.58287487122564,0.276328534060584,1.12205560681459,0.981537577993782,0.141099756782142,-1.40619660019437,0.698802210982724,-0.90825593811949,1.42631097352239,1.16328290274227,0.729717937368144,1.59312587081646,"Chef","High School","Medium"
0.670991141879762,1.06665438996625,0.840538412261064,-0.574770263005978,0.639405589860661,-0.788407668915044,0.77326601835818,1.32020635941843,-1.61521013284093,-0.315830749438795,0.909607682863297,-0.170668502235324,-0.803373314139379,-0.984658549656263,-1.26936218151532,"Financial Analyst","High School","Medium"
-0.119315430210798,1.29549289033446,0.277166998611255,-1.44382595974707,1.20419212110522,-0.441050709691474,-1.10117801836223,-0.205696302816766,-0.604978058382548,-0.525754810215661,0.839689851287036,-0.96915824011418,0.473228089801341,0.239896083932599,0.266607017296853,"Security Guard","Bachelor's","High"
-0.107035064113087,-1.33614986389988,0.171534858551916,1.33715226982442,0.276328534060584,0.184191816910952,1.15509721102345,0.383856998501378,-0.744320413480256,-0.980590275232204,-1.22288618021266,1.39159402839722,0.714747274330666,1.53442526801225,0.371332189943138,"UX Researcher","Master's","Medium"
-0.200654796246223,-0.0775381118747595,-1.55379009575062,0.607145484561905,0.114960953704995,1.71256243749466,-0.892906458726631,0.106420150822252,0.509760782399114,0.523865493668669,0.210429367100687,0.974990686895208,-1.0448924986687,0.799692487858936,0.441148971707328,"Software Engineer","Bachelor's","Medium"
0.516287424027659,1.18107364015036,1.22785625914531,-0.609532490875621,-0.369141787361774,1.6778267415723,0.113739412845442,1.4242451772981,-1.19718306754781,0.523865493668669,1.08440226180395,1.56517875402306,-0.561854129610054,0.76470521261354,0.161881844650568,"Data Scientist","Bachelor's","Medium"
0.892789001093946,-0.764053612979368,0.664484845495499,0.676669940301192,0.679747484949559,0.0105133372991668,-0.927618385332565,-1.5928805412124,-0.291457759412706,-0.665704184066905,0.909607682863297,-0.517837953487001,1.54281304985978,1.60439981850305,0.441148971707328,"UX Researcher","Master's","Medium"
-0.426700217381262,0.723396639413951,0.91095983896729,0.189998750126182,-1.61974053511759,-0.128429446390261,0.217875192663243,1.25084714749865,-0.0824442267661439,1.43353642370176,0.594977440770123,-1.24689380111552,1.68082401244797,0.099946982951015,-0.361744018580856,"AI Engineer","Master's","Low"
1.46459174158241,-1.10731136353167,-1.37773652898506,0.502858800952974,-0.00606473156169745,-0.302107926002046,1.57164033029465,0.0717405448623608,-0.988169534901244,-0.105906688661929,1.46895033547339,-1.10802602061485,-1.01038975802166,-1.71939132980958,-1.68826287210046,"UX Researcher","Bachelor's","Medium"
0.195986581220309,0.380138888861646,0.805327698907951,-0.470483579397047,0.316670429149482,-0.336843621924403,1.57164033029465,1.63232281305745,-0.395964525735986,1.2585997063877,0.944566598651428,-0.656705733987671,-0.941384276727565,-0.144963943766757,0.999683225820846,"Mechanic","Bachelor's","Medium"
1.23088915099821,0.952235139782153,0.91095983896729,1.26762781408513,1.40590159654971,1.1915269986593,0.981537577993782,-0.41377393857611,0.161404894654845,1.08366298907365,-1.57247533809397,1.07914152227071,-1.1138979799628,0.0299724324602228,1.10440839846713,"Construction Worker","Master's","High"
-0.923462697267954,-1.22173061371577,-0.884786542041476,-0.331434667918472,-0.933928318606338,-1.72627145881868,1.39808069726498,-1.2114048756536,1.69417080072963,1.60847314101581,-0.0342830434162267,0.0376331685156818,-0.0788157605514031,0.484807010650372,-1.4089957450437,"Teacher","High School","Low"
1.40870885209307,-1.45056911408398,-1.55379009575062,-0.192385756439898,-0.369141787361774,0.427341688367451,1.71048803671839,-0.37909433261622,0.231076072203698,-0.245856062513173,1.22423792495647,1.39159402839722,1.30129386533046,1.63938709374844,-1.61844609033627,"Software Engineer","Bachelor's","Medium"
-1.35142623202841,-0.535215112611165,0.875749125614177,-0.922392541702414,0.720089380038456,-1.20523601998333,0.634418311934446,-0.968647633934363,-0.256622170638279,0.803764241371157,0.210429367100687,-0.240102392485659,-0.5963568702571,1.18455251555829,-1.23445379063323,"HR Specialist","PhD","Medium"
0.598060214748887,-0.0775381118747595,1.40390982591087,1.23286558621549,-1.41803105967311,0.913641431280449,1.12038528441752,1.35488596537832,0.126569305880418,-1.01557761869501,-0.838338106543229,-0.691422679112839,0.300714386566108,-1.64941677931879,0.510965753471518,"Research Scientist","Master's","Low"
-1.1100953669741,-1.33614986389988,-0.708732975275911,1.33715226982442,-0.0867485217394923,-1.37891449959511,1.15509721102345,-1.55820093525251,0.788445492594529,0.978700958685212,-0.523707864450054,1.11385846739588,0.0591952020367829,-0.144963943766757,-1.54862930857208,"UX Researcher","Master's","Medium"
0.847163829168568,0.837815889598052,1.50954196597021,-0.366196895788116,1.36555970146081,0.114720425066238,0.322010972481044,-1.52352132929262,-0.500471292059267,0.803764241371157,-1.04809160127201,-1.03859213036452,-1.70044457096259,-0.21493849425755,1.3487671346418,"Customer Support","PhD","High"
0.898076782260725,-0.0775381118747595,-1.09605082216015,-0.644294718745265,0.357012324238379,0.496813080212165,-0.268091779819827,0.90405108789974,0.370418427301406,1.43353642370176,1.11936117759208,-0.865007404738677,-0.803373314139379,-1.29954402686483,-0.53628597299133,"Lawyer","Bachelor's","Medium"
-1.50711237916833,0.723396639413951,-0.321415128391667,-0.957154769572057,0.397354219327277,0.149456120988595,-1.20531379818003,-0.41377393857611,-0.326293348187133,0.90872627175959,-1.67735208545836,-0.795573514488342,0.0591952020367829,-0.809722173429283,0.476057362589423,"Software Engineer","PhD","Medium"
1.4417647081302,1.06665438996625,-0.497468695157232,1.58048786491193,-1.17597968913972,-1.27470741182804,0.217875192663243,0.973410299819522,0.718774315045675,-1.12053964908345,1.64374491441404,-0.170668502235324,-1.18290346125689,-1.12460765063785,-1.37408735416161,"Research Scientist","High School","Low"
0.86432744672631,-1.67940761445218,-1.34252581563195,-1.27001482039885,1.6479529670831,-0.545257797458545,-1.62185691745124,-1.55820093525251,-1.26685424509666,-0.980590275232204,0.594977440770123,-1.17745991086519,-1.32091442384508,0.904654313595124,0.615690926117802,"Construction Worker","PhD","High"
0.950521169242713,0.837815889598052,0.171534858551916,-0.644294718745265,-1.33734726949531,0.0452490332215238,-0.372227559637628,1.4242451772981,-1.68488131038978,1.01368830214802,-1.32776292757706,1.04442457714554,0.404222608507248,1.18455251555829,-1.37408735416161,"Research Scientist","Bachelor's","Low"
0.850053327073912,1.29549289033446,-0.0045187082136494,0.74619439604048,1.32521780637192,0.149456120988595,-0.233379853213894,-0.656531180295346,-0.0824442267661439,-1.2954763663975,1.60878599862591,0.731972071019034,1.54281304985978,-0.949671274410867,1.3487671346418,"Customer Support","Bachelor's","High"
-0.0856527796135435,0.494558139045748,0.629274132142386,0.468096573083331,1.12350833092743,1.12205560681459,0.00960363302764153,-1.48884172333273,-0.674649235931402,1.573485797553,1.22423792495647,1.66932958939856,0.438725349154294,-0.879696723920075,-1.16463700886904,"Customer Support","High School","High"
1.36071429188531,0.151300388493443,-1.69463294916308,-0.366196895788116,-0.490167472628466,-0.302107926002046,1.50221647708279,-0.240375908776656,1.31097932421093,0.418903463280236,-0.873297022331359,-0.483121008361833,-1.45892538643326,-0.599798521956906,0.650599316999897,"Financial Analyst","PhD","Medium"
-0.962875448696842,1.63875064088676,-0.462257981804119,1.54572563704228,0.235986638971687,0.601020167979236,0.460858678904778,-1.03800684585414,-0.291457759412706,0.90872627175959,-1.39768075915332,-0.760856569363174,-0.768870573492332,-0.249925769502946,1.69785104346274,"Graphic Designer","Bachelor's","Medium"
-0.130815631874066,1.52433139070266,1.68559553273578,-1.37430150400778,0.0746190586160974,1.6778267415723,0.217875192663243,-1.07268645181404,0.265911660978125,-1.01557761869501,0.0705937039481649,-1.48991241699169,0.369719867860201,0.0649597077056189,0.860049662292467,"Graphic Designer","PhD","Medium"
1.28769667981727,1.40991214051856,0.171534858551916,0.676669940301192,-0.570851262806261,0.357870296522737,-1.13588994496817,1.49360438921788,-1.51070336651765,-0.210868719050362,0.699854188134514,-0.135951557110156,-1.42442264578622,0.169921533441807,0.510965753471518,"Graphic Designer","Master's","Medium"
1.56566637831134,-1.45056911408398,-0.462257981804119,0.224760977995826,-1.37768916458421,0.601020167979236,0.28729904587511,0.106420150822252,-0.883662768577963,-1.71532448795123,-1.1529683486364,-1.31632769136586,-0.182323982492542,0.379845184914183,-0.990095054458564,"AI Engineer","High School","Low"
-1.62904919077384,0.036881138309342,-1.72984366251619,0.954767763258342,0.19564474388279,-0.441050709691474,-1.55243306423937,0.45321621042116,-0.395964525735986,1.573485797553,0.140511535524426,1.53046180889789,-0.975887017374611,0.799692487858936,0.441148971707328,"Data Scientist","PhD","Medium"
-1.01193912312958,-1.10731136353167,1.68559553273578,-1.37430150400778,0.80077317021625,-0.232636534157332,-1.41358535781563,0.869371481939849,1.41548609053421,-0.210868719050362,-0.838338106543229,-0.240102392485659,0.749250014977712,-1.71939132980958,0.336423799061043,"Truck Driver","PhD","Medium"
-0.420603376800987,-0.535215112611165,0.488431278729934,-0.88763031383277,-1.09529589896193,-1.41365019551747,-1.03175416515037,1.32020635941843,0.823281081368956,-1.68033714448842,-0.873297022331359,-1.00387518523935,-0.803373314139379,-0.879696723920075,-1.51372091768999,"Teacher","Master's","Low"
0.416541956335194,0.265719638677545,0.805327698907951,0.398572117344044,0.276328534060584,-1.44838589143983,1.57164033029465,1.18148793557887,1.06713020278995,1.15363767599927,1.50390925126152,0.141784003891185,-1.0448924986687,0.414832460159579,0.860049662292467,"Financial Analyst","Bachelor's","Medium"
-1.42363478468295,1.29549289033446,0.0659027184925768,-1.47858818761671,-1.458372954762,1.46941256603816,0.28729904587511,0.141099756782142,-0.813991591029109,-0.420792779827228,1.39903250389712,0.593104290518364,0.990769199507038,-0.179951219012154,0.476057362589423,"Teacher","Bachelor's","Low"
-1.5867469414396,1.29549289033446,0.734906272201725,-0.227147984309541,-0.0867485217394923,0.531548776134522,1.53692840368872,-1.52352132929262,1.10196579156437,-0.700691527529716,-0.209077622356879,-1.66349714261753,-0.69986509219824,-0.00501484278517327,-1.51372091768999,"Marketing Manager","High School","Medium"
-0.863361140836805,0.952235139782153,1.50954196597021,-1.33953927613814,1.5672691769053,-0.302107926002046,0.564994458722579,-0.8299292100948,-1.19718306754781,-1.15552699254626,-1.50255750651771,-1.07330907548968,0.542233571095433,1.32450161653988,1.10440839846713,"Construction Worker","Bachelor's","High"
0.106527726070867,0.380138888861646,-1.37773652898506,-0.713819174484552,-0.328799892272877,-0.857879060759758,0.0790274862395087,0.141099756782142,-0.500471292059267,-0.49076746675285,1.15432009338021,1.00970763202038,-0.665362351551193,1.42946344227607,1.59312587081646,"Data Scientist","High School","Medium"
0.933617606496452,-0.191957362058861,-0.532679408510346,0.0509498386476076,0.720089380038456,1.33046978234873,-1.3788734312097,-0.37909433261622,0.161404894654845,0.0340426851893152,-1.08305051706014,1.25272624789655,0.611239052389526,1.18455251555829,1.27895035287761,"Graphic Designer","PhD","Medium"
-1.24393690994963,1.63875064088676,-0.215782988332328,0.398572117344044,-0.570851262806261,0.601020167979236,-1.10117801836223,0.661293846180504,-0.953333946126817,-1.2954763663975,-1.1529683486364,-1.73293103286787,0.749250014977712,0.799692487858936,0.0571566720042835,"Lawyer","PhD","Medium"
0.315554004543431,0.723396639413951,-1.4833686690444,-1.65239932696493,-0.530509367717364,1.36520547827109,-0.892906458726631,-0.517812756455783,-1.37136101141994,-0.945602931769393,0.0705937039481649,0.384802619767358,-0.872378795433472,-1.5444549535826,-0.361744018580856,"Software Engineer","Bachelor's","Medium"
-0.291096080683482,0.723396639413951,-0.990418682100815,1.61525009278157,1.40590159654971,0.218927512833309,-0.268091779819827,-0.240375908776656,0.126569305880418,0.733789554445535,0.699854188134514,-1.14274296574002,-0.00981027925731013,-0.319900319993738,1.3138587437597,"Truck Driver","Bachelor's","High"
-0.446002063388958,1.52433139070266,0.10111343184569,-1.30477704826849,1.40590159654971,-1.3094431077504,-0.545787192667296,-1.24608448161349,0.649103137496822,-0.980590275232204,-0.383872201297532,1.39159402839722,-1.0448924986687,0.0299724324602228,-0.257018845934571,"Construction Worker","PhD","High"
1.64966408241968,1.63875064088676,1.01659197902663,-1.47858818761671,-0.0464066266505949,0.218927512833309,0.460858678904778,0.661293846180504,-0.883662768577963,-1.68033714448842,0.769772019710775,0.141784003891185,1.16328290274227,1.1145779650675,1.20913357111342,"Lawyer","High School","Medium"
0.488374874262039,-0.420795862427064,-0.603100835216572,1.02429221899763,1.24453401619412,-1.10102893221626,1.22452106423532,1.32020635941843,-0.117279815540571,-1.43542574024875,-0.383872201297532,1.04442457714554,1.37029934662455,-1.05463310014706,-1.47881252680789,"Retail Worker","High School","High"
-1.64098281712291,-1.10731136353167,-0.391836555097893,0.155236522256539,0.760431275127353,-1.48312158736218,0.530282532116645,-1.48884172333273,-0.430800114510413,1.08366298907365,-0.24403653814501,1.7387634796489,0.197206164624969,-0.634785797202302,-0.955186663576469,"Chef","PhD","Medium"
1.52960544445265,-0.191957362058861,-0.462257981804119,-1.47858818761671,1.16385022601633,-0.128429446390261,0.77326601835818,0.557255028300832,0.718774315045675,-1.68033714448842,-0.978173769695751,0.558387345393196,-0.0788157605514031,-1.71939132980958,1.06950000758504,"Truck Driver","Master's","High"
-0.10865318294008,0.952235139782153,0.171534858551916,-1.47858818761671,0.437696114416174,0.288398904678023,0.981537577993782,0.869371481939849,1.03229461401552,0.104017372114937,-1.25784509600079,0.593104290518364,0.404222608507248,0.834679763104332,-1.12972861798694,"Marketing Manager","High School","Medium"
-0.683721056061586,1.40991214051856,-0.391836555097893,-1.16572813678992,1.04282454074964,0.392605992445094,-0.233379853213894,0.938730693859631,1.20647255788765,0.173992059040559,0.909607682863297,-0.656705733987671,-0.320334945080728,0.729717937368144,-0.361744018580856,"Truck Driver","Bachelor's","High"
-1.22437500913045,1.29549289033446,-1.09605082216015,0.3638098894744,1.68829486217199,1.29573408642638,0.77326601835818,0.869371481939849,0.196240483429272,0.313941432891803,-1.29280401178893,-0.205385447360492,-0.182323982492542,1.60439981850305,-0.222110455052476,"Security Guard","Master's","High"
1.54093227624159,-1.10731136353167,0.10111343184569,0.502858800952974,1.5672691769053,-0.927350452604472,0.113739412845442,1.14680832961898,-0.152115404314998,-0.735678870992527,0.525059609193862,1.11385846739588,-1.52793086772735,0.974628864085917,1.13931678934923,"Customer Support","PhD","High"
-1.02118551642668,0.837815889598052,1.68559553273578,1.02429221899763,-1.05495400387303,0.878905735358092,-1.20531379818003,-0.968647633934363,-0.152115404314998,-0.805653557918149,-0.27899545393314,1.35687708327205,1.09427742144818,0.449819735404976,1.27895035287761,"Teacher","PhD","Low"
0.760132152259616,-1.10731136353167,-0.250993701685441,-1.02667922531134,0.0342771635272,0.844170039435735,-0.19866792660796,0.591934634260723,-1.44103218896879,0.90872627175959,1.08440226180395,0.731972071019034,1.61181853115387,1.1495652403129,1.41858391640599,"Software Engineer","PhD","Medium"
-0.741106484461712,1.29549289033446,1.08701340573286,1.26762781408513,0.80077317021625,-0.892614756682115,-1.5871449908453,-0.309735120696438,-1.30168983387109,-1.64534980102561,-0.488748948661924,0.974990686895208,0.231708905272015,-0.669773072447699,0.545874144353612,"Mechanic","PhD","Medium"
1.20728195311156,0.723396639413951,-1.72984366251619,0.920005535388698,0.19564474388279,0.913641431280449,-1.5871449908453,1.18148793557887,0.405254016075833,0.243966745966181,0.42018286182947,1.25272624789655,0.300714386566108,0.274883359177995,1.73275943434484,"UX Researcher","Master's","Medium"
0.307492305387523,0.380138888861646,-0.215782988332328,0.74619439604048,-0.167432311917287,-0.927350452604472,0.356722899086977,1.49360438921788,1.48515726808307,-0.525754810215661,0.105552619736295,-1.00387518523935,1.71532675309501,1.67437436899384,0.545874144353612,"Mechanic","Bachelor's","Medium"
-1.56438222765224,-0.649634362795267,0.770116985554838,0.329047661604757,-1.78110811547318,-0.163165142312618,0.599706385328512,0.626614240220614,-0.46563570328484,1.573485797553,-1.1529683486364,0.00291622339051411,0.645741793036573,0.694730662122748,0.545874144353612,"Nurse","High School","Low"
0.723897848526605,0.723396639413951,-1.20168296221949,0.502858800952974,0.155302848793892,-1.10102893221626,0.738554091752246,-0.136337090896984,0.579431959947968,1.22361236292489,-1.1529683486364,-1.66349714261753,0.956266458859991,0.379845184914183,0.720416098764087,"Graphic Designer","PhD","Medium"
0.792378948883252,-0.87847286316347,1.05180269237974,1.61525009278157,-1.29700537440641,-0.0242223586231903,-0.337515633031694,-1.2114048756536,0.231076072203698,-0.735678870992527,1.46895033547339,0.280651784391855,0.300714386566108,-0.529823971466114,-1.54862930857208,"Research Scientist","High School","Low"
-1.0348239465399,1.52433139070266,-0.286204415038554,-1.44382595974707,1.40590159654971,1.33046978234873,1.32865684405312,0.557255028300832,-1.02300512367567,1.29358704985051,1.36407358810899,-1.03859213036452,0.818255496271805,-0.739747622938491,1.06950000758504,"Customer Support","Bachelor's","High"
0.145796002604488,0.380138888861646,-1.65942223580996,1.40667672556371,1.44624349163861,1.64309104564995,-0.0945321467901593,1.21616754153876,-1.54553895529208,-0.525754810215661,-1.50255750651771,1.66932958939856,1.09427742144818,1.21953979080369,1.55821747993436,"Construction Worker","Master's","High"
0.825868229606185,-0.191957362058861,-0.391836555097893,-1.47858818761671,-0.490167472628466,-0.927350452604472,-0.0945321467901593,-0.795249604134909,-1.40619660019437,-1.12053964908345,-1.22288618021266,1.63461264427339,0.887260977565898,1.63938709374844,-0.187202064170381,"Data Scientist","PhD","Medium"
0.475574398541367,0.837815889598052,1.05180269237974,-0.574770263005978,-0.328799892272877,-0.927350452604472,-1.2747376513919,-0.8299292100948,-0.500471292059267,0.628827524057102,-1.53751642230584,-1.00387518523935,1.05977468080113,-1.22956947637404,-0.53628597299133,"Mechanic","Master's","Medium"
-1.17193062214846,0.952235139782153,-1.23689367557261,-1.44382595974707,-0.0464066266505949,-0.684200581147973,0.217875192663243,1.0427695117393,-1.26685424509666,0.313941432891803,0.0356347881600344,-1.24689380111552,0.404222608507248,-0.809722173429283,-0.0126601097599064,"HR Specialist","Bachelor's","Medium"
1.69127285225663,-1.67940761445218,-0.145361561626102,-0.644294718745265,-0.974270213695235,-1.51785728328454,-0.268091779819827,-0.136337090896984,0.788445492594529,0.278954089428992,0.594977440770123,0.974990686895208,1.23228838403636,-0.669773072447699,0.161881844650568,"Research Scientist","High School","Low"
0.789460555998854,-0.306376612242962,1.72080624608889,1.37191449769406,-0.207774207006184,-1.03155754037154,-0.0251082935782921,0.834691875979958,-0.047608637991717,-0.0359320017363069,1.18927900916834,-0.483121008361833,1.23228838403636,-0.319900319993738,-0.571194363873425,"Chef","High School","Medium"
-0.422828290188102,1.29549289033446,0.91095983896729,-1.27001482039885,1.00248264566074,1.57361965380523,-1.10117801836223,0.245138574661815,0.265911660978125,-0.000944658273495871,0.490100693405731,-0.934441294989012,0.162703423977922,-0.459849420975322,0.580782535235707,"Security Guard","High School","High"
0.606353073737223,-1.10731136353167,1.22785625914531,-1.13096590892028,-0.974270213695235,-0.0242223586231903,-0.302803706425761,1.38956557133821,0.335582838526979,0.313941432891803,0.210429367100687,-0.448404063236665,0.990769199507038,-0.879696723920075,1.55821747993436,"AI Engineer","High School","Low"
-1.30874834796649,1.29549289033446,-0.567890121863458,0.815718851779767,0.114960953704995,-0.545257797458545,1.71048803671839,-1.62756014717229,-0.883662768577963,0.104017372114937,0.0705937039481649,0.315368729517023,0.852758236918852,0.414832460159579,0.371332189943138,"Lawyer","High School","Medium"
0.412496659267713,0.494558139045748,-0.427047268451006,-0.922392541702414,-0.369141787361774,0.184191816910952,-1.03175416515037,-0.725890392215128,-0.91849835735239,1.60847314101581,1.53886816704965,0.384802619767358,1.43930482791864,1.00961613933131,0.336423799061043,"UX Researcher","Bachelor's","Medium"
1.57534619629424,0.151300388493443,0.946170552320403,0.711432168170836,0.19564474388279,0.913641431280449,0.0443155596335751,0.695973452140395,1.51999285685749,-0.385805436364417,0.734813103922645,-0.0665176668598212,0.57673631174248,0.904654313595124,-1.54862930857208,"UX Researcher","Master's","Medium"
1.32696495635089,-0.87847286316347,-0.955207968747702,0.607145484561905,-0.0464066266505949,0.948377127202806,-1.30944957799783,0.45321621042116,-0.779156002254683,1.2585997063877,1.50390925126152,1.7387634796489,1.02527194015408,0.869667038349728,-0.955186663576469,"Data Scientist","High School","Medium"
-0.656877620520943,-0.0775381118747595,-0.110150848272989,0.954767763258342,1.72863675726089,-1.0662932362939,1.46750455047685,0.695973452140395,0.370418427301406,-1.01557761869501,-1.53751642230584,0.245934839266687,0.507730830448387,-1.01964582490166,0.231698626414758,"Retail Worker","Master's","High"
0.465316680977396,0.608977389229849,1.19264554579219,1.51096340917264,-0.207774207006184,-0.614729189303259,0.877401798175981,-0.240375908776656,-1.44103218896879,-0.735678870992527,-0.27899545393314,-0.726139624238006,-0.5963568702571,-0.739747622938491,-1.58353769945418,"Graphic Designer","Bachelor's","Medium"
-0.50688378425455,1.40991214051856,0.347588425317481,0.537621028822618,-0.490167472628466,-0.684200581147973,0.426146752298844,0.349177392541487,0.022062539557137,-0.49076746675285,1.43399141968526,-0.552554898612168,-0.147821241845496,0.624756111631956,0.161881844650568,"UX Researcher","Master's","Medium"
1.16107888160511,0.837815889598052,-0.215782988332328,1.02429221899763,-0.369141787361774,-1.23997171590569,-0.649922972485096,1.21616754153876,-1.44103218896879,1.74842251486705,0.140511535524426,1.66932958939856,1.50831030921273,-0.179951219012154,-1.02500344534066,"Software Engineer","High School","Medium"
0.0636764721346197,-0.0775381118747595,-1.20168296221949,0.3638098894744,-0.570851262806261,1.64309104564995,-0.163956000002026,0.00238133294257918,-0.883662768577963,-0.0709193451991179,0.560018524981992,0.870839851519705,0.852758236918852,0.274883359177995,1.41858391640599,"HR Specialist","PhD","Medium"
1.39134296968195,-1.45056911408398,0.91095983896729,-1.51335041548635,-0.812902633339646,-0.996821844449186,0.564994458722579,-0.309735120696438,-0.361128936961559,1.36356173677613,1.39903250389712,1.42631097352239,-0.665362351551193,0.659743386877352,-0.780644709165995,"Data Scientist","PhD","Low"
1.704448962705,-1.56498836426808,-1.13126153551327,-0.540008035136334,1.24453401619412,1.15679130273695,-1.30944957799783,0.800012270020067,0.0917337171059909,-0.700691527529716,-0.0342830434162267,-0.691422679112839,0.335217127213154,-0.249925769502946,-1.16463700886904,"Retail Worker","High School","High"
-0.979779011443103,1.18107364015036,0.171534858551916,1.40667672556371,-1.458372954762,0.809434343513378,0.564994458722579,1.49360438921788,1.10196579156437,0.278954089428992,0.560018524981992,1.39159402839722,-0.354837685727775,-0.599798521956906,-1.68826287210046,"Research Scientist","PhD","Low"
-0.10327871683614,-0.535215112611165,1.05180269237974,-1.37430150400778,0.114960953704995,-0.128429446390261,-1.30944957799783,1.66700241901734,-1.02300512367567,-1.47041308371156,0.315306114465078,0.836122906394537,-1.63143908966849,0.554781561141164,0.126973453768473,"Data Scientist","High School","Medium"
1.26764356435419,-0.992892113347571,-1.16647224886638,0.25952320586547,-1.5390567449398,1.53888395788287,1.12038528441752,1.66700241901734,-0.848827179803536,1.67844782794143,-0.24403653814501,-0.517837953487001,-1.5624336083744,-1.579442228828,0.685507707881992,"Research Scientist","Master's","Low"
-0.13471645404628,0.723396639413951,-0.955207968747702,0.398572117344044,-1.5793986400287,0.288398904678023,-0.476363339455429,1.11212872365908,1.10196579156437,-0.0359320017363069,-0.523707864450054,-0.483121008361833,1.05977468080113,-0.599798521956906,-0.990095054458564,"AI Engineer","Bachelor's","Low"
-1.45989798339501,-1.10731136353167,-0.110150848272989,-0.0533368449613233,0.558721799682866,-0.962086148526829,-0.406939486243561,1.07744911769919,1.10196579156437,-0.385805436364417,-0.139159790780618,-0.691422679112839,1.47380756856569,-1.33453130211022,1.52330908905227,"UX Researcher","PhD","Medium"
0.189831950681926,1.06665438996625,0.347588425317481,1.54572563704228,-1.4987148498509,-0.857879060759758,0.530282532116645,0.418536604461269,-0.604978058382548,1.53849845409019,1.18927900916834,-0.96915824011418,-0.906881536080518,0.0299724324602228,0.964774834938751,"Teacher","Master's","Low"
-1.27965110405967,-0.420795862427064,0.664484845495499,0.537621028822618,-0.449825577539569,0.635755863901593,1.53692840368872,-1.55820093525251,-0.639813647156975,-0.175881375587551,1.39903250389712,1.59989569914823,-0.216826723139589,0.869667038349728,0.126973453768473,"Graphic Designer","High School","Medium"
-1.44559496876356,-0.191957362058861,-0.779154401982137,-0.957154769572057,-1.5390567449398,0.218927512833309,-1.62185691745124,1.4242451772981,-1.19718306754781,-0.945602931769393,0.0705937039481649,0.731972071019034,-1.38991990513917,-0.634785797202302,1.66294265258065,"Doctor","PhD","Low"
0.00513524457235605,-0.764053612979368,-0.673522261922798,1.19810335834585,-0.732218843161851,-0.128429446390261,-0.406939486243561,-0.621851574335455,-0.744320413480256,-1.40043839678594,-0.663543527602576,-1.5940632523672,0.956266458859991,-0.354887595239134,-0.187202064170381,"Marketing Manager","Bachelor's","Medium"
-0.550601887562401,-0.306376612242962,0.55885270543616,-1.68716155483457,0.720089380038456,-0.892614756682115,-1.34416150460377,0.938730693859631,-0.01277304921729,-0.210868719050362,-0.873297022331359,0.176500949016352,-0.803373314139379,1.39447616703067,-0.955186663576469,"Graphic Designer","High School","Medium"
0.366466957635588,1.29549289033446,0.206745571905029,1.1633411304762,0.357012324238379,0.705227255746307,-0.615211045879163,-0.933968027974472,-1.02300512367567,1.29358704985051,1.11936117759208,-0.205385447360492,-1.28641168319803,-0.424862145729926,0.441148971707328,"Financial Analyst","Bachelor's","Medium"
1.62643251926072,1.29549289033446,0.981381265673517,1.75429900426014,-0.490167472628466,-0.128429446390261,-0.233379853213894,-0.691210786255237,-1.0578407124501,-1.47041308371156,1.36407358810899,-0.274819337610827,-0.00981027925731013,1.46445071752146,0.999683225820846,"Data Scientist","High School","Medium"
-0.710448911686015,-0.306376612242962,0.241956285258142,-0.192385756439898,0.478038009505071,0.774698647591021,0.669130238540379,-0.552492362415673,1.03229461401552,-1.54038777063718,-1.18792726442453,-0.552554898612168,-1.45892538643326,-0.949671274410867,1.17422518023132,"Data Scientist","High School","Medium"
-0.555456244043378,-0.306376612242962,-0.708732975275911,-0.818105858093483,-0.369141787361774,-0.753671972992687,-1.5871449908453,1.49360438921788,-1.02300512367567,-0.245856062513173,-1.71231100124649,1.25272624789655,0.783752755624759,1.56941254325765,0.999683225820846,"Graphic Designer","Master's","Medium"
0.310612963125294,-0.0775381118747595,-0.884786542041476,0.711432168170836,-0.207774207006184,0.253663208755666,-1.6912807706631,-1.52352132929262,0.126569305880418,0.278954089428992,0.874648767075167,-1.28161074624069,0.0246924613897364,-1.08962037539245,-1.4089957450437,"Mechanic","PhD","Medium"
-1.23810012418083,1.63875064088676,-1.20168296221949,-0.957154769572057,-0.288457997183979,-0.823143364837401,-1.41358535781563,-1.41948251141294,-1.09267630122453,-1.54038777063718,0.455141777617601,-0.726139624238006,-0.768870573492332,-0.599798521956906,0.580782535235707,"HR Specialist","High School","Medium"
-0.202995289549552,1.52433139070266,-0.215782988332328,-0.574770263005978,-0.167432311917287,0.114720425066238,-1.1706018715741,0.245138574661815,1.06713020278995,0.943713615222401,-1.22288618021266,-1.21217685599035,-0.803373314139379,-0.494836696220718,-0.291927236816666,"Mechanic","Master's","Medium"
-0.5093976474322,0.265719638677545,-1.55379009575062,-1.61763709909529,-1.41803105967311,0.705227255746307,-1.0664660917563,0.48789581638105,-0.848827179803536,1.39854908023894,1.39903250389712,-0.691422679112839,-0.941384276727565,-0.319900319993738,-0.885369881812279,"Research Scientist","PhD","Low"
0.835923682316781,-0.0775381118747595,1.15743483243908,0.607145484561905,0.518379904593969,-0.336843621924403,-1.1706018715741,0.834691875979958,-0.500471292059267,0.628827524057102,-0.803379190755098,-1.45519547186653,1.68082401244797,-1.19458220112864,1.73275943434484,"HR Specialist","High School","Medium"
0.211907714678752,-0.649634362795267,1.01659197902663,0.572383256692262,0.114960953704995,1.29573408642638,-0.719346825696964,-0.101657484937093,0.405254016075833,-0.280843405975984,-0.24403653814501,-0.587271843737336,0.197206164624969,1.21953979080369,-1.02500344534066,"Financial Analyst","PhD","Medium"
0.18515096407527,-0.535215112611165,-0.779154401982137,-1.27001482039885,-0.651535052984056,0.357870296522737,0.0790274862395087,-0.864608816054691,-0.117279815540571,-0.000944658273495871,-1.04809160127201,0.523670400268029,0.956266458859991,1.00961613933131,0.371332189943138,"Graphic Designer","Master's","Medium"
-0.302625177325803,-0.420795862427064,-1.55379009575062,-0.713819174484552,-0.651535052984056,1.60835534972759,-1.24002572478597,-1.2114048756536,1.34581491298536,1.573485797553,0.944566598651428,-1.6982140877427,-1.73494731160963,-0.424862145729926,-1.23445379063323,"Software Engineer","Master's","Medium"
0.0920802365441485,1.52433139070266,-0.145361561626102,1.54572563704228,-0.288457997183979,0.566284472056879,0.530282532116645,-0.864608816054691,0.509760782399114,-0.980590275232204,-1.32776292757706,0.697255125893867,-1.35541716449212,1.74434891948463,-1.09482022710485,"Chef","High School","Medium"
1.46774129429924,-1.56498836426808,-0.321415128391667,-1.27001482039885,0.841115065305148,0.427341688367451,1.08567335781158,1.18148793557887,-0.0824442267661439,1.01368830214802,0.594977440770123,0.766689016144202,-0.0443130199043566,0.449819735404976,1.10440839846713,"Security Guard","PhD","High"
1.57433487202737,1.52433139070266,1.08701340573286,0.329047661604757,-0.530509367717364,-1.65680006697397,-0.476363339455429,0.175779362742033,1.17163696911323,-1.26048902293469,1.04944334601582,1.25272624789655,-1.21740620190394,1.21953979080369,1.73275943434484,"Software Engineer","High School","Medium"
-1.50783475364467,-0.191957362058861,0.981381265673517,1.7195367763905,1.40590159654971,-0.649464885225616,1.18980913762938,0.383856998501378,0.265911660978125,-0.84064090138096,0.909607682863297,-1.45519547186653,1.43930482791864,-0.599798521956906,-1.26936218151532,"Customer Support","High School","High"
0.051598370890283,-0.191957362058861,0.805327698907951,-0.609532490875621,0.276328534060584,0.218927512833309,-0.545787192667296,-1.28076408757338,-1.44103218896879,1.18862501946208,1.46895033547339,0.523670400268029,-1.38991990513917,-0.354887595239134,0.825141271410372,"Mechanic","High School","Medium"
-1.06848659713716,-0.191957362058861,-1.34252581563195,-1.72192378270422,1.5269272818164,-0.475786405613831,-0.858194532120698,-1.69691935909207,0.126569305880418,1.2585997063877,1.60878599862591,0.245934839266687,0.0246924613897364,-1.43949312784641,0.196790235532663,"Construction Worker","PhD","High"
-1.13058190712299,-1.56498836426808,0.382799138670594,-0.366196895788116,-1.5793986400287,-1.41365019551747,-0.649922972485096,-1.38480290545305,-1.12751188999895,1.74842251486705,-0.209077622356879,0.107067058766017,1.26679112468341,1.74434891948463,0.301515408178948,"Nurse","Bachelor's","Low"
-1.17742066816861,1.18107364015036,-0.0749401349198756,-0.609532490875621,-0.00606473156169745,1.26099839050402,0.322010972481044,0.661293846180504,-0.500471292059267,0.873738928296779,0.594977440770123,-1.31632769136586,0.231708905272015,-0.844709448674679,1.06950000758504,"Graphic Designer","High School","Medium"
-1.23515283631738,0.723396639413951,1.72080624608889,-1.40906373187742,-1.01461210878413,0.601020167979236,0.946825651387848,-0.656531180295346,-0.047608637991717,1.08366298907365,-0.94321485390762,-0.934441294989012,0.162703423977922,0.0649597077056189,-0.7457363182839,"AI Engineer","PhD","Low"
-0.416731449607827,-0.535215112611165,-0.779154401982137,0.954767763258342,-1.17597968913972,1.15679130273695,1.67577611011245,-0.101657484937093,-1.51070336651765,-1.54038777063718,-0.698502443390707,1.49574486377272,0.0591952020367829,-0.809722173429283,-0.326835627698761,"Teacher","Bachelor's","Low"
1.18003398786416,-1.10731136353167,0.523641992083047,-1.20049036465956,1.76897865234979,0.149456120988595,-1.24002572478597,1.35488596537832,-1.51070336651765,1.46852376716457,1.74862166177843,0.697255125893867,0.921763718212945,-0.56481124671151,1.55821747993436,"Construction Worker","Bachelor's","High"
0.811594109953787,-0.191957362058861,0.805327698907951,1.476201181303,0.760431275127353,1.15679130273695,-0.68463489909103,1.63232281305745,0.44008960485026,1.53849845409019,0.629936356558253,-0.656705733987671,-0.458345907668914,0.169921533441807,1.03459161670294,"Chef","High School","Medium"
0.754642106239463,1.40991214051856,0.277166998611255,-0.50524580726669,1.6076110719942,-0.0936937504679043,-1.44829728442157,-1.14204566373382,-1.54553895529208,0.0340426851893152,-1.36272184336519,-1.35104463649102,1.50831030921273,1.28951434129448,-0.152293673288286,"Truck Driver","Master's","High"
1.5749994565456,0.380138888861646,-1.7650543758693,0.398572117344044,0.19564474388279,-0.128429446390261,-0.337515633031694,-0.136337090896984,-0.326293348187133,0.838751584833968,-1.25784509600079,-1.03859213036452,-1.1138979799628,-0.844709448674679,0.126973453768473,"Software Engineer","Master's","Medium"
-1.38127474539061,-1.10731136353167,1.29827768585153,-0.679056946614908,0.96214075057184,0.635755863901593,-1.5871449908453,0.418536604461269,0.683938726271249,-0.980590275232204,-1.6074342538821,-0.483121008361833,-1.38991990513917,-1.33453130211022,-0.850461490930185,"Security Guard","High School","High"
1.66593195562676,0.265719638677545,0.10111343184569,0.641907712431549,0.155302848793892,-1.20523601998333,-1.13588994496817,1.32020635941843,0.196240483429272,1.32857439331332,-0.453790032873793,0.384802619767358,0.0591952020367829,-0.634785797202302,-0.0824768915240963,"UX Researcher","Bachelor's","Medium"
0.636028217225103,-1.33614986389988,-1.06084010880704,-0.609532490875621,1.6076110719942,1.46941256603816,-0.476363339455429,-0.656531180295346,-1.0578407124501,0.663814867519913,-0.628584611814446,1.70404653452373,-0.5963568702571,-0.38987487048453,0.371332189943138,"Customer Support","Master's","High"
0.522731004356576,0.723396639413951,-0.110150848272989,-0.261910212179185,0.80077317021625,-1.69153576289633,1.39808069726498,-1.2114048756536,0.997459025241091,0.453890806743047,-0.558666780238185,1.28744319302172,-1.70044457096259,-0.949671274410867,0.266607017296853,"Graphic Designer","PhD","Medium"
-0.439905222808683,-0.0775381118747595,0.382799138670594,-1.65239932696493,-0.611193157895159,-1.27470741182804,-1.0664660917563,-0.136337090896984,0.858116670143383,1.46852376716457,1.18927900916834,-1.03859213036452,-0.216826723139589,-1.05463310014706,-0.81555310004809,"Mechanic","PhD","Medium"
-0.854692647120774,1.52433139070266,-1.51857938239751,-0.957154769572057,1.72863675726089,-0.0936937504679043,-0.163956000002026,-1.69691935909207,-0.883662768577963,1.32857439331332,-1.18792726442453,-0.274819337610827,-1.70044457096259,-0.0749893932759655,-1.65335448121837,"Retail Worker","PhD","High"
0.367622756797725,-1.22173061371577,0.347588425317481,0.920005535388698,0.0342771635272,-0.927350452604472,0.599706385328512,-1.45416211737283,-0.221786581863852,-1.15552699254626,-1.11800943284827,-1.03859213036452,-0.389340426374821,-1.579442228828,-0.326835627698761,"Marketing Manager","Master's","Medium"
0.668506173681166,1.52433139070266,-0.0749401349198756,-0.400959123657759,-0.974270213695235,-1.20523601998333,0.0443155596335751,-1.52352132929262,-1.51070336651765,0.278954089428992,0.245388282888817,1.32216013814688,0.197206164624969,1.60439981850305,-1.54862930857208,"Doctor","Master's","Low"
0.237682035994418,-0.992892113347571,-1.62421152245685,-1.06144145318099,0.0746190586160974,0.531548776134522,-1.55243306423937,1.56296360113766,1.17163696911323,-0.665704184066905,-1.46759859072958,-1.14274296574002,-1.28641168319803,-1.33453130211022,0.0920650628863784,"Software Engineer","High School","Medium"
0.262936247687122,0.837815889598052,1.72080624608889,0.641907712431549,0.720089380038456,-1.23997171590569,-0.406939486243561,0.175779362742033,-1.47586777774322,-1.71532448795123,0.594977440770123,0.488953455142861,-0.320334945080728,-0.0400021180305694,-0.257018845934571,"HR Specialist","Bachelor's","Medium"
0.546656047012822,1.40991214051856,-0.567890121863458,-1.09620368105063,-0.651535052984056,1.60835534972759,0.356722899086977,0.800012270020067,-0.639813647156975,-0.350818092901606,-0.90825593811949,-1.38576158161619,-1.1138979799628,1.04460341457671,0.650599316999897,"Financial Analyst","PhD","Medium"
1.18381923012016,-0.306376612242962,-0.0749401349198756,1.476201181303,-0.691876948072953,-0.753671972992687,-0.511075266061362,0.973410299819522,1.69417080072963,-0.875628244843771,1.29415575653273,1.14857541252105,-0.975887017374611,-0.354887595239134,-0.291927236816666,"HR Specialist","Bachelor's","Medium"
-0.447244547488256,0.723396639413951,-1.13126153551327,1.05905444686727,-1.4987148498509,0.809434343513378,-0.268091779819827,0.279818180621705,1.1368013803388,1.08366298907365,1.29415575653273,-1.52462936211686,0.645741793036573,-1.26455675161943,-0.257018845934571,"Teacher","Bachelor's","Low"
-1.16589157152629,-1.10731136353167,-0.35662584174478,0.0857120665172512,0.80077317021625,-1.23997171590569,0.634418311934446,-0.344414726656329,-1.30168983387109,-1.15552699254626,1.57382708283778,1.32216013814688,1.4048020872716,1.70936164423923,-0.990095054458564,"Chef","Master's","Medium"
-1.57807844772357,0.380138888861646,0.594063418789273,-0.0533368449613233,-1.41803105967311,-0.475786405613831,0.322010972481044,0.279818180621705,-1.19718306754781,-0.0709193451991179,0.175470451312557,0.245934839266687,-1.01038975802166,0.834679763104332,-1.61844609033627,"AI Engineer","PhD","Low"
-1.22246794051292,-0.992892113347571,0.981381265673517,0.224760977995826,1.08316643583853,0.67049155982395,0.252587119269176,1.0427695117393,0.823281081368956,0.418903463280236,-0.0342830434162267,-1.28161074624069,-0.837876054786425,-0.284913044748342,0.371332189943138,"Customer Support","Bachelor's","High"
-1.03756896954998,-1.56498836426808,-0.743943688629024,-1.68716155483457,-1.33734726949531,-0.71893627707033,0.807977944964114,-1.66223975313218,0.265911660978125,1.573485797553,-1.1529683486364,-0.101234611984989,-1.42442264578622,0.449819735404976,0.196790235532663,"Research Scientist","PhD","Low"
0.381405661806215,0.952235139782153,0.0659027184925768,1.40667672556371,-0.490167472628466,-1.65680006697397,1.25923299084125,0.279818180621705,1.34581491298536,0.383916119817425,1.08440226180395,-0.240102392485659,0.852758236918852,1.42946344227607,0.266607017296853,"UX Researcher","High School","Medium"
-0.63650666028827,-1.56498836426808,-1.13126153551327,1.02429221899763,1.20419212110522,-0.197900838234975,0.322010972481044,0.314497786581596,-1.51070336651765,1.18862501946208,-1.11800943284827,0.766689016144202,0.921763718212945,0.729717937368144,0.301515408178948,"Construction Worker","High School","High"
0.964708603957951,0.494558139045748,-0.497468695157232,0.3638098894744,1.20419212110522,1.26099839050402,-0.649922972485096,-0.725890392215128,-0.813991591029109,-0.560742153678472,0.210429367100687,0.731972071019034,0.542233571095433,1.07959068982211,1.38367552552389,"Truck Driver","PhD","High"
-0.662512141436363,-0.306376612242962,-1.69463294916308,0.850481079649411,1.00248264566074,-1.27470741182804,0.495570605510712,-0.621851574335455,-1.54553895529208,-1.22550167947188,-1.74726991703462,1.39159402839722,-1.66594183031554,-1.01964582490166,-0.257018845934571,"Customer Support","Master's","High"
-1.22631097272703,-0.649634362795267,1.43912053926399,-1.58287487122564,-0.00606473156169745,0.635755863901593,1.50221647708279,0.418536604461269,1.03229461401552,-1.43542574024875,-0.383872201297532,-0.448404063236665,1.3357966059775,-1.22956947637404,-1.19954539975113,"Software Engineer","PhD","Medium"
-0.9826974043275,-0.420795862427064,-1.58900080910374,-1.09620368105063,-0.853244528428543,-0.232636534157332,0.460858678904778,0.800012270020067,-0.46563570328484,-1.19051433600907,-1.01313268548388,-0.656705733987671,0.473228089801341,-0.354887595239134,-1.68826287210046,"Research Scientist","Bachelor's","Low"
-1.68975754176511,-0.0775381118747595,1.4743312526171,1.09381667473692,-0.974270213695235,1.05258421496988,-0.615211045879163,0.938730693859631,-1.26685424509666,0.593840180594291,0.490100693405731,-1.62878019749237,0.990769199507038,1.39447616703067,-0.780644709165995,"Doctor","PhD","Low"
-0.127434919324814,-0.87847286316347,-1.4833686690444,0.3638098894744,-0.0464066266505949,0.184191816910952,1.50221647708279,1.28552675345854,0.997459025241091,-0.770666214455338,1.43399141968526,-1.38576158161619,1.19778564338932,-0.599798521956906,-1.54862930857208,"Graphic Designer","High School","Medium"
0.138716732736396,0.952235139782153,-0.955207968747702,-0.88763031383277,-0.328799892272877,-1.51785728328454,-1.10117801836223,-1.69691935909207,-0.186950993089425,-1.43542574024875,0.629936356558253,-0.899724349863845,1.50831030921273,1.28951434129448,-0.710827927401805,"Mechanic","Bachelor's","Medium"
-0.185600512159383,1.29549289033446,1.05180269237974,1.7195367763905,-1.21632158422862,-1.44838589143983,0.530282532116645,0.418536604461269,0.474925193624687,-0.630716840604094,1.2591968407446,1.59989569914823,-0.975887017374611,-1.43949312784641,-1.05991183622275,"Research Scientist","Bachelor's","Low"
1.51310641141313,-0.535215112611165,0.629274132142386,0.502858800952974,1.20419212110522,0.288398904678023,-0.649922972485096,-0.0669778789772025,0.997459025241091,1.71343517140424,1.50390925126152,1.49574486377272,-0.354837685727775,-0.109976668521362,0.755324489646182,"Construction Worker","Master's","High"
-0.256595475693678,0.151300388493443,-0.708732975275911,-1.23525259252921,-1.21632158422862,-0.649464885225616,-0.580499119273229,-1.48884172333273,-0.535306880833694,1.29358704985051,-0.94321485390762,0.697255125893867,0.438725349154294,1.25452706604909,-1.26936218151532,"Research Scientist","High School","Low"
0.813530073550368,1.52433139070266,-1.27210438892572,-1.68716155483457,0.0746190586160974,1.6778267415723,-0.441651412849495,-0.483133150495892,-0.570142469608121,0.104017372114937,-0.209077622356879,1.32216013814688,0.0246924613897364,0.0299724324602228,-1.23445379063323,"Mechanic","PhD","Medium"
-0.165662976612511,1.29549289033446,-0.884786542041476,-1.47858818761671,-1.13563779405082,0.357870296522737,-0.268091779819827,-0.275055514736547,0.997459025241091,-1.01557761869501,1.11936117759208,0.523670400268029,-0.285832204433682,-0.144963943766757,-0.81555310004809,"Teacher","Bachelor's","Low"
-0.646648797936026,-1.33614986389988,0.0306920051394637,-0.609532490875621,0.155302848793892,1.74729813341702,-0.19866792660796,1.45892478325799,-0.535306880833694,-1.54038777063718,-1.04809160127201,-0.274819337610827,-0.975887017374611,-1.75437860505498,1.48840069817018,"Data Scientist","High School","Medium"
-0.803895273944831,0.723396639413951,0.840538412261064,-1.13096590892028,0.921798855482943,-1.48312158736218,0.77326601835818,1.49360438921788,-0.256622170638279,-1.2954763663975,0.0356347881600344,-0.517837953487001,-0.458345907668914,0.414832460159579,0.790232880528277,"Security Guard","Bachelor's","High"
-0.736136548064521,0.837815889598052,-1.62421152245685,1.7195367763905,-1.5793986400287,-1.5525929792069,-1.0664660917563,-1.5928805412124,-0.395964525735986,1.08366298907365,-0.558666780238185,-0.205385447360492,0.611239052389526,0.0299724324602228,1.27895035287761,"Research Scientist","Bachelor's","Low"
-0.742204493665743,0.723396639413951,-1.72984366251619,0.989529991127985,1.28487591128302,1.71256243749466,-0.0598202201842257,1.70168202497723,0.858116670143383,-0.84064090138096,0.140511535524426,1.70404653452373,1.23228838403636,-1.40450585260102,0.755324489646182,"Customer Support","High School","High"
1.67254890583,1.29549289033446,-0.603100835216572,1.58048786491193,-0.611193157895159,-1.65680006697397,1.39808069726498,-1.48884172333273,1.69417080072963,1.60847314101581,-1.25784509600079,0.141784003891185,-1.1138979799628,-0.249925769502946,-1.51372091768999,"Chef","Bachelor's","Medium"
0.409115946718461,-1.45056911408398,-0.497468695157232,-0.192385756439898,1.76897865234979,1.08731991089223,0.842689871570047,0.141099756782142,1.17163696911323,-0.525754810215661,0.734813103922645,1.70404653452373,-0.665362351551193,0.58976883638656,1.20913357111342,"Construction Worker","Master's","High"
-1.02234131558882,0.723396639413951,0.770116985554838,-0.748581402354195,-0.288457997183979,-1.65680006697397,0.912113724781914,-1.5928805412124,1.24130814666208,-1.2954763663975,-1.1529683486364,-0.0665176668598212,0.818255496271805,-1.26455675161943,-0.187202064170381,"Lawyer","PhD","Medium"
-1.44773319721352,-0.87847286316347,-1.02562939545393,-1.30477704826849,0.518379904593969,0.0105133372991668,-1.6912807706631,1.0427695117393,1.6593352119552,0.418903463280236,0.000675872371903821,1.32216013814688,1.54281304985978,0.869667038349728,-0.152293673288286,"Lawyer","High School","Medium"
1.73423968610909,0.380138888861646,0.699695558848612,-1.06144145318099,-0.0867485217394923,1.15679130273695,0.530282532116645,-0.309735120696438,0.544596371173541,-1.2954763663975,-0.348913285509401,1.00970763202038,-0.975887017374611,-1.08962037539245,1.59312587081646,"Financial Analyst","Bachelor's","Medium"
1.01784647043722,-0.0775381118747595,1.57996339267644,-0.50524580726669,-1.78110811547318,-1.10102893221626,-0.372227559637628,1.56296360113766,-1.26685424509666,0.943713615222401,-1.36272184336519,1.66932958939856,-0.423843167021868,0.974628864085917,-0.53628597299133,"AI Engineer","Master's","Low"
0.00282364624808108,-1.45056911408398,-1.09605082216015,-1.20049036465956,1.72863675726089,1.46941256603816,1.36336877065905,0.45321621042116,1.06713020278995,-1.47041308371156,-0.593625696026315,-0.656705733987671,0.473228089801341,-0.494836696220718,-1.19954539975113,"Retail Worker","PhD","High"
-1.59070555356993,1.63875064088676,1.08701340573286,-0.400959123657759,0.921798855482943,-1.03155754037154,-0.892906458726631,-0.691210786255237,0.474925193624687,0.383916119817425,0.699854188134514,-0.483121008361833,1.09427742144818,-1.05463310014706,-0.0824768915240963,"Retail Worker","Bachelor's","High"
-1.10943078245588,1.18107364015036,-1.13126153551327,-1.33953927613814,0.599063694771764,-0.545257797458545,0.634418311934446,-1.62756014717229,0.649103137496822,-0.595729497141283,-1.53751642230584,0.384802619767358,-0.906881536080518,-0.38987487048453,-1.4439041359258,"Graphic Designer","PhD","Medium"
-0.786095966847914,-0.191957362058861,-0.708732975275911,-1.40906373187742,1.72863675726089,-1.69153576289633,-0.0598202201842257,-1.31544369353327,-0.674649235931402,1.53849845409019,-1.18792726442453,1.63461264427339,-1.01038975802166,0.834679763104332,0.196790235532663,"Truck Driver","High School","High"
0.553215207257952,1.52433139070266,0.171534858551916,0.120474294386895,1.00248264566074,-1.13576462813861,1.46750455047685,-0.587171968375564,-0.46563570328484,0.943713615222401,-0.558666780238185,1.56517875402306,0.818255496271805,0.344857909668787,1.3487671346418,"Customer Support","PhD","High"
0.126551946554899,-0.306376612242962,-0.849575828688363,-0.088099072830967,-0.449825577539569,0.844170039435735,1.46750455047685,-0.275055514736547,-0.570142469608121,1.64346048447862,-0.209077622356879,-0.0318007217346536,-0.527351388963007,1.42946344227607,0.266607017296853,"UX Researcher","Bachelor's","Medium"
-0.337530312022355,0.151300388493443,-0.673522261922798,0.815718851779767,1.6076110719942,1.15679130273695,1.71048803671839,1.00808990577941,0.335582838526979,-0.525754810215661,0.140511535524426,-1.5940632523672,0.818255496271805,-0.179951219012154,-1.65335448121837,"Security Guard","Bachelor's","High"
-0.854114747539705,0.036881138309342,-0.391836555097893,0.294285433735113,-1.33734726949531,0.427341688367451,-0.0598202201842257,0.557255028300832,-0.988169534901244,-1.33046370986031,0.350265030253209,-0.0665176668598212,-1.63143908966849,-0.424862145729926,-1.33917896327951,"Doctor","Bachelor's","Low"
0.180036552782811,1.52433139070266,-0.35662584174478,0.398572117344044,0.478038009505071,-0.684200581147973,1.60635225690059,0.141099756782142,0.405254016075833,0.663814867519913,0.594977440770123,0.0376331685156818,-0.251329463786635,-1.579442228828,-1.65335448121837,"Graphic Designer","Master's","Medium"
0.831531645500659,-0.0775381118747595,-0.603100835216572,-0.366196895788116,-0.570851262806261,0.844170039435735,1.25923299084125,1.52828399517777,-0.047608637991717,0.733789554445535,1.2591968407446,-0.274819337610827,-0.665362351551193,1.53442526801225,0.0920650628863784,"Graphic Designer","Master's","Medium"
-1.65788637986917,-1.33614986389988,-1.34252581563195,-0.574770263005978,1.6076110719942,0.357870296522737,-0.372227559637628,-0.101657484937093,1.20647255788765,-0.525754810215661,1.29415575653273,-1.42047852674136,0.956266458859991,1.21953979080369,-1.09482022710485,"Truck Driver","Bachelor's","High"
0.538681032794073,-1.45056911408398,-1.16647224886638,0.74619439604048,1.32521780637192,0.496813080212165,-1.03175416515037,-1.00332723989425,-1.61521013284093,-0.595729497141283,0.210429367100687,1.25272624789655,0.57673631174248,-0.21493849425755,1.59312587081646,"Construction Worker","Bachelor's","High"
-0.857119825361262,-0.649634362795267,1.50954196597021,0.120474294386895,-0.409483682450671,-1.5525929792069,0.807977944964114,-1.31544369353327,-0.709484824705829,0.139004715577748,0.210429367100687,0.35008567464219,-1.14840072060984,-0.424862145729926,0.441148971707328,"Chef","Bachelor's","Medium"
-1.62301014015167,0.265719638677545,0.805327698907951,1.476201181303,0.397354219327277,0.32313460060038,-1.0664660917563,0.591934634260723,0.405254016075833,0.383916119817425,-0.0342830434162267,0.107067058766017,-0.5963568702571,0.0649597077056189,-1.02500344534066,"Software Engineer","High School","Medium"
-1.44605728842842,-0.87847286316347,0.946170552320403,-0.366196895788116,-0.00606473156169745,1.26099839050402,0.877401798175981,1.07744911769919,-1.26685424509666,-1.47041308371156,1.36407358810899,-0.37897017298633,-0.734367832845286,0.76470521261354,1.20913357111342,"Marketing Manager","PhD","Medium"
-1.48821506286738,-0.420795862427064,-0.638311548569685,1.23286558621549,0.841115065305148,-1.5525929792069,0.426146752298844,-1.52352132929262,-0.639813647156975,0.628827524057102,-0.558666780238185,-1.10802602061485,-0.768870573492332,-0.144963943766757,-0.0475685006420014,"Construction Worker","High School","High"
-0.383588908633534,0.952235139782153,0.875749125614177,-0.122861300700611,0.558721799682866,-1.34417880367276,-0.823482605514764,1.14680832961898,-0.430800114510413,1.71343517140424,-0.104200874992488,1.00970763202038,-0.354837685727775,-0.284913044748342,-0.396652409462951,"UX Researcher","High School","Medium"
0.822516412035986,-0.992892113347571,-0.215782988332328,1.19810335834585,-0.409483682450671,-0.267372230079689,-1.5871449908453,-0.171016696856875,0.265911660978125,0.278954089428992,-0.593625696026315,-0.621988788862503,-1.35541716449212,-0.459849420975322,-1.37408735416161,"Lawyer","High School","Medium"
1.37420824710326,0.151300388493443,1.65038481938266,1.65001232065121,0.599063694771764,0.357870296522737,0.703842165146313,-0.725890392215128,0.44008960485026,-0.105906688661929,-0.0692419592043573,0.905556796644873,-0.768870573492332,-0.634785797202302,1.48840069817018,"Lawyer","Master's","Medium"
-0.360386240453624,1.06665438996625,-0.0397294215667625,1.44143895343335,0.155302848793892,0.184191816910952,-0.858194532120698,-0.552492362415673,1.20647255788765,0.243966745966181,0.0356347881600344,-1.38576158161619,-1.66594183031554,1.60439981850305,-0.396652409462951,"HR Specialist","Bachelor's","Medium"
-1.39133019810121,-0.420795862427064,-1.4833686690444,0.641907712431549,0.679747484949559,0.288398904678023,-1.2747376513919,0.279818180621705,0.927787847692237,-0.280843405975984,1.32911467232086,0.523670400268029,1.37029934662455,0.414832460159579,-1.26936218151532,"Mechanic","PhD","Medium"
-1.69666344175888,-0.649634362795267,-0.0749401349198756,0.607145484561905,1.20419212110522,-0.684200581147973,0.460858678904778,-1.2114048756536,-0.46563570328484,-0.980590275232204,0.699854188134514,1.53046180889789,1.71532675309501,-0.179951219012154,-0.850461490930185,"Security Guard","High School","High"
0.68064206488361,1.29549289033446,1.22785625914531,-0.991916997441701,0.720089380038456,-0.545257797458545,1.71048803671839,1.18148793557887,1.06713020278995,-0.595729497141283,-1.71231100124649,-0.413687118111498,-0.69986509219824,-1.61442950407339,0.0571566720042835,"Graphic Designer","High School","Medium"
0.291022167327063,0.723396639413951,0.45322056537682,0.433334345213688,-1.70042432529539,1.6778267415723,-1.0664660917563,-0.171016696856875,-0.047608637991717,1.11865033253646,-1.39768075915332,-0.240102392485659,0.438725349154294,-0.984658549656263,0.476057362589423,"Teacher","High School","Low"
0.743170799555248,0.380138888861646,-1.06084010880704,1.05905444686727,-1.09529589896193,-1.51785728328454,-0.372227559637628,-0.760569998175018,-0.709484824705829,1.71343517140424,0.490100693405731,0.766689016144202,1.64632127180092,-0.424862145729926,1.06950000758504,"Research Scientist","Bachelor's","Low"
0.975197481354348,-0.764053612979368,1.29827768585153,-1.09620368105063,0.720089380038456,-0.962086148526829,-0.580499119273229,0.90405108789974,-0.395964525735986,0.418903463280236,-0.209077622356879,0.836122906394537,-0.941384276727565,-1.5444549535826,-0.67591953651971,"Financial Analyst","Bachelor's","Medium"
-1.16144174475206,-1.67940761445218,-1.16647224886638,-0.50524580726669,-1.41803105967311,-1.51785728328454,0.28729904587511,1.32020635941843,-1.23201865632223,0.383916119817425,0.560018524981992,-0.274819337610827,0.680244533683619,-0.319900319993738,0.0222482811221885,"AI Engineer","Master's","Low"
0.519754821514072,0.952235139782153,-1.30731510227883,1.05905444686727,-1.29700537440641,0.878905735358092,-0.649922972485096,0.03706093890247,1.24130814666208,-0.0709193451991179,-0.488748948661924,0.141784003891185,0.749250014977712,-0.21493849425755,1.55821747993436,"Research Scientist","Master's","Low"
1.25706800202063,-0.420795862427064,-0.0749401349198756,0.920005535388698,0.316670429149482,1.26099839050402,1.74519996332432,-0.240375908776656,-1.37136101141994,-1.6103624575628,0.804730935498906,1.28744319302172,-0.975887017374611,-1.19458220112864,-1.51372091768999,"Mechanic","Master's","Medium"
-0.468511252071586,1.40991214051856,-0.673522261922798,-0.331434667918472,-0.00606473156169745,1.1915269986593,0.530282532116645,0.418536604461269,-1.12751188999895,0.0690300286521262,0.769772019710775,1.63461264427339,-1.0448924986687,-1.71939132980958,-1.4439041359258,"HR Specialist","High School","Medium"
-0.0428593156354031,-1.56498836426808,-0.567890121863458,1.7195367763905,-1.33734726949531,-1.10102893221626,1.36336877065905,-0.136337090896984,0.718774315045675,1.71343517140424,-1.57247533809397,-1.38576158161619,0.749250014977712,-0.774734898183887,-1.09482022710485,"Research Scientist","PhD","Low"
1.35297043749899,0.151300388493443,-1.69463294916308,0.954767763258342,0.921798855482943,-0.0936937504679043,0.391434825692911,-0.240375908776656,-1.65004572161536,1.01368830214802,-1.71231100124649,0.905556796644873,1.3357966059775,-0.249925769502946,0.161881844650568,"Retail Worker","Master's","High"
1.283766962666,-0.420795862427064,-0.391836555097893,1.37191449769406,0.639405589860661,-0.545257797458545,0.426146752298844,1.49360438921788,1.58966403440635,0.0690300286521262,-0.174118706568749,-0.760856569363174,1.57731579050683,-1.26455675161943,0.301515408178948,"Financial Analyst","Bachelor's","Medium"
0.583237090494473,1.06665438996625,-0.779154401982137,-0.331434667918472,1.80932054743869,-1.5525929792069,0.28729904587511,-1.45416211737283,-1.23201865632223,-0.175881375587551,0.0356347881600344,-0.830290459613509,-0.630859610904147,-1.43949312784641,-0.67591953651971,"Security Guard","Bachelor's","High"
-1.00757598129251,0.036881138309342,1.54475267932333,-0.574770263005978,-1.25666347931752,1.4346768701158,-1.6912807706631,1.07744911769919,1.55482844563192,-1.40043839678594,-1.18792726442453,1.59989569914823,0.128200683330876,-1.71939132980958,-0.81555310004809,"Teacher","PhD","Low"
1.14151698078593,1.63875064088676,0.664484845495499,0.815718851779767,0.80077317021625,-0.71893627707033,0.148451339451376,0.106420150822252,-0.326293348187133,-1.12053964908345,1.67870383020217,1.21800930277138,-0.00981027925731013,0.344857909668787,-0.920278272694374,"Graphic Designer","PhD","Medium"
1.37048079480537,0.952235139782153,0.664484845495499,0.0857120665172512,-0.812902633339646,0.392605992445094,-0.441651412849495,0.938730693859631,-1.16234747877338,-0.385805436364417,-0.523707864450054,-0.240102392485659,0.956266458859991,-0.0749893932759655,1.03459161670294,"AI Engineer","Bachelor's","Low"
-0.244777429260822,1.29549289033446,-0.567890121863458,1.09381667473692,-1.5793986400287,-0.962086148526829,0.00960363302764153,-0.8299292100948,-1.71971689916421,0.55885283713148,0.0356347881600344,-0.170668502235324,1.61181853115387,0.239896083932599,1.27895035287761,"AI Engineer","Master's","Low"
0.197691384984461,0.151300388493443,0.241956285258142,1.30239004195478,0.114960953704995,0.774698647591021,-0.441651412849495,-1.41948251141294,-0.152115404314998,-0.350818092901606,1.29415575653273,-0.899724349863845,1.61181853115387,1.60439981850305,-0.850461490930185,"Marketing Manager","PhD","Medium"
0.444483401079868,-0.992892113347571,1.65038481938266,-0.192385756439898,-0.288457997183979,0.114720425066238,0.669130238540379,-0.795249604134909,0.823281081368956,-1.54038777063718,-1.57247533809397,-0.37897017298633,-0.527351388963007,-0.634785797202302,-0.0126601097599064,"Financial Analyst","PhD","Medium"
1.30627615134863,-0.420795862427064,-1.09605082216015,-0.644294718745265,0.760431275127353,-0.302107926002046,-0.19866792660796,0.279818180621705,1.6593352119552,-0.875628244843771,0.629936356558253,0.766689016144202,0.369719867860201,-1.43949312784641,0.650599316999897,"Mechanic","Master's","Medium"
-0.748243544287911,0.265719638677545,0.347588425317481,0.850481079649411,-0.490167472628466,1.1915269986593,-1.62185691745124,1.18148793557887,-0.152115404314998,-0.945602931769393,-1.29280401178893,1.56517875402306,-1.49342812708031,-1.05463310014706,-0.501377582109235,"Mechanic","PhD","Medium"
1.5245488231183,-0.306376612242962,0.136324145198803,-1.27001482039885,-0.328799892272877,-0.892614756682115,-0.997042238544432,-0.309735120696438,0.683938726271249,-0.945602931769393,-0.453790032873793,-0.37897017298633,1.64632127180092,1.56941254325765,1.06950000758504,"Software Engineer","PhD","Medium"
0.858403976020355,-1.22173061371577,-1.51857938239751,-0.609532490875621,-1.5390567449398,0.0452490332215238,0.981537577993782,1.25084714749865,1.17163696911323,-0.455780123290039,0.664895272346384,-0.656705733987671,-1.52793086772735,0.694730662122748,-1.68826287210046,"Doctor","Master's","Low"
-1.35532705420063,-1.56498836426808,-0.603100835216572,0.676669940301192,1.5672691769053,-0.684200581147973,1.08567335781158,-0.725890392215128,-0.186950993089425,0.838751584833968,0.664895272346384,1.70404653452373,-0.941384276727565,0.554781561141164,0.406240580825233,"Customer Support","Master's","High"
0.32445365809189,-1.67940761445218,-0.35662584174478,-0.227147984309541,0.114960953704995,-1.72627145881868,-0.823482605514764,0.0717405448623608,0.753609903820102,-1.12053964908345,0.175470451312557,0.731972071019034,-0.216826723139589,-1.64941677931879,-0.152293673288286,"Data Scientist","Bachelor's","Medium"
1.71612253424258,-1.56498836426808,1.50954196597021,-1.30477704826849,1.44624349163861,-1.5525929792069,-0.163956000002026,0.175779362742033,-0.709484824705829,-0.105906688661929,-1.18792726442453,-0.691422679112839,0.404222608507248,-0.704760347693095,1.41858391640599,"Customer Support","High School","High"
0.70569401172294,1.06665438996625,-0.215782988332328,-1.58287487122564,-1.33734726949531,0.913641431280449,-0.788770678908831,1.07744911769919,-0.883662768577963,1.15363767599927,-1.43263967494145,1.28744319302172,-0.00981027925731013,-0.704760347693095,-0.780644709165995,"Nurse","PhD","Low"
-1.25341446307915,0.036881138309342,1.756016959442,-0.957154769572057,-0.651535052984056,0.32313460060038,-0.0251082935782921,0.0717405448623608,0.579431959947968,-0.770666214455338,1.43399141968526,-0.205385447360492,-1.28641168319803,0.834679763104332,0.510965753471518,"Chef","Master's","Medium"
-0.65508613181963,1.18107364015036,0.418009852023707,-0.957154769572057,-1.37768916458421,1.39994117419345,-1.2747376513919,-0.37909433261622,1.10196579156437,1.67844782794143,-0.174118706568749,0.0376331685156818,0.231708905272015,1.49943799276686,1.27895035287761,"AI Engineer","High School","Low"
-0.739343890739453,0.380138888861646,-0.215782988332328,-0.122861300700611,-1.01461210878413,0.357870296522737,0.530282532116645,1.73636163093712,-1.51070336651765,-0.945602931769393,-0.313954369721271,-0.517837953487001,-1.66594183031554,-1.43949312784641,0.650599316999897,"Teacher","PhD","Low"
0.950925698949461,-1.67940761445218,0.0306920051394637,0.155236522256539,-0.409483682450671,0.948377127202806,0.877401798175981,0.314497786581596,-1.02300512367567,-1.36545105332312,-1.53751642230584,0.315368729517023,1.12878016209522,1.25452706604909,-0.117385282406191,"Lawyer","High School","Medium"
-1.70894380785659,1.52433139070266,1.57996339267644,-0.748581402354195,-0.167432311917287,1.50414826196052,-0.545787192667296,1.4242451772981,1.6593352119552,0.593840180594291,1.11936117759208,0.870839851519705,0.680244533683619,-0.669773072447699,-1.51372091768999,"HR Specialist","Master's","Medium"
-1.26422118524514,1.63875064088676,0.594063418789273,-1.37430150400778,-1.82145001056208,-1.23997171590569,0.77326601835818,1.63232281305745,1.6593352119552,-0.000944658273495871,1.29415575653273,0.836122906394537,-0.00981027925731013,0.239896083932599,-1.23445379063323,"Nurse","High School","Low"
-0.614546476207657,-0.535215112611165,-0.532679408510346,-0.157623528570254,-1.13563779405082,-0.579993493380902,-0.858194532120698,0.45321621042116,-1.68488131038978,0.803764241371157,0.0356347881600344,0.384802619767358,0.438725349154294,0.099946982951015,0.301515408178948,"Doctor","High School","Low"
-0.307421743848674,1.18107364015036,0.875749125614177,0.815718851779767,0.599063694771764,-1.0662932362939,-0.337515633031694,1.56296360113766,-0.361128936961559,-1.2954763663975,0.105552619736295,-1.35104463649102,-1.0448924986687,1.74434891948463,0.161881844650568,"Data Scientist","Bachelor's","Medium"
-1.61962942760242,1.29549289033446,-0.81436511533525,-1.61763709909529,0.357012324238379,0.462077384289808,0.28729904587511,0.834691875979958,0.614267548722395,-0.980590275232204,-0.523707864450054,-1.28161074624069,-1.28641168319803,0.624756111631956,1.27895035287761,"Data Scientist","PhD","Medium"
1.39492594708458,0.837815889598052,0.45322056537682,-1.09620368105063,-0.651535052984056,1.08731991089223,0.28729904587511,0.418536604461269,0.962623436466664,0.733789554445535,1.15432009338021,-1.52462936211686,0.852758236918852,1.21953979080369,-0.710827927401805,"Data Scientist","PhD","Medium"
-1.04797116200921,-1.67940761445218,-0.673522261922798,1.61525009278157,-0.772560738250748,0.288398904678023,-1.13588994496817,0.730653058100286,-1.12751188999895,-0.875628244843771,-0.0342830434162267,1.42631097352239,-1.01038975802166,-1.26455675161943,0.929866444056657,"Chef","Master's","Medium"
-0.575624939422677,-1.33614986389988,1.43912053926399,-1.20049036465956,1.44624349163861,-0.927350452604472,-1.1706018715741,0.626614240220614,0.300747249752552,0.90872627175959,-0.663543527602576,-0.170668502235324,-0.320334945080728,1.67437436899384,-0.710827927401805,"Retail Worker","Bachelor's","High"
0.447344004006158,-0.764053612979368,-0.532679408510346,0.224760977995826,-0.409483682450671,1.46941256603816,-0.788770678908831,1.38956557133821,-1.40619660019437,0.593840180594291,1.43399141968526,-1.14274296574002,1.61181853115387,-0.179951219012154,1.59312587081646,"Financial Analyst","Master's","Medium"
-1.56683830087179,-0.306376612242962,-0.708732975275911,-1.06144145318099,-0.328799892272877,-1.41365019551747,-1.24002572478597,-1.38480290545305,-0.291457759412706,1.08366298907365,-1.25784509600079,-1.28161074624069,0.473228089801341,-1.05463310014706,-1.37408735416161,"Marketing Manager","High School","Medium"
-0.60128368082213,-1.33614986389988,1.4743312526171,1.12857890260656,-0.248116102095082,0.566284472056879,0.148451339451376,0.626614240220614,0.614267548722395,0.488878150205858,-0.803379190755098,-1.5940632523672,-0.147821241845496,1.35948889178527,0.266607017296853,"Graphic Designer","Master's","Medium"
1.27495399405471,-0.191957362058861,-0.567890121863458,-1.09620368105063,-1.82145001056208,-0.0936937504679043,0.669130238540379,-0.933968027974472,-1.30168983387109,1.39854908023894,-0.768420274966968,-0.96915824011418,1.23228838403636,1.1145779650675,-0.152293673288286,"AI Engineer","High School","Low"
-0.279711458936428,-0.992892113347571,-0.990418682100815,-1.44382595974707,1.36555970146081,-1.37891449959511,-0.163956000002026,1.52828399517777,1.55482844563192,-0.875628244843771,0.42018286182947,-0.101234611984989,1.30129386533046,-0.809722173429283,-1.72317126298256,"Security Guard","Bachelor's","High"
1.33531560529734,-0.191957362058861,-0.532679408510346,-0.609532490875621,-1.01461210878413,0.635755863901593,-0.68463489909103,-0.136337090896984,-1.40619660019437,1.43353642370176,1.53886816704965,1.66932958939856,1.26679112468341,-1.15959492588324,-1.54862930857208,"Nurse","High School","Low"
-0.861858601926026,0.265719638677545,1.43912053926399,-1.09620368105063,-0.812902633339646,1.08731991089223,-1.44829728442157,-0.309735120696438,0.614267548722395,-0.875628244843771,-1.46759859072958,0.94027374177004,0.438725349154294,1.70936164423923,-0.53628597299133,"Marketing Manager","Bachelor's","Low"
1.42754837843591,-1.67940761445218,-0.708732975275911,-1.37430150400778,-0.369141787361774,1.12205560681459,-0.406939486243561,-1.41948251141294,-0.570142469608121,1.71343517140424,0.455141777617601,-0.274819337610827,-1.14840072060984,1.70936164423923,1.13931678934923,"Data Scientist","PhD","Medium"
-0.0176917888798593,-1.56498836426808,-1.51857938239751,-1.51335041548635,-0.611193157895159,0.288398904678023,1.50221647708279,0.00238133294257918,1.17163696911323,-0.14089403212474,0.734813103922645,0.80140596126937,-1.14840072060984,-0.494836696220718,0.510965753471518,"Chef","High School","Medium"
0.505596281777888,-1.10731136353167,0.277166998611255,-0.679056946614908,-0.772560738250748,0.462077384289808,1.25923299084125,-0.552492362415673,-0.395964525735986,1.39854908023894,1.08440226180395,0.731972071019034,-0.872378795433472,1.42946344227607,-1.19954539975113,"Chef","Bachelor's","Medium"
-1.6535232380321,-0.87847286316347,-1.65942223580996,0.502858800952974,-1.5390567449398,-0.163165142312618,-0.511075266061362,-1.14204566373382,0.405254016075833,1.36356173677613,1.60878599862591,-1.07330907548968,0.749250014977712,0.554781561141164,-0.53628597299133,"Research Scientist","Bachelor's","Low"
1.47626531312,-0.87847286316347,0.664484845495499,1.58048786491193,0.19564474388279,-0.197900838234975,0.113739412845442,-1.03800684585414,0.858116670143383,0.90872627175959,-1.22288618021266,1.32216013814688,-0.803373314139379,1.67437436899384,-0.396652409462951,"Software Engineer","Master's","Medium"
1.71204834219605,-0.420795862427064,-0.532679408510346,-0.192385756439898,0.881456960394045,0.288398904678023,0.356722899086977,0.834691875979958,-1.65004572161536,0.173992059040559,-1.57247533809397,0.697255125893867,-1.52793086772735,1.42946344227607,0.720416098764087,"Truck Driver","Bachelor's","High"
-1.15615396358528,1.18107364015036,-0.215782988332328,-1.27001482039885,-1.5390567449398,1.29573408642638,1.39808069726498,-1.73159896505196,0.300747249752552,0.803764241371157,0.42018286182947,-1.45519547186653,-0.975887017374611,-0.879696723920075,1.17422518023132,"Research Scientist","Bachelor's","Low"
-1.26465460993094,-1.10731136353167,-0.0397294215667625,1.51096340917264,0.19564474388279,1.39994117419345,-0.129244073396093,-1.2114048756536,1.48515726808307,-0.105906688661929,-1.11800943284827,-0.691422679112839,-1.5624336083744,-0.109976668521362,1.24404196199551,"UX Researcher","Master's","Medium"
0.421309627879011,0.380138888861646,1.50954196597021,-1.27001482039885,-0.207774207006184,-1.62206437105161,1.25923299084125,-0.483133150495892,0.44008960485026,0.768776897908346,-0.24403653814501,-0.656705733987671,1.57731579050683,1.60439981850305,-0.710827927401805,"UX Researcher","Master's","Medium"
-0.371048487724342,-1.22173061371577,1.65038481938266,-1.72192378270422,-0.12709041682839,-1.37891449959511,0.0443155596335751,-1.66223975313218,-0.326293348187133,-0.945602931769393,0.105552619736295,1.7387634796489,1.02527194015408,1.21953979080369,0.510965753471518,"Marketing Manager","High School","Medium"
1.4397131646174,1.40991214051856,-1.02562939545393,1.51096340917264,1.16385022601633,-1.37891449959511,0.703842165146313,-0.691210786255237,-0.813991591029109,1.78340985832987,1.2591968407446,-0.309536282735995,1.64632127180092,0.519794285895768,0.860049662292467,"Construction Worker","PhD","High"
0.630682646100217,-1.67940761445218,-1.34252581563195,0.468096573083331,0.639405589860661,0.427341688367451,-1.2747376513919,-1.31544369353327,1.17163696911323,-1.22550167947188,0.0705937039481649,-1.5940632523672,-1.45892538643326,0.58976883638656,0.685507707881992,"Financial Analyst","Bachelor's","Medium"
-0.694961202913373,0.494558139045748,-0.990418682100815,1.09381667473692,-0.449825577539569,0.149456120988595,1.64106418350652,-1.2114048756536,1.51999285685749,-1.08555230562064,0.245388282888817,-0.413687118111498,1.57731579050683,-0.809722173429283,-0.326835627698761,"UX Researcher","PhD","Medium"
-0.351197637114631,1.40991214051856,0.136324145198803,0.016187610777964,-0.409483682450671,0.705227255746307,-1.6912807706631,-1.55820093525251,0.335582838526979,-0.525754810215661,1.57382708283778,1.39159402839722,0.714747274330666,1.1145779650675,0.615690926117802,"Lawyer","High School","Medium"
-1.43377692233071,-1.56498836426808,0.946170552320403,-0.991916997441701,-0.288457997183979,1.12205560681459,0.148451339451376,1.25084714749865,-1.02300512367567,0.418903463280236,-1.46759859072958,0.488953455142861,0.887260977565898,0.274883359177995,-0.780644709165995,"Data Scientist","High School","Medium"
-1.57709601843576,-0.0775381118747595,-1.34252581563195,0.433334345213688,-0.89358642351744,-0.996821844449186,0.842689871570047,1.28552675345854,0.0568981283315639,0.628827524057102,1.11936117759208,-0.830290459613509,-0.69986509219824,-1.75437860505498,1.62803426169855,"AI Engineer","Bachelor's","Low"
-1.29395411869113,1.63875064088676,-0.849575828688363,1.30239004195478,-0.611193157895159,0.774698647591021,-1.3788734312097,0.418536604461269,-0.500471292059267,1.04867564561083,-0.94321485390762,0.488953455142861,-0.906881536080518,0.729717937368144,1.3138587437597,"Data Scientist","Master's","Medium"
-1.55883439167398,0.265719638677545,1.29827768585153,0.329047661604757,-0.611193157895159,-0.232636534157332,-1.1706018715741,0.695973452140395,0.89295225891781,-1.33046370986031,0.0356347881600344,1.07914152227071,1.50831030921273,0.0299724324602228,1.59312587081646,"Data Scientist","High School","Medium"
0.0120411445661275,1.52433139070266,-0.391836555097893,1.23286558621549,-0.00606473156169745,-0.0936937504679043,-0.0251082935782921,1.21616754153876,1.1368013803388,-0.315830749438795,-0.593625696026315,-0.0318007217346536,0.231708905272015,-0.914683999165471,1.03459161670294,"Data Scientist","Bachelor's","Medium"
-1.46116936247337,-1.56498836426808,-0.603100835216572,-1.33953927613814,1.04282454074964,1.57361965380523,-0.649922972485096,-1.14204566373382,-0.152115404314998,-0.630716840604094,-1.6074342538821,-0.621988788862503,0.128200683330876,0.169921533441807,-0.46646919122714,"Security Guard","High School","High"
-0.894943352942212,0.608977389229849,1.65038481938266,-0.400959123657759,-0.409483682450671,-0.892614756682115,-0.129244073396093,0.90405108789974,-1.02300512367567,0.768776897908346,-1.67735208545836,-0.274819337610827,0.956266458859991,-0.56481124671151,0.231698626414758,"Marketing Manager","PhD","Medium"
1.16021203223351,-0.306376612242962,0.840538412261064,-1.548112643356,0.558721799682866,-1.03155754037154,1.29394491744718,-0.517812756455783,0.753609903820102,-0.595729497141283,1.43399141968526,-1.28161074624069,-1.1138979799628,-0.0400021180305694,-1.4439041359258,"Graphic Designer","PhD","Medium"
1.61264961425223,0.952235139782153,1.54475267932333,1.68477454852086,-1.458372954762,1.46941256603816,0.148451339451376,-0.795249604134909,0.683938726271249,0.593840180594291,1.7136627459903,-0.795573514488342,0.57673631174248,-1.579442228828,-1.33917896327951,"Teacher","Master's","Low"
-0.211114778663568,-0.535215112611165,1.756016959442,1.05905444686727,0.437696114416174,0.0452490332215238,-0.68463489909103,-1.2114048756536,-0.779156002254683,-0.385805436364417,0.909607682863297,0.141784003891185,-1.45892538643326,-1.68440405456418,-1.37408735416161,"Chef","Bachelor's","Medium"
-0.875901561745997,0.723396639413951,1.50954196597021,0.502858800952974,0.478038009505071,-0.0936937504679043,-0.476363339455429,-1.35012329949316,1.31097932421093,1.01368830214802,-1.1529683486364,0.0376331685156818,-0.0443130199043566,0.449819735404976,1.59312587081646,"Graphic Designer","Master's","Medium"
-0.920977729069358,-0.420795862427064,-1.16647224886638,0.780956623910123,-1.29700537440641,0.635755863901593,-1.03175416515037,0.869371481939849,1.72900638950406,0.628827524057102,-0.0342830434162267,1.46102791864756,-1.66594183031554,0.799692487858936,1.38367552552389,"Research Scientist","Bachelor's","Low"
0.945753497698896,-0.764053612979368,-1.06084010880704,0.25952320586547,0.235986638971687,-0.684200581147973,-0.129244073396093,-0.760569998175018,-0.46563570328484,-1.15552699254626,1.36407358810899,-1.6982140877427,1.30129386533046,0.239896083932599,-0.571194363873425,"Financial Analyst","Master's","Medium"
-1.20105676103432,0.837815889598052,0.0306920051394637,0.016187610777964,-1.70042432529539,-0.37157931784676,-0.892906458726631,-1.66223975313218,-0.500471292059267,-1.40043839678594,-0.838338106543229,-1.42047852674136,-1.38991990513917,-1.05463310014706,1.76766782522693,"Teacher","Master's","Low"
0.442951967190036,-0.535215112611165,0.488431278729934,-1.23525259252921,0.679747484949559,-1.41365019551747,1.60635225690059,0.383856998501378,-1.75455248793864,1.39854908023894,0.0705937039481649,-0.830290459613509,0.921763718212945,1.49943799276686,-0.0475685006420014,"UX Researcher","PhD","Medium"
-1.50251807749883,0.265719638677545,1.01659197902663,0.641907712431549,-0.933928318606338,0.67049155982395,-0.892906458726631,1.49360438921788,-1.40619660019437,-0.770666214455338,0.0705937039481649,0.245934839266687,-1.66594183031554,0.974628864085917,-0.46646919122714,"Teacher","Bachelor's","Low"
0.264294311702634,1.40991214051856,1.08701340573286,-0.400959123657759,-0.732218843161851,-1.10102893221626,1.60635225690059,-1.48884172333273,-0.535306880833694,0.0340426851893152,-0.0342830434162267,-1.73293103286787,-0.00981027925731013,-0.424862145729926,1.66294265258065,"Graphic Designer","PhD","Medium"
-0.485270339922579,0.036881138309342,-0.532679408510346,-0.261910212179185,1.20419212110522,0.601020167979236,-0.962330311938498,-0.968647633934363,0.788445492594529,0.0340426851893152,-0.27899545393314,-1.14274296574002,-1.07939523931575,-1.71939132980958,-1.4089957450437,"Retail Worker","PhD","High"
0.141808495495114,0.380138888861646,1.36869911255776,-0.713819174484552,1.12350833092743,-1.3094431077504,-0.372227559637628,-1.5928805412124,1.45032167930864,0.628827524057102,1.7136627459903,1.32216013814688,-0.11331850119845,0.0649597077056189,-1.05991183622275,"Security Guard","Bachelor's","High"
-1.31747463164062,-0.535215112611165,1.40390982591087,-1.548112643356,0.599063694771764,-0.545257797458545,1.39808069726498,1.52828399517777,0.579431959947968,0.593840180594291,-0.174118706568749,1.18329235764621,1.57731579050683,0.974628864085917,0.441148971707328,"Lawyer","High School","Medium"
-0.240761027172394,-0.0775381118747595,1.22785625914531,0.155236522256539,-1.01461210878413,0.0452490332215238,-1.51772113763344,-0.41377393857611,-0.221786581863852,-1.22550167947188,-1.39768075915332,0.141784003891185,-1.42442264578622,-0.704760347693095,0.860049662292467,"Nurse","Master's","Low"
0.229446966964189,-0.992892113347571,0.770116985554838,1.7195367763905,0.316670429149482,-0.71893627707033,0.599706385328512,0.695973452140395,-0.46563570328484,-1.64534980102561,0.699854188134514,-1.66349714261753,0.438725349154294,-1.19458220112864,0.266607017296853,"Chef","PhD","Medium"
-0.874948027437233,1.29549289033446,-1.72984366251619,-0.470483579397047,0.155302848793892,1.22626269458166,1.36336877065905,-0.0669778789772025,0.788445492594529,-0.595729497141283,-0.558666780238185,-1.07330907548968,0.197206164624969,-0.669773072447699,-1.4439041359258,"Mechanic","Bachelor's","Medium"
-0.657628889976332,0.952235139782153,0.734906272201725,-0.470483579397047,-0.691876948072953,-0.232636534157332,-0.19866792660796,0.591934634260723,-0.639813647156975,0.663814867519913,1.29415575653273,-0.899724349863845,1.64632127180092,-0.38987487048453,-0.780644709165995,"UX Researcher","Master's","Medium"
-1.41817363364185,1.18107364015036,-1.44815795569129,-1.27001482039885,-1.41803105967311,0.913641431280449,1.39808069726498,0.557255028300832,-1.37136101141994,0.628827524057102,0.490100693405731,1.07914152227071,1.12878016209522,1.28951434129448,-0.291927236816666,"Research Scientist","PhD","Low"
0.634612363251485,-1.67940761445218,-0.81436511533525,1.75429900426014,-1.66008243020649,-1.69153576289633,-1.20531379818003,0.973410299819522,-0.186950993089425,-0.14089403212474,1.60878599862591,1.46102791864756,-0.665362351551193,-1.01964582490166,1.24404196199551,"Nurse","Master's","Low"
-0.0758573817144283,0.151300388493443,0.136324145198803,0.468096573083331,-1.5793986400287,1.05258421496988,0.460858678904778,0.00238133294257918,-1.54553895529208,1.50351111062738,0.42018286182947,-1.07330907548968,0.369719867860201,0.624756111631956,0.126973453768473,"Research Scientist","Master's","Low"
1.15423077156945,0.608977389229849,0.277166998611255,1.58048786491193,-0.732218843161851,-1.34417880367276,-1.13588994496817,0.661293846180504,0.509760782399114,1.39854908023894,0.804730935498906,0.0376331685156818,1.68082401244797,-0.809722173429283,1.17422518023132,"Chef","Master's","Medium"
-1.46160278715917,1.63875064088676,0.523641992083047,0.815718851779767,-1.17597968913972,-1.23997171590569,-0.19866792660796,0.210458968701924,1.20647255788765,-0.175881375587551,1.46895033547339,-0.205385447360492,0.162703423977922,1.04460341457671,0.301515408178948,"Nurse","Bachelor's","Low"
-0.102556342359804,0.151300388493443,0.55885270543616,0.0857120665172512,-0.772560738250748,-0.302107926002046,-0.68463489909103,0.869371481939849,-1.02300512367567,-0.980590275232204,-1.08305051706014,-1.28161074624069,-0.665362351551193,1.35948889178527,0.964774834938751,"UX Researcher","High School","Medium"
0.979936257919112,0.265719638677545,1.05180269237974,-0.783343630223839,-0.933928318606338,-1.23997171590569,-0.545787192667296,0.314497786581596,-1.40619660019437,0.838751584833968,-0.383872201297532,0.974990686895208,-0.0443130199043566,-1.12460765063785,0.825141271410372,"AI Engineer","High School","Low"
-0.757374357668797,0.952235139782153,-0.0397294215667625,-1.44382595974707,0.19564474388279,0.601020167979236,-0.406939486243561,1.56296360113766,1.27614373543651,0.768776897908346,0.734813103922645,-0.865007404738677,0.542233571095433,-1.05463310014706,-1.23445379063323,"Financial Analyst","Bachelor's","Medium"
0.419460349219592,-0.535215112611165,0.418009852023707,-0.227147984309541,-0.328799892272877,0.357870296522737,-1.55243306423937,-1.41948251141294,-1.65004572161536,0.0340426851893152,0.350265030253209,-1.52462936211686,0.749250014977712,-0.949671274410867,0.685507707881992,"Data Scientist","Bachelor's","Medium"
1.33528671031828,-0.420795862427064,0.664484845495499,1.33715226982442,-0.853244528428543,-0.0242223586231903,0.703842165146313,1.21616754153876,-0.500471292059267,-0.805653557918149,1.57382708283778,0.80140596126937,-0.975887017374611,-0.179951219012154,1.06950000758504,"Nurse","PhD","Low"
-1.10969083726736,1.63875064088676,0.523641992083047,0.885243307519054,0.19564474388279,0.149456120988595,0.877401798175981,0.800012270020067,0.44008960485026,-0.455780123290039,-0.313954369721271,1.63461264427339,-1.35541716449212,-0.809722173429283,-0.0126601097599064,"Software Engineer","High School","Medium"
1.39972251360745,0.151300388493443,-0.779154401982137,-1.47858818761671,0.316670429149482,-0.892614756682115,-0.372227559637628,-0.205696302816766,1.34581491298536,-0.280843405975984,-1.22288618021266,0.0723501136408495,1.57731579050683,0.379845184914183,1.69785104346274,"Mechanic","Master's","Medium"
-0.183693443541856,-0.535215112611165,-1.62421152245685,0.572383256692262,-0.369141787361774,0.218927512833309,-0.754058752302897,-0.517812756455783,1.45032167930864,-0.980590275232204,1.29415575653273,-1.62878019749237,-1.42442264578622,1.21953979080369,0.476057362589423,"Mechanic","High School","Medium"
-0.072534459123283,-1.56498836426808,-1.02562939545393,0.155236522256539,0.357012324238379,0.462077384289808,-0.0945321467901593,1.59764320709756,0.614267548722395,1.46852376716457,0.804730935498906,0.836122906394537,-1.45892538643326,-0.494836696220718,1.27895035287761,"Data Scientist","Bachelor's","Medium"
0.754988845988104,-0.535215112611165,1.50954196597021,-1.68716155483457,-1.74076622038429,-0.857879060759758,0.599706385328512,1.35488596537832,-0.152115404314998,0.418903463280236,-1.08305051706014,1.04442457714554,1.61181853115387,-0.809722173429283,-0.0126601097599064,"Nurse","Master's","Low"
1.51397326078474,-1.67940761445218,0.206745571905029,0.016187610777964,-0.570851262806261,-0.197900838234975,-0.580499119273229,0.0717405448623608,0.300747249752552,-1.68033714448842,0.909607682863297,0.731972071019034,-0.458345907668914,-1.579442228828,0.894958053174562,"Mechanic","Master's","Medium"
-1.03583527080677,1.18107364015036,-0.919997255394589,-0.609532490875621,1.00248264566074,0.288398904678023,-1.20531379818003,-0.483133150495892,0.683938726271249,0.243966745966181,-0.383872201297532,-0.274819337610827,0.197206164624969,-1.71939132980958,-1.4439041359258,"Truck Driver","PhD","High"
-1.47229392940894,0.151300388493443,-1.4833686690444,0.74619439604048,-0.89358642351744,-0.788407668915044,-0.441651412849495,0.245138574661815,1.31097932421093,1.573485797553,0.839689851287036,-1.42047852674136,0.57673631174248,-0.319900319993738,-0.0824768915240963,"Doctor","High School","Low"
0.156833884602901,-1.22173061371577,-1.09605082216015,1.02429221899763,-0.0867485217394923,-0.684200581147973,-0.406939486243561,1.21616754153876,0.858116670143383,-0.770666214455338,-1.32776292757706,-0.865007404738677,1.43930482791864,0.274883359177995,0.126973453768473,"Graphic Designer","PhD","Medium"
0.653134044824738,0.837815889598052,-0.462257981804119,1.09381667473692,0.0342771635272,-1.3094431077504,-1.2747376513919,0.141099756782142,1.51999285685749,-0.630716840604094,1.29415575653273,0.905556796644873,-0.872378795433472,-1.61442950407339,-1.37408735416161,"Lawyer","High School","Medium"
-0.620180997123078,-0.764053612979368,-1.06084010880704,-0.435721351527403,1.32521780637192,0.809434343513378,-1.34416150460377,-0.309735120696438,-0.047608637991717,0.173992059040559,1.11936117759208,-1.14274296574002,1.05977468080113,0.659743386877352,0.231698626414758,"Construction Worker","High School","High"
-1.22625318276892,-0.992892113347571,-0.321415128391667,-1.23525259252921,-1.13563779405082,0.0799847291438808,0.495570605510712,-0.552492362415673,1.41548609053421,0.348928776354614,-1.43263967494145,-0.170668502235324,0.887260977565898,1.00961613933131,-0.0126601097599064,"AI Engineer","Bachelor's","Low"
-1.3807835307467,0.952235139782153,-0.81436511533525,-0.296672440048828,0.639405589860661,1.39994117419345,0.669130238540379,1.25084714749865,-1.44103218896879,1.29358704985051,-0.628584611814446,-1.10802602061485,-0.906881536080518,-0.284913044748342,-0.850461490930185,"Financial Analyst","Bachelor's","Medium"
-0.357121107820586,1.63875064088676,-1.30731510227883,-0.679056946614908,0.114960953704995,-0.197900838234975,-0.511075266061362,0.869371481939849,1.34581491298536,0.943713615222401,-0.593625696026315,0.836122906394537,-1.21740620190394,-1.29954402686483,-0.501377582109235,"Financial Analyst","Master's","Medium"
1.28064630492823,-1.33614986389988,-0.884786542041476,-1.51335041548635,-0.611193157895159,1.26099839050402,0.460858678904778,-0.864608816054691,0.196240483429272,0.139004715577748,0.560018524981992,-0.934441294989012,1.23228838403636,-0.669773072447699,0.685507707881992,"UX Researcher","High School","Medium"
-0.304763405775758,0.723396639413951,-0.462257981804119,-0.50524580726669,-1.25666347931752,-1.48312158736218,1.01624950459972,-0.968647633934363,0.614267548722395,1.08366298907365,0.210429367100687,0.836122906394537,0.542233571095433,-0.494836696220718,1.10440839846713,"Research Scientist","Bachelor's","Low"
1.21742409075931,0.151300388493443,0.241956285258142,0.885243307519054,-0.207774207006184,-0.684200581147973,-0.129244073396093,1.11212872365908,1.48515726808307,0.20897940250337,0.560018524981992,1.39159402839722,-1.38991990513917,-0.949671274410867,0.755324489646182,"Software Engineer","Bachelor's","Medium"
0.0212297479051206,-0.649634362795267,1.26306697249842,-0.261910212179185,0.881456960394045,-0.197900838234975,-0.927618385332565,-0.725890392215128,0.927787847692237,-1.43542574024875,1.15432009338021,-0.240102392485659,0.335217127213154,-1.43949312784641,-0.53628597299133,"Truck Driver","Bachelor's","High"
-0.504398816055955,1.52433139070266,1.61517410602955,1.09381667473692,-0.0867485217394923,-0.962086148526829,1.50221647708279,-0.552492362415673,-1.19718306754781,0.243966745966181,1.53886816704965,-1.73293103286787,-0.906881536080518,1.53442526801225,-1.12972861798694,"HR Specialist","PhD","Medium"
1.16798478159888,-0.764053612979368,0.241956285258142,1.26762781408513,1.28487591128302,1.71256243749466,0.634418311934446,-1.48884172333273,1.69417080072963,-0.280843405975984,-0.733461359178837,0.21121789414152,-0.69986509219824,-1.43949312784641,-1.72317126298256,"Retail Worker","Bachelor's","High"
-0.207647381177155,-0.764053612979368,-1.13126153551327,1.476201181303,-1.33734726949531,-1.51785728328454,0.356722899086977,0.349177392541487,-1.54553895529208,1.67844782794143,0.140511535524426,0.21121789414152,0.0591952020367829,0.379845184914183,-0.81555310004809,"Research Scientist","PhD","Low"
-0.486628403938091,0.036881138309342,0.0306920051394637,1.09381667473692,-0.732218843161851,0.357870296522737,1.08567335781158,-1.17672526969371,-1.68488131038978,-0.630716840604094,0.315306114465078,-1.24689380111552,-0.251329463786635,0.169921533441807,0.371332189943138,"Chef","Bachelor's","Medium"
1.10447361763943,0.494558139045748,1.29827768585153,1.54572563704228,1.6076110719942,1.22626269458166,0.18316326605731,1.14680832961898,-0.709484824705829,-0.315830749438795,-0.628584611814446,-0.101234611984989,-0.734367832845286,1.60439981850305,-0.641011145637615,"Construction Worker","PhD","High"
1.02443452566141,0.151300388493443,0.10111343184569,-1.51335041548635,0.921798855482943,-0.962086148526829,-0.129244073396093,-0.240375908776656,1.03229461401552,0.873738928296779,-0.24403653814501,-0.587271843737336,-0.630859610904147,0.939641588840521,-1.54862930857208,"Retail Worker","High School","High"
-1.18620474180086,-0.535215112611165,1.05180269237974,-0.0533368449613233,-1.70042432529539,-0.892614756682115,1.50221647708279,1.25084714749865,0.718774315045675,-0.0359320017363069,0.0705937039481649,1.66932958939856,1.61181853115387,-0.984658549656263,1.10440839846713,"Teacher","High School","Low"
-0.777947582754845,-0.649634362795267,-1.34252581563195,1.61525009278157,-0.328799892272877,1.22626269458166,-0.372227559637628,-0.621851574335455,1.51999285685749,-0.455780123290039,-0.383872201297532,-1.35104463649102,0.57673631174248,-0.739747622938491,0.336423799061043,"Financial Analyst","Master's","Medium"
-0.152429076206037,1.06665438996625,0.770116985554838,0.885243307519054,1.32521780637192,-0.579993493380902,1.18980913762938,-0.656531180295346,0.022062539557137,-0.315830749438795,1.2591968407446,-0.240102392485659,-0.389340426374821,0.659743386877352,0.371332189943138,"Security Guard","Master's","High"
-0.714956528418351,1.52433139070266,0.45322056537682,-0.748581402354195,1.72863675726089,0.462077384289808,-1.4830092110275,1.4242451772981,1.58966403440635,-1.43542574024875,0.105552619736295,-0.691422679112839,-0.389340426374821,-1.12460765063785,0.301515408178948,"Construction Worker","Master's","High"
-1.45958013862543,-0.306376612242962,-0.0045187082136494,-1.44382595974707,0.19564474388279,-0.545257797458545,1.25923299084125,-0.240375908776656,-1.09267630122453,-1.05056496215783,0.944566598651428,-0.795573514488342,0.921763718212945,-1.01964582490166,-0.60610275475552,"Chef","High School","Medium"
-1.42424157924307,1.63875064088676,1.54475267932333,1.51096340917264,-0.490167472628466,-0.475786405613831,-1.20531379818003,0.03706093890247,-0.152115404314998,1.43353642370176,1.50390925126152,-0.413687118111498,-0.0443130199043566,1.39447616703067,1.10440839846713,"Chef","Master's","Medium"
1.35172795339969,1.18107364015036,-0.638311548569685,-0.261910212179185,-0.449825577539569,-1.03155754037154,-1.5871449908453,0.48789581638105,-0.848827179803536,-1.54038777063718,-0.94321485390762,1.04442457714554,1.19778564338932,-0.0749893932759655,-0.257018845934571,"UX Researcher","Master's","Medium"
-0.542077868741637,-0.535215112611165,1.50954196597021,0.537621028822618,1.16385022601633,0.913641431280449,0.599706385328512,0.106420150822252,-1.40619660019437,1.11865033253646,1.29415575653273,-1.14274296574002,1.19778564338932,1.32450161653988,0.196790235532663,"Construction Worker","Master's","High"
0.840026769342369,-0.764053612979368,-0.427047268451006,-0.748581402354195,0.357012324238379,1.26099839050402,0.530282532116645,0.03706093890247,-1.19718306754781,-1.54038777063718,-0.174118706568749,-1.55934630724203,0.231708905272015,-0.424862145729926,0.929866444056657,"Software Engineer","Master's","Medium"
0.139612477087053,1.18107364015036,0.312377711964368,0.155236522256539,-1.82145001056208,-1.48312158736218,-0.719346825696964,1.32020635941843,-1.23201865632223,0.768776897908346,1.64374491441404,1.00970763202038,-0.906881536080518,1.42946344227607,-1.4089957450437,"Research Scientist","Bachelor's","Low"
-1.43088742442536,-0.420795862427064,1.36869911255776,0.502858800952974,-1.41803105967311,-0.71893627707033,-0.406939486243561,0.03706093890247,-0.639813647156975,1.67844782794143,1.50390925126152,1.28744319302172,-0.285832204433682,0.659743386877352,1.41858391640599,"Doctor","High School","Low"
1.59222086406145,1.63875064088676,-0.321415128391667,-1.33953927613814,-1.74076622038429,0.288398904678023,0.495570605510712,1.21616754153876,-0.744320413480256,-1.12053964908345,-0.418831117085662,-0.517837953487001,-1.28641168319803,0.58976883638656,0.0571566720042835,"Nurse","High School","Low"
1.12585590213897,-0.87847286316347,-0.532679408510346,-0.574770263005978,-0.0464066266505949,1.33046978234873,-1.5871449908453,1.0427695117393,-0.46563570328484,1.2585997063877,1.04944334601582,-0.517837953487001,0.645741793036573,-1.19458220112864,1.41858391640599,"Software Engineer","High School","Medium"
-0.340217545074325,-0.764053612979368,-0.145361561626102,0.74619439604048,0.518379904593969,-0.892614756682115,0.564994458722579,-0.37909433261622,-0.46563570328484,0.698802210982724,-0.383872201297532,-0.517837953487001,1.16328290274227,-1.40450585260102,0.650599316999897,"HR Specialist","Bachelor's","Medium"
-0.830565339611154,-1.45056911408398,-1.69463294916308,-1.13096590892028,-1.21632158422862,0.739962951668664,-1.65656884405717,-1.5928805412124,1.38065050175979,-1.47041308371156,1.36407358810899,-0.934441294989012,0.818255496271805,-0.669773072447699,1.27895035287761,"Research Scientist","High School","Low"
0.196940115529072,-0.87847286316347,-0.35662584174478,-1.44382595974707,0.357012324238379,0.427341688367451,-1.72599269726904,-1.69691935909207,1.06713020278995,-0.805653557918149,0.490100693405731,-0.170668502235324,1.23228838403636,1.46445071752146,1.76766782522693,"Data Scientist","High School","Medium"
-1.35391120022701,0.494558139045748,-0.81436511533525,0.329047661604757,-0.00606473156169745,-1.65680006697397,1.50221647708279,-1.45416211737283,0.649103137496822,1.04867564561083,1.04944334601582,-1.24689380111552,-0.182323982492542,1.1495652403129,-0.67591953651971,"Marketing Manager","High School","Medium"
-1.00121908590075,0.837815889598052,-0.81436511533525,-0.122861300700611,-0.933928318606338,-0.128429446390261,0.217875192663243,-0.344414726656329,-0.152115404314998,-1.64534980102561,-0.768420274966968,-0.205385447360492,0.438725349154294,-0.179951219012154,-0.53628597299133,"AI Engineer","High School","Low"
-0.885032375126883,-1.56498836426808,-0.919997255394589,1.476201181303,0.0342771635272,-1.69153576289633,-1.65656884405717,1.63232281305745,-0.988169534901244,1.11865033253646,-1.53751642230584,1.46102791864756,1.26679112468341,0.239896083932599,-1.68826287210046,"Lawyer","PhD","Medium"
-1.66658376856425,0.494558139045748,-0.250993701685441,-0.0533368449613233,-1.17597968913972,-1.65680006697397,0.530282532116645,0.418536604461269,-0.674649235931402,-1.40043839678594,-1.43263967494145,1.46102791864756,0.645741793036573,-1.29954402686483,-0.46646919122714,"Doctor","PhD","Low"
0.113318046148425,-1.22173061371577,1.19264554579219,-1.58287487122564,1.04282454074964,1.36520547827109,-1.6912807706631,-1.03800684585414,1.58966403440635,0.418903463280236,-0.838338106543229,-1.48991241699169,-1.63143908966849,-0.914683999165471,1.3487671346418,"Customer Support","PhD","High"
0.778364884042335,1.40991214051856,0.770116985554838,1.476201181303,-1.41803105967311,-1.0662932362939,0.0790274862395087,1.4242451772981,1.03229461401552,-1.47041308371156,0.664895272346384,0.245934839266687,1.4048020872716,-1.33453130211022,0.126973453768473,"Research Scientist","High School","Low"
-0.830940974338848,0.380138888861646,-0.321415128391667,-0.0533368449613233,-1.74076622038429,-0.753671972992687,-0.615211045879163,1.56296360113766,-0.779156002254683,-0.105906688661929,0.594977440770123,-1.17745991086519,-0.0443130199043566,0.834679763104332,1.3138587437597,"Nurse","Master's","Low"
-0.716719122140611,-0.992892113347571,0.840538412261064,0.954767763258342,0.235986638971687,-0.0936937504679043,0.252587119269176,-1.55820093525251,0.405254016075833,0.488878150205858,1.36407358810899,0.0376331685156818,-1.45892538643326,-0.669773072447699,0.580782535235707,"Data Scientist","High School","Medium"
-1.58533108746599,0.608977389229849,1.36869911255776,-0.783343630223839,-0.974270213695235,0.0799847291438808,-0.129244073396093,-0.656531180295346,0.265911660978125,0.838751584833968,-0.313954369721271,0.454236510017693,0.680244533683619,0.729717937368144,-1.54862930857208,"Research Scientist","Bachelor's","Low"
-0.896590366748258,1.29549289033446,-0.145361561626102,-0.818105858093483,-1.5793986400287,-0.0589580545455473,1.36336877065905,-0.41377393857611,0.858116670143383,-1.36545105332312,-0.0692419592043573,1.70404653452373,0.921763718212945,-1.01964582490166,0.0222482811221885,"Nurse","PhD","Low"
-0.13951302056915,-1.33614986389988,-0.321415128391667,0.989529991127985,-1.05495400387303,-0.927350452604472,1.46750455047685,0.314497786581596,-0.430800114510413,0.0340426851893152,0.38522394604134,0.21121789414152,-0.0443130199043566,-0.00501484278517327,-1.09482022710485,"Research Scientist","High School","Low"
0.676654557774236,-1.45056911408398,0.136324145198803,-1.27001482039885,-1.05495400387303,1.50414826196052,1.57164033029465,-0.448453544536001,-1.26685424509666,0.104017372114937,-1.36272184336519,1.49574486377272,-1.1138979799628,-0.879696723920075,-0.291927236816666,"Nurse","Master's","Low"
0.304718387398393,0.494558139045748,1.01659197902663,-0.122861300700611,-0.530509367717364,-0.788407668915044,0.0443155596335751,-1.2114048756536,0.370418427301406,0.278954089428992,0.734813103922645,1.53046180889789,1.4048020872716,1.56941254325765,-0.885369881812279,"Chef","Bachelor's","Medium"
-1.2159665702259,1.40991214051856,-0.708732975275911,1.40667672556371,1.76897865234979,1.26099839050402,-1.34416150460377,1.56296360113766,-0.291457759412706,-1.68033714448842,-0.209077622356879,-1.55934630724203,0.128200683330876,-0.56481124671151,-0.0824768915240963,"Customer Support","High School","High"
-0.328543973536736,0.723396639413951,1.29827768585153,0.572383256692262,-0.12709041682839,1.12205560681459,1.43279262387092,-1.31544369353327,0.0917337171059909,-0.735678870992527,-1.57247533809397,0.593104290518364,1.23228838403636,-1.19458220112864,1.10440839846713,"Chef","Bachelor's","Medium"
-1.44475701437101,1.06665438996625,1.43912053926399,-0.783343630223839,0.639405589860661,-0.614729189303259,0.18316326605731,-1.55820093525251,-1.61521013284093,0.803764241371157,-0.209077622356879,-0.830290459613509,-1.07939523931575,0.58976883638656,-1.72317126298256,"UX Researcher","Bachelor's","Medium"
-0.0422236260962275,0.723396639413951,-1.4833686690444,-1.548112643356,-1.37768916458421,-0.163165142312618,1.39808069726498,-1.28076408757338,-1.33652542264551,-1.19051433600907,-1.64239316967023,-1.48991241699169,0.542233571095433,-0.249925769502946,0.929866444056657,"Doctor","Bachelor's","Low"
-0.0419635712847465,-0.0775381118747595,0.55885270543616,-1.548112643356,-1.70042432529539,1.33046978234873,0.113739412845442,1.11212872365908,1.24130814666208,1.53849845409019,1.57382708283778,0.176500949016352,-0.561854129610054,1.60439981850305,0.196790235532663,"Teacher","Bachelor's","Low"
-0.0752505871543061,1.06665438996625,0.488431278729934,0.329047661604757,-0.933928318606338,0.531548776134522,-0.511075266061362,1.63232281305745,1.03229461401552,0.488878150205858,-0.733461359178837,-0.448404063236665,0.57673631174248,-1.5094676783372,-0.81555310004809,"Doctor","PhD","Low"
-1.31490297850487,1.06665438996625,-0.0749401349198756,-0.331434667918472,0.96214075057184,-0.197900838234975,0.946825651387848,-0.8299292100948,-1.71971689916421,0.628827524057102,1.64374491441404,0.384802619767358,-1.32091442384508,-0.634785797202302,1.3138587437597,"Security Guard","Master's","High"
1.27873923631071,0.151300388493443,0.382799138670594,-0.331434667918472,1.00248264566074,1.08731991089223,0.842689871570047,0.557255028300832,-0.91849835735239,-1.36545105332312,0.280347198676948,0.176500949016352,-1.07939523931575,-1.5444549535826,-1.4439041359258,"Security Guard","Bachelor's","High"
-1.26190958692086,-0.649634362795267,0.981381265673517,1.476201181303,1.00248264566074,1.60835534972759,-1.24002572478597,0.03706093890247,1.1368013803388,-0.49076746675285,-0.27899545393314,-1.28161074624069,-1.32091442384508,0.414832460159579,0.650599316999897,"Security Guard","Master's","High"
0.676914612585717,0.380138888861646,0.206745571905029,0.537621028822618,-1.82145001056208,-1.17050032406097,1.67577611011245,-1.45416211737283,0.614267548722395,-1.08555230562064,0.769772019710775,0.731972071019034,-0.941384276727565,-0.809722173429283,0.545874144353612,"Research Scientist","PhD","Low"
-0.430947779302118,-1.22173061371577,-1.09605082216015,0.815718851779767,-0.570851262806261,1.26099839050402,0.0443155596335751,-1.35012329949316,0.649103137496822,0.104017372114937,-0.698502443390707,-0.274819337610827,-0.69986509219824,-0.844709448674679,-1.16463700886904,"Software Engineer","PhD","Medium"
-1.1340493046094,0.494558139045748,-0.884786542041476,0.641907712431549,-1.13563779405082,0.0105133372991668,0.981537577993782,1.18148793557887,0.265911660978125,0.453890806743047,-0.768420274966968,1.35687708327205,-1.66594183031554,-0.529823971466114,0.790232880528277,"Nurse","PhD","Low"
-0.30184501289136,1.52433139070266,-1.13126153551327,0.329047661604757,0.0746190586160974,0.844170039435735,1.08567335781158,-1.28076408757338,-1.68488131038978,0.698802210982724,-0.698502443390707,0.454236510017693,-1.21740620190394,-0.109976668521362,0.0222482811221885,"Mechanic","High School","Medium"
1.42757727341496,-1.33614986389988,0.0306920051394637,0.016187610777964,-0.288457997183979,-1.48312158736218,-1.41358535781563,-0.240375908776656,-0.500471292059267,0.104017372114937,-0.698502443390707,0.662538180768699,1.23228838403636,-0.704760347693095,-1.05991183622275,"Graphic Designer","Master's","Medium"
-1.69617222711497,-0.649634362795267,0.418009852023707,-0.192385756439898,1.00248264566074,0.531548776134522,-1.20531379818003,0.175779362742033,0.0917337171059909,0.838751584833968,-1.53751642230584,1.35687708327205,0.680244533683619,-0.984658549656263,-1.09482022710485,"Retail Worker","High School","High"
0.716038414224071,1.29549289033446,-1.69463294916308,1.40667672556371,-0.490167472628466,-0.927350452604472,-0.754058752302897,-1.28076408757338,0.474925193624687,-1.43542574024875,-1.29280401178893,0.488953455142861,-0.561854129610054,0.729717937368144,0.231698626414758,"HR Specialist","Master's","Medium"
-0.572070856999105,-1.33614986389988,0.523641992083047,-1.30477704826849,0.0342771635272,-0.197900838234975,-0.788770678908831,0.349177392541487,1.27614373543651,1.78340985832987,0.38522394604134,-0.344253227861162,-0.941384276727565,-0.844709448674679,-0.0475685006420014,"Chef","PhD","Medium"
1.59626616112893,1.29549289033446,-0.462257981804119,-0.435721351527403,-0.207774207006184,1.1915269986593,0.530282532116645,0.383856998501378,-0.604978058382548,1.15363767599927,-1.6074342538821,1.28744319302172,0.0246924613897364,-0.354887595239134,0.0222482811221885,"HR Specialist","Bachelor's","Medium"
1.58751098247574,0.952235139782153,-1.72984366251619,1.30239004195478,1.24453401619412,-0.545257797458545,-1.24002572478597,-0.205696302816766,-0.01277304921729,-0.315830749438795,0.629936356558253,-0.274819337610827,1.57731579050683,0.344857909668787,1.10440839846713,"Construction Worker","PhD","High"
-0.298348720425894,0.723396639413951,0.664484845495499,-1.13096590892028,-1.5390567449398,-0.996821844449186,0.356722899086977,0.00238133294257918,1.27614373543651,1.60847314101581,-0.348913285509401,0.0376331685156818,1.61181853115387,-0.774734898183887,1.03459161670294,"AI Engineer","PhD","Low"
0.78816028194145,1.18107364015036,0.629274132142386,-0.852868085963126,1.68829486217199,0.218927512833309,-1.0664660917563,-0.968647633934363,-0.047608637991717,1.64346048447862,0.944566598651428,-0.0318007217346536,-0.561854129610054,0.169921533441807,0.894958053174562,"Retail Worker","High School","High"
1.20837996231559,-1.45056911408398,-0.638311548569685,0.780956623910123,0.235986638971687,1.60835534972759,1.50221647708279,1.00808990577941,0.753609903820102,-0.770666214455338,1.22423792495647,-0.240102392485659,-0.803373314139379,-0.424862145729926,1.20913357111342,"HR Specialist","PhD","Medium"
-0.150464217630403,-0.535215112611165,-0.145361561626102,-0.0185746170916797,-0.772560738250748,-1.03155754037154,1.15509721102345,1.14680832961898,-0.744320413480256,1.32857439331332,0.944566598651428,-0.274819337610827,0.852758236918852,1.60439981850305,-0.117385282406191,"HR Specialist","PhD","Medium"
1.24582785516884,-1.10731136353167,1.54475267932333,0.3638098894744,-0.651535052984056,0.253663208755666,0.00960363302764153,1.25084714749865,0.0917337171059909,-0.805653557918149,0.629936356558253,0.141784003891185,-0.941384276727565,0.239896083932599,1.13931678934923,"Financial Analyst","Bachelor's","Medium"
-0.913522824473572,-1.45056911408398,0.45322056537682,-0.50524580726669,1.08316643583853,-0.37157931784676,-0.545787192667296,1.14680832961898,-0.813991591029109,0.838751584833968,-1.43263967494145,1.56517875402306,0.404222608507248,0.729717937368144,-0.67591953651971,"Truck Driver","High School","High"
0.483202673011474,1.63875064088676,-0.990418682100815,1.51096340917264,-0.00606473156169745,0.462077384289808,0.807977944964114,-0.448453544536001,0.753609903820102,0.663814867519913,0.734813103922645,-0.0318007217346536,-0.423843167021868,-0.984658549656263,1.13931678934923,"Marketing Manager","PhD","Medium"
-0.146447815541975,-1.67940761445218,-0.215782988332328,1.54572563704228,-1.78110811547318,1.22626269458166,1.74519996332432,1.35488596537832,1.06713020278995,-0.420792779827228,-0.94321485390762,0.80140596126937,-0.69986509219824,-1.12460765063785,1.03459161670294,"Nurse","Bachelor's","Low"
-0.0854794097392229,-1.67940761445218,1.43912053926399,1.19810335834585,-0.974270213695235,0.948377127202806,1.32865684405312,1.07744911769919,0.335582838526979,-0.665704184066905,1.36407358810899,1.18329235764621,-0.11331850119845,-1.61442950407339,0.510965753471518,"Nurse","PhD","Low"
-1.22319031498926,-1.22173061371577,1.65038481938266,-0.192385756439898,0.558721799682866,0.253663208755666,-1.1706018715741,0.661293846180504,0.022062539557137,0.55885283713148,1.36407358810899,-0.205385447360492,1.37029934662455,0.869667038349728,-0.0126601097599064,"Data Scientist","Bachelor's","Medium"
-0.265263969409709,0.952235139782153,-0.603100835216572,1.68477454852086,0.276328534060584,-1.58732867512926,-0.580499119273229,0.418536604461269,-1.54553895529208,-1.64534980102561,-0.174118706568749,-0.587271843737336,-0.216826723139589,-0.844709448674679,-1.16463700886904,"Data Scientist","Bachelor's","Medium"
1.50215521435188,0.151300388493443,0.0306920051394637,-1.02667922531134,-0.288457997183979,0.32313460060038,-1.4830092110275,-1.2114048756536,-1.51070336651765,1.11865033253646,0.874648767075167,0.870839851519705,0.749250014977712,0.58976883638656,-0.0475685006420014,"Financial Analyst","Master's","Medium"
-1.06848659713716,1.63875064088676,-1.62421152245685,0.433334345213688,1.5672691769053,0.0105133372991668,-0.476363339455429,-0.760569998175018,0.474925193624687,0.698802210982724,1.29415575653273,-0.552554898612168,0.921763718212945,0.204908808687203,1.3487671346418,"Construction Worker","Master's","High"
-0.401359320751398,0.265719638677545,0.0659027184925768,0.294285433735113,1.5672691769053,1.60835534972759,-1.4830092110275,-1.55820093525251,1.51999285685749,0.139004715577748,0.38522394604134,-0.0665176668598212,-1.42442264578622,0.939641588840521,0.894958053174562,"Retail Worker","PhD","High"
1.67185542633272,1.40991214051856,-0.673522261922798,1.19810335834585,0.881456960394045,1.33046978234873,-0.823482605514764,0.314497786581596,1.51999285685749,0.663814867519913,-0.313954369721271,0.662538180768699,-0.561854129610054,-0.774734898183887,1.76766782522693,"Truck Driver","High School","High"
1.67150868658408,-0.191957362058861,0.488431278729934,-0.470483579397047,-0.732218843161851,-1.62206437105161,0.18316326605731,0.90405108789974,0.126569305880418,1.22361236292489,-1.64239316967023,-0.448404063236665,-0.906881536080518,-0.179951219012154,-1.47881252680789,"UX Researcher","PhD","Medium"
0.511606437421003,1.29549289033446,0.699695558848612,-1.23525259252921,0.235986638971687,-1.5525929792069,-0.302803706425761,-1.10736605777393,-1.37136101141994,0.278954089428992,1.50390925126152,-1.55934630724203,-0.285832204433682,0.729717937368144,-0.117385282406191,"Chef","Bachelor's","Medium"
-0.733738264803086,-0.87847286316347,-1.13126153551327,1.61525009278157,-0.207774207006184,-0.545257797458545,1.29394491744718,0.210458968701924,0.0568981283315639,0.838751584833968,0.280347198676948,-1.17745991086519,0.57673631174248,-1.29954402686483,1.10440839846713,"Chef","Bachelor's","Medium"
0.893366900675014,0.265719638677545,0.347588425317481,-1.13096590892028,1.5672691769053,-0.684200581147973,0.564994458722579,-1.17672526969371,0.649103137496822,-1.26048902293469,-0.24403653814501,-0.865007404738677,0.852758236918852,-0.844709448674679,1.3487671346418,"Construction Worker","High School","High"
-1.09220937494003,0.265719638677545,-1.06084010880704,0.398572117344044,-1.74076622038429,-0.37157931784676,0.738554091752246,0.557255028300832,0.405254016075833,-0.735678870992527,-0.418831117085662,-1.38576158161619,0.749250014977712,-0.00501484278517327,0.755324489646182,"Research Scientist","PhD","Low"
-0.271274125052824,1.52433139070266,-0.638311548569685,-0.574770263005978,-1.78110811547318,-0.545257797458545,1.05096143120565,1.38956557133821,0.0568981283315639,-0.105906688661929,-1.64239316967023,1.32216013814688,-1.70044457096259,1.53442526801225,-0.0126601097599064,"Teacher","High School","Low"
0.213756993338172,-0.191957362058861,1.4743312526171,-1.65239932696493,0.114960953704995,0.184191816910952,-0.962330311938498,-0.240375908776656,0.509760782399114,0.838751584833968,-1.74726991703462,1.53046180889789,-1.18290346125689,-0.949671274410867,-0.81555310004809,"Graphic Designer","Bachelor's","Medium"
-0.616655809678558,0.952235139782153,-0.180572274979215,0.607145484561905,-0.288457997183979,-0.406315013769117,1.71048803671839,-0.864608816054691,0.022062539557137,1.22361236292489,-0.90825593811949,-0.274819337610827,0.404222608507248,-0.0749893932759655,-0.117385282406191,"Mechanic","PhD","Medium"
1.00744427797798,-1.22173061371577,0.312377711964368,0.433334345213688,1.44624349163861,-1.48312158736218,0.460858678904778,1.56296360113766,0.126569305880418,0.803764241371157,0.210429367100687,1.21800930277138,1.47380756856569,-1.12460765063785,-0.187202064170381,"Security Guard","PhD","High"
0.468524023652328,1.06665438996625,-0.321415128391667,-1.27001482039885,0.518379904593969,-1.58732867512926,0.113739412845442,0.557255028300832,-1.02300512367567,1.46852376716457,1.18927900916834,-0.101234611984989,-0.320334945080728,-0.914683999165471,0.825141271410372,"Data Scientist","PhD","Medium"
-1.59931625732785,-0.0775381118747595,1.19264554579219,-0.922392541702414,-0.933928318606338,-1.62206437105161,1.43279262387092,-1.31544369353327,0.509760782399114,-0.84064090138096,1.18927900916834,0.0376331685156818,-1.25190894255098,0.239896083932599,-0.291927236816666,"AI Engineer","High School","Low"
-0.495759217318977,-0.764053612979368,1.33348839920465,-0.296672440048828,-0.328799892272877,-1.69153576289633,0.252587119269176,-0.344414726656329,-0.46563570328484,-1.08555230562064,-0.24403653814501,1.66932958939856,-0.69986509219824,0.344857909668787,0.999683225820846,"Mechanic","PhD","Medium"
-0.187883215504604,-0.764053612979368,-0.603100835216572,0.398572117344044,0.599063694771764,-1.65680006697397,-0.19866792660796,-0.968647633934363,-0.395964525735986,-0.245856062513173,0.874648767075167,-1.42047852674136,0.0246924613897364,0.204908808687203,-0.0126601097599064,"Marketing Manager","Master's","Medium"
-1.62951151043869,0.036881138309342,-0.427047268451006,1.54572563704228,-0.0464066266505949,0.253663208755666,1.15509721102345,-0.760569998175018,-1.47586777774322,0.768776897908346,-0.0692419592043573,1.39159402839722,1.64632127180092,-0.354887595239134,-0.257018845934571,"Marketing Manager","Master's","Medium"
-1.26705289319238,-0.649634362795267,-0.638311548569685,0.989529991127985,0.397354219327277,-0.0589580545455473,-1.5871449908453,-0.656531180295346,-0.744320413480256,1.11865033253646,-1.43263967494145,1.07914152227071,0.57673631174248,0.799692487858936,-0.222110455052476,"Marketing Manager","Master's","Medium"
-0.750063927968278,-1.67940761445218,0.382799138670594,0.954767763258342,-0.0867485217394923,-0.0936937504679043,0.495570605510712,-1.35012329949316,-0.221786581863852,1.67844782794143,-1.6074342538821,-0.621988788862503,-0.665362351551193,0.449819735404976,-1.33917896327951,"Software Engineer","High School","Medium"
-1.22030081708391,-0.0775381118747595,-1.41294724233817,-1.40906373187742,-1.09529589896193,-0.614729189303259,1.67577611011245,-1.5928805412124,-0.186950993089425,-1.33046370986031,-0.523707864450054,1.7387634796489,1.3357966059775,-1.579442228828,0.231698626414758,"Research Scientist","Bachelor's","Low"
1.47042852735121,-0.764053612979368,-1.02562939545393,-1.20049036465956,-0.89358642351744,1.64309104564995,1.71048803671839,1.00808990577941,0.544596371173541,-0.49076746675285,-1.1529683486364,-1.45519547186653,0.645741793036573,0.974628864085917,1.17422518023132,"Research Scientist","High School","Low"
-0.762748823772737,-1.56498836426808,1.33348839920465,1.75429900426014,-1.5793986400287,0.913641431280449,0.322010972481044,-0.8299292100948,1.6593352119552,1.43353642370176,-1.29280401178893,-1.62878019749237,0.645741793036573,0.344857909668787,1.55821747993436,"Doctor","Master's","Low"
1.6363723920551,1.29549289033446,-1.4833686690444,-0.818105858093483,-1.82145001056208,-1.58732867512926,1.43279262387092,-0.517812756455783,-0.326293348187133,-1.64534980102561,-0.803379190755098,1.04442457714554,0.404222608507248,0.869667038349728,-0.152293673288286,"AI Engineer","PhD","Low"
-0.9305708621151,0.494558139045748,-0.0749401349198756,-0.609532490875621,0.558721799682866,-0.684200581147973,0.564994458722579,-1.24608448161349,0.649103137496822,1.46852376716457,0.38522394604134,0.21121789414152,1.57731579050683,0.449819735404976,-0.81555310004809,"Graphic Designer","High School","Medium"
-1.45417677754243,1.06665438996625,0.734906272201725,0.850481079649411,-0.328799892272877,-0.510522101536188,1.71048803671839,-1.38480290545305,-0.361128936961559,-1.50540042717437,1.11936117759208,-1.42047852674136,0.57673631174248,-1.5444549535826,0.615690926117802,"Chef","High School","Medium"
0.68803917952129,-0.306376612242962,-0.35662584174478,0.0857120665172512,-1.41803105967311,-0.684200581147973,1.05096143120565,-0.795249604134909,0.753609903820102,-0.980590275232204,-0.873297022331359,-0.552554898612168,0.300714386566108,-0.179951219012154,0.894958053174562,"Doctor","High School","Low"
-1.05996257831639,-1.22173061371577,-1.72984366251619,0.989529991127985,0.518379904593969,-1.51785728328454,0.391434825692911,-0.41377393857611,0.997459025241091,1.32857439331332,1.22423792495647,0.974990686895208,-0.803373314139379,1.07959068982211,0.126973453768473,"Data Scientist","High School","Medium"
1.0437363716691,0.151300388493443,-0.145361561626102,1.54572563704228,1.68829486217199,-1.37891449959511,0.842689871570047,1.07744911769919,-0.813991591029109,-0.0709193451991179,0.734813103922645,-0.205385447360492,-1.35541716449212,0.729717937368144,1.45349230728808,"Truck Driver","Master's","High"
0.631116070786019,-0.306376612242962,0.946170552320403,-0.470483579397047,-1.61974053511759,0.496813080212165,-0.580499119273229,1.25084714749865,-1.33652542264551,-0.210868719050362,-0.348913285509401,1.53046180889789,-1.21740620190394,-1.71939132980958,-0.885369881812279,"Doctor","Bachelor's","Low"
1.43604350227762,0.151300388493443,-1.02562939545393,-0.88763031383277,0.921798855482943,0.774698647591021,-1.4830092110275,-0.587171968375564,-0.779156002254683,0.243966745966181,0.804730935498906,0.107067058766017,1.47380756856569,1.56941254325765,-0.46646919122714,"Construction Worker","PhD","High"
-1.59920067741164,-0.764053612979368,0.840538412261064,1.37191449769406,-0.0867485217394923,0.114720425066238,-0.268091779819827,1.21616754153876,-0.953333946126817,-0.875628244843771,-0.453790032873793,-0.934441294989012,0.197206164624969,-1.29954402686483,-0.60610275475552,"Data Scientist","Bachelor's","Medium"
1.14718039668041,0.494558139045748,-0.321415128391667,0.885243307519054,-0.611193157895159,-0.857879060759758,1.08567335781158,0.90405108789974,-0.395964525735986,1.60847314101581,1.43399141968526,1.59989569914823,-0.251329463786635,-1.05463310014706,0.476057362589423,"HR Specialist","Bachelor's","Medium"
0.734300040985843,-0.191957362058861,-1.30731510227883,1.02429221899763,-0.772560738250748,-0.0589580545455473,-0.580499119273229,0.834691875979958,-0.674649235931402,1.18862501946208,0.315306114465078,1.00970763202038,1.68082401244797,0.624756111631956,1.69785104346274,"Data Scientist","High School","Medium"
1.72603351205791,1.06665438996625,-0.567890121863458,-1.33953927613814,1.08316643583853,1.1915269986593,-1.62185691745124,0.0717405448623608,0.231076072203698,0.243966745966181,-0.0692419592043573,1.00970763202038,-1.28641168319803,-0.669773072447699,0.441148971707328,"Construction Worker","Master's","High"
-1.35784091737827,0.723396639413951,-0.35662584174478,1.33715226982442,-0.12709041682839,-0.336843621924403,-1.5871449908453,0.175779362742033,0.718774315045675,-1.33046370986031,-0.663543527602576,0.974990686895208,-0.458345907668914,-0.914683999165471,0.615690926117802,"Mechanic","PhD","Medium"
-0.232352588267844,-0.87847286316347,1.40390982591087,-1.33953927613814,-1.09529589896193,0.0105133372991668,1.29394491744718,-1.28076408757338,0.614267548722395,0.278954089428992,-0.0692419592043573,-0.0318007217346536,0.749250014977712,1.53442526801225,-1.4089957450437,"Doctor","High School","Low"
-1.47732165576424,0.837815889598052,1.08701340573286,-1.33953927613814,-0.812902633339646,0.427341688367451,0.530282532116645,-1.03800684585414,-0.91849835735239,0.593840180594291,1.43399141968526,1.66932958939856,-1.0448924986687,-1.29954402686483,-1.51372091768999,"Teacher","Master's","Low"
-0.364258167646785,0.837815889598052,-0.743943688629024,-1.72192378270422,-0.449825577539569,-0.545257797458545,1.71048803671839,0.0717405448623608,-1.0578407124501,-0.560742153678472,-0.593625696026315,-1.66349714261753,-1.25190894255098,0.694730662122748,-1.30427057239742,"UX Researcher","PhD","Medium"
0.938876492684178,0.151300388493443,-0.532679408510346,0.920005535388698,0.114960953704995,0.67049155982395,0.252587119269176,0.626614240220614,-1.75455248793864,1.53849845409019,-1.36272184336519,-0.309536282735995,0.921763718212945,-0.21493849425755,1.59312587081646,"Chef","PhD","Medium"
1.27382708987162,-0.992892113347571,-1.20168296221949,-1.13096590892028,-1.05495400387303,-1.65680006697397,0.217875192663243,-0.41377393857611,0.022062539557137,0.243966745966181,-0.663543527602576,-0.691422679112839,0.783752755624759,1.28951434129448,-1.05991183622275,"Teacher","PhD","Low"
1.20647289369806,-0.306376612242962,1.40390982591087,-0.50524580726669,1.36555970146081,-0.475786405613831,-1.2747376513919,0.314497786581596,0.0917337171059909,-1.01557761869501,-0.174118706568749,1.04442457714554,0.300714386566108,-1.40450585260102,0.196790235532663,"Truck Driver","Bachelor's","High"
-0.471169590144502,1.63875064088676,1.01659197902663,0.468096573083331,0.96214075057184,0.739962951668664,0.634418311934446,-1.66223975313218,-0.326293348187133,-0.560742153678472,0.594977440770123,-0.96915824011418,0.300714386566108,1.42946344227607,1.06950000758504,"Construction Worker","Master's","High"
-0.476688531143709,1.40991214051856,1.68559553273578,-1.68716155483457,-1.17597968913972,-0.302107926002046,1.25923299084125,-0.864608816054691,1.6593352119552,0.418903463280236,1.01448443022769,-1.42047852674136,-1.1138979799628,0.904654313595124,-1.65335448121837,"Doctor","Master's","Low"
0.0184558299159906,0.380138888861646,-1.72984366251619,0.572383256692262,1.16385022601633,0.392605992445094,0.703842165146313,-0.552492362415673,-1.37136101141994,-1.47041308371156,0.315306114465078,0.0723501136408495,0.818255496271805,0.0299724324602228,-0.257018845934571,"Security Guard","High School","High"
0.256001452714297,-0.306376612242962,-1.65942223580996,-0.540008035136334,0.760431275127353,1.29573408642638,-0.580499119273229,0.314497786581596,1.20647255788765,-0.175881375587551,-1.67735208545836,-1.48991241699169,0.0246924613897364,1.63938709374844,0.685507707881992,"Software Engineer","PhD","Medium"
1.245914540106,0.952235139782153,-1.09605082216015,0.954767763258342,0.558721799682866,0.427341688367451,0.495570605510712,-1.62756014717229,1.1368013803388,1.04867564561083,-0.838338106543229,0.731972071019034,-1.01038975802166,-1.61442950407339,-1.02500344534066,"Chef","Master's","Medium"
-0.538350416443744,0.380138888861646,-0.567890121863458,-0.261910212179185,-0.00606473156169745,-0.0589580545455473,-0.788770678908831,-1.62756014717229,0.370418427301406,-0.315830749438795,-0.698502443390707,1.28744319302172,0.852758236918852,1.25452706604909,-0.0126601097599064,"Data Scientist","High School","Medium"
-0.370037163457472,1.06665438996625,0.699695558848612,-0.991916997441701,1.24453401619412,-1.48312158736218,1.15509721102345,-1.28076408757338,1.38065050175979,1.29358704985051,-0.139159790780618,0.836122906394537,0.404222608507248,1.04460341457671,-0.222110455052476,"Truck Driver","High School","High"
-0.304994565608185,1.52433139070266,-0.145361561626102,1.54572563704228,-1.33734726949531,-0.128429446390261,1.01624950459972,1.11212872365908,0.161404894654845,-1.08555230562064,-0.104200874992488,1.63461264427339,0.852758236918852,1.07959068982211,-1.61844609033627,"AI Engineer","High School","Low"
1.3858529236618,-1.56498836426808,0.523641992083047,1.1633411304762,-0.732218843161851,1.22626269458166,0.18316326605731,-1.03800684585414,-0.639813647156975,-0.735678870992527,0.105552619736295,-1.55934630724203,-1.18290346125689,1.07959068982211,-1.26936218151532,"Software Engineer","Master's","Medium"
-1.69848382543925,-1.10731136353167,0.45322056537682,0.711432168170836,0.235986638971687,1.64309104564995,1.25923299084125,-0.171016696856875,-1.54553895529208,-0.0359320017363069,0.664895272346384,0.384802619767358,0.128200683330876,-0.109976668521362,-0.710827927401805,"Financial Analyst","Master's","Medium"
-1.34171751906646,1.29549289033446,-0.0045187082136494,-1.16572813678992,1.16385022601633,-0.614729189303259,0.322010972481044,-1.48884172333273,1.1368013803388,0.243966745966181,0.594977440770123,0.697255125893867,-0.734367832845286,-0.109976668521362,1.62803426169855,"Retail Worker","Bachelor's","High"
-0.210825828873033,-1.10731136353167,1.65038481938266,0.885243307519054,0.96214075057184,-1.51785728328454,0.28729904587511,-0.483133150495892,-0.779156002254683,1.11865033253646,-0.453790032873793,-0.621988788862503,1.19778564338932,1.21953979080369,-0.46646919122714,"Construction Worker","Master's","High"
-0.512720570023345,0.494558139045748,1.22785625914531,-0.261910212179185,-1.74076622038429,-1.72627145881868,0.0790274862395087,-0.552492362415673,1.72900638950406,0.978700958685212,0.909607682863297,1.59989569914823,1.3357966059775,-0.634785797202302,-1.12972861798694,"Nurse","PhD","Low"
-0.209092130129827,-1.45056911408398,-0.427047268451006,-0.088099072830967,1.44624349163861,1.4346768701158,-0.268091779819827,0.973410299819522,-0.813991591029109,0.733789554445535,-1.74726991703462,1.28744319302172,-1.63143908966849,0.729717937368144,-1.54862930857208,"Truck Driver","Master's","High"
-0.431467888925079,-0.87847286316347,-0.0045187082136494,-0.261910212179185,-0.490167472628466,-0.579993493380902,0.807977944964114,0.591934634260723,-1.51070336651765,0.90872627175959,-1.57247533809397,0.141784003891185,-0.837876054786425,0.309870634423391,-0.81555310004809,"Marketing Manager","PhD","Medium"
-1.32683660485394,-0.87847286316347,-0.673522261922798,-0.88763031383277,-1.5390567449398,1.39994117419345,0.495570605510712,0.800012270020067,1.45032167930864,1.46852376716457,0.839689851287036,-1.03859213036452,1.16328290274227,-1.05463310014706,0.860049662292467,"Doctor","PhD","Low"
1.47016847253973,-0.87847286316347,-0.81436511533525,1.05905444686727,0.80077317021625,-0.857879060759758,-0.19866792660796,0.0717405448623608,-0.744320413480256,-1.64534980102561,-0.978173769695751,-0.760856569363174,-0.216826723139589,-1.15959492588324,1.3138587437597,"Chef","Master's","Medium"
0.284318532186666,1.63875064088676,-1.44815795569129,0.537621028822618,0.235986638971687,1.60835534972759,-1.72599269726904,-0.864608816054691,1.48515726808307,1.53849845409019,0.769772019710775,0.94027374177004,-1.42442264578622,0.0299724324602228,-0.920278272694374,"Financial Analyst","High School","Medium"
-1.13641869289179,-1.33614986389988,1.08701340573286,-1.23525259252921,-0.0464066266505949,1.53888395788287,-1.0664660917563,1.66700241901734,1.69417080072963,0.243966745966181,-1.1529683486364,-0.621988788862503,-0.285832204433682,-0.669773072447699,-0.7457363182839,"Graphic Designer","Master's","Medium"
-1.62838460625561,0.723396639413951,-1.23689367557261,0.815718851779767,-0.812902633339646,0.357870296522737,1.46750455047685,-0.725890392215128,-1.09267630122453,0.55885283713148,0.734813103922645,0.662538180768699,-0.630859610904147,-0.879696723920075,1.62803426169855,"Financial Analyst","Master's","Low"
0.853578514518431,-1.45056911408398,-0.145361561626102,1.23286558621549,-1.37768916458421,-0.267372230079689,-1.1706018715741,-0.240375908776656,0.126569305880418,-1.64534980102561,-0.209077622356879,0.974990686895208,0.611239052389526,0.484807010650372,1.45349230728808,"Teacher","Master's","Low"
1.59060274523445,-1.45056911408398,0.206745571905029,1.02429221899763,1.36555970146081,-0.614729189303259,-1.24002572478597,1.35488596537832,-0.117279815540571,1.36356173677613,0.315306114465078,0.593104290518364,1.02527194015408,0.554781561141164,-0.326835627698761,"Customer Support","Master's","High"
1.08161768920816,0.036881138309342,1.05180269237974,-0.435721351527403,1.20419212110522,-1.37891449959511,1.43279262387092,-1.41948251141294,0.509760782399114,-0.280843405975984,-0.313954369721271,0.627821235643532,-1.49342812708031,0.309870634423391,0.964774834938751,"Customer Support","Bachelor's","High"
1.60100493769369,-0.764053612979368,-1.16647224886638,1.40667672556371,0.235986638971687,1.33046978234873,-0.0251082935782921,0.141099756782142,1.45032167930864,1.43353642370176,-0.174118706568749,-0.795573514488342,-0.389340426374821,-0.38987487048453,-0.710827927401805,"Chef","Bachelor's","Medium"
1.37646205546943,-0.191957362058861,1.26306697249842,-1.47858818761671,0.276328534060584,-1.13576462813861,-0.545787192667296,-1.52352132929262,-0.813991591029109,0.978700958685212,1.36407358810899,-0.96915824011418,-0.147821241845496,-0.109976668521362,1.3138587437597,"Chef","Bachelor's","Medium"
-0.203544294151567,-0.764053612979368,0.0306920051394637,0.607145484561905,-0.974270213695235,-1.69153576289633,-0.337515633031694,1.4242451772981,0.823281081368956,0.173992059040559,0.105552619736295,-0.517837953487001,0.0591952020367829,0.554781561141164,-0.257018845934571,"AI Engineer","Bachelor's","Low"
-0.31294068484788,1.18107364015036,1.26306697249842,-1.20049036465956,-0.0867485217394923,-0.302107926002046,0.669130238540379,-0.864608816054691,0.474925193624687,1.36356173677613,-0.27899545393314,1.42631097352239,1.68082401244797,-1.36951857735562,-0.920278272694374,"Software Engineer","Master's","Medium"
-1.55077269251807,-1.10731136353167,1.61517410602955,-1.37430150400778,-0.772560738250748,-1.17050032406097,1.74519996332432,-1.10736605777393,-0.01277304921729,1.2585997063877,-1.67735208545836,0.35008567464219,-0.768870573492332,1.25452706604909,-0.7457363182839,"UX Researcher","PhD","Medium"
0.600256233156948,0.723396639413951,0.594063418789273,-0.957154769572057,-0.772560738250748,-0.302107926002046,-0.719346825696964,1.07744911769919,1.03229461401552,-0.105906688661929,0.38522394604134,0.35008567464219,1.12878016209522,-0.249925769502946,-0.7457363182839,"Data Scientist","PhD","Medium"
0.799804958499985,-0.764053612979368,0.136324145198803,-0.157623528570254,-0.0867485217394923,-1.41365019551747,0.77326601835818,-1.00332723989425,-1.0578407124501,-0.280843405975984,-0.94321485390762,0.280651784391855,-0.458345907668914,-0.179951219012154,0.161881844650568,"Software Engineer","PhD","Medium"
-0.00341766922746135,1.18107364015036,-1.20168296221949,1.33715226982442,-1.37768916458421,-0.302107926002046,-1.5871449908453,0.00238133294257918,0.161404894654845,0.243966745966181,0.734813103922645,-1.10802602061485,-0.872378795433472,1.07959068982211,1.59312587081646,"Teacher","PhD","Low"
-0.790661373538357,-0.0775381118747595,-0.0045187082136494,-0.991916997441701,-0.732218843161851,-0.579993493380902,-1.24002572478597,0.730653058100286,0.0917337171059909,-1.22550167947188,-1.71231100124649,1.07914152227071,-1.1138979799628,0.379845184914183,-0.53628597299133,"Mechanic","PhD","Medium"
-0.945480671306673,0.380138888861646,-0.638311548569685,-1.40906373187742,-0.449825577539569,-1.0662932362939,-0.233379853213894,0.557255028300832,-0.848827179803536,-1.68033714448842,0.0705937039481649,0.384802619767358,1.57731579050683,0.309870634423391,-0.0824768915240963,"HR Specialist","Bachelor's","Medium"
-0.86575942409824,0.151300388493443,1.50954196597021,1.1633411304762,-0.288457997183979,-0.892614756682115,-0.823482605514764,0.00238133294257918,0.823281081368956,0.0340426851893152,-1.50255750651771,0.766689016144202,1.05977468080113,-0.739747622938491,0.580782535235707,"Graphic Designer","PhD","Medium"
0.418160075162187,-1.45056911408398,1.36869911255776,1.23286558621549,-1.29700537440641,0.67049155982395,1.32865684405312,0.00238133294257918,-0.674649235931402,0.90872627175959,-0.978173769695751,-0.37897017298633,1.26679112468341,0.76470521261354,-0.326835627698761,"Nurse","Master's","Low"
1.11715851344389,0.952235139782153,-0.497468695157232,-0.748581402354195,0.96214075057184,0.844170039435735,-0.858194532120698,-0.171016696856875,-0.395964525735986,1.71343517140424,-0.383872201297532,-1.45519547186653,-1.42442264578622,0.309870634423391,0.371332189943138,"Retail Worker","Master's","High"
1.67295343553675,-0.191957362058861,-0.250993701685441,-1.548112643356,1.32521780637192,0.0105133372991668,-1.20531379818003,-1.38480290545305,-1.33652542264551,-1.36545105332312,0.38522394604134,-1.03859213036452,-0.872378795433472,-1.15959492588324,1.62803426169855,"Truck Driver","Bachelor's","High"
-1.31770579147305,-1.45056911408398,-0.955207968747702,-0.574770263005978,-1.61974053511759,-0.0242223586231903,-1.65656884405717,0.591934634260723,0.0568981283315639,1.43353642370176,-1.18792726442453,1.04442457714554,0.990769199507038,-1.29954402686483,-0.326835627698761,"Nurse","Bachelor's","Low"
0.411572019938003,-0.0775381118747595,-0.884786542041476,-0.818105858093483,0.0746190586160974,-0.302107926002046,1.57164033029465,-1.28076408757338,1.62449962318078,-0.910615588306582,0.944566598651428,-0.552554898612168,-1.25190894255098,1.25452706604909,-0.641011145637615,"Financial Analyst","Bachelor's","Medium"
-0.299591204525192,1.52433139070266,0.241956285258142,-0.088099072830967,1.28487591128302,0.809434343513378,-1.41358535781563,0.591934634260723,1.38065050175979,-1.50540042717437,-1.25784509600079,0.766689016144202,-0.216826723139589,-0.354887595239134,-1.23445379063323,"Construction Worker","Master's","High"
1.46837698383841,0.265719638677545,-1.30731510227883,-0.0533368449613233,0.437696114416174,-0.823143364837401,-0.0598202201842257,1.70168202497723,0.649103137496822,1.22361236292489,-0.313954369721271,0.94027374177004,-1.59693634902145,-1.33453130211022,-1.02500344534066,"Graphic Designer","Master's","Medium"
-1.10671465442485,-0.992892113347571,1.22785625914531,-0.50524580726669,1.44624349163861,0.739962951668664,0.322010972481044,-0.483133150495892,0.265911660978125,-0.525754810215661,-1.46759859072958,1.70404653452373,-1.28641168319803,-1.5094676783372,1.3487671346418,"Truck Driver","PhD","High"
0.246783954396251,0.036881138309342,0.523641992083047,-0.574770263005978,-0.167432311917287,-0.823143364837401,-0.545787192667296,-0.309735120696438,0.753609903820102,0.0690300286521262,1.53886816704965,-1.5940632523672,-0.00981027925731013,0.274883359177995,1.48840069817018,"Marketing Manager","High School","Medium"
1.41480569267334,-0.764053612979368,0.241956285258142,1.23286558621549,-0.409483682450671,1.33046978234873,-1.65656884405717,0.800012270020067,1.48515726808307,0.593840180594291,-0.209077622356879,-1.5940632523672,1.43930482791864,-0.109976668521362,-1.61844609033627,"Lawyer","Bachelor's","Medium"
-1.50081327373468,0.952235139782153,-0.0749401349198756,-1.30477704826849,-1.61974053511759,-1.51785728328454,0.252587119269176,0.418536604461269,0.022062539557137,1.15363767599927,1.2591968407446,0.419519564892526,-1.70044457096259,0.694730662122748,-0.257018845934571,"Doctor","High School","Low"
-1.00537996288445,1.40991214051856,0.523641992083047,-0.50524580726669,0.679747484949559,-1.27470741182804,0.599706385328512,-1.73159896505196,1.45032167930864,-1.33046370986031,-1.43263967494145,-0.587271843737336,-0.458345907668914,-1.01964582490166,0.336423799061043,"Lawyer","High School","Medium"
-0.166529825984114,1.06665438996625,-1.65942223580996,-0.609532490875621,0.478038009505071,0.67049155982395,0.77326601835818,0.695973452140395,-0.674649235931402,-1.36545105332312,-0.803379190755098,1.14857541252105,1.64632127180092,-0.0400021180305694,-1.68826287210046,"Financial Analyst","High School","Medium"
-1.10350731174992,-0.764053612979368,-1.58900080910374,1.54572563704228,0.0342771635272,-0.579993493380902,-1.1706018715741,-0.552492362415673,-1.68488131038978,-0.455780123290039,0.105552619736295,1.28744319302172,0.645741793036573,-1.36951857735562,-1.19954539975113,"Software Engineer","High School","Medium"
1.11155288750752,-1.56498836426808,-1.06084010880704,-1.61763709909529,0.478038009505071,-1.65680006697397,1.15509721102345,-1.24608448161349,1.62449962318078,0.383916119817425,0.804730935498906,-1.35104463649102,1.23228838403636,1.18455251555829,0.545874144353612,"UX Researcher","PhD","Medium"
0.340605951382762,-1.10731136353167,0.770116985554838,-1.68716155483457,-1.21632158422862,1.22626269458166,-0.476363339455429,-1.35012329949316,-0.291457759412706,0.838751584833968,-1.36272184336519,-1.00387518523935,-1.21740620190394,1.04460341457671,-1.51372091768999,"Research Scientist","High School","Low"
-1.46385659552534,-0.87847286316347,-0.462257981804119,0.920005535388698,0.760431275127353,-1.34417880367276,-0.649922972485096,1.07744911769919,-0.813991591029109,-0.945602931769393,1.15432009338021,1.70404653452373,0.197206164624969,-0.774734898183887,-0.326835627698761,"Marketing Manager","Bachelor's","Medium"
1.43069793115273,0.952235139782153,0.91095983896729,0.954767763258342,0.599063694771764,-1.62206437105161,0.217875192663243,-1.00332723989425,-0.570142469608121,1.01368830214802,-1.08305051706014,0.488953455142861,0.507730830448387,1.56941254325765,0.999683225820846,"Graphic Designer","Master's","Medium"
0.240513743941655,0.608977389229849,0.10111343184569,-1.06144145318099,-1.37768916458421,0.184191816910952,0.634418311934446,0.383856998501378,-0.395964525735986,-0.770666214455338,-1.1529683486364,0.662538180768699,0.507730830448387,0.659743386877352,-0.431560800345046,"Research Scientist","High School","Low"
0.478955111090619,-0.535215112611165,0.91095983896729,0.954767763258342,1.24453401619412,0.392605992445094,-0.441651412849495,0.695973452140395,1.17163696911323,0.698802210982724,0.0356347881600344,-0.135951557110156,0.473228089801341,0.624756111631956,0.231698626414758,"Truck Driver","High School","High"
-1.30424073123415,0.036881138309342,-1.41294724233817,1.58048786491193,0.478038009505071,-0.441050709691474,0.217875192663243,-1.55820093525251,-1.61521013284093,-0.84064090138096,0.664895272346384,1.21800930277138,0.197206164624969,0.099946982951015,-0.326835627698761,"Lawyer","PhD","Medium"
-0.79993666181451,1.29549289033446,-1.34252581563195,0.920005535388698,1.72863675726089,-0.128429446390261,0.564994458722579,1.4242451772981,-1.44103218896879,0.978700958685212,0.42018286182947,0.35008567464219,-0.734367832845286,0.624756111631956,1.03459161670294,"Truck Driver","High School","High"
-1.19883184764721,0.837815889598052,0.10111343184569,-1.37430150400778,1.68829486217199,0.0452490332215238,1.08567335781158,-0.448453544536001,-1.30168983387109,-1.57537511409999,-0.768420274966968,-0.899724349863845,0.197206164624969,-1.68440405456418,0.0920650628863784,"Security Guard","High School","High"
0.468003914029366,0.036881138309342,0.277166998611255,0.711432168170836,1.44624349163861,1.6778267415723,-1.24002572478597,-0.240375908776656,-0.291457759412706,-0.245856062513173,0.560018524981992,-0.0318007217346536,0.0591952020367829,-0.249925769502946,1.73275943434484,"Customer Support","PhD","High"
-0.465246119438548,-0.649634362795267,-0.673522261922798,-1.33953927613814,0.558721799682866,1.74729813341702,-0.719346825696964,-0.483133150495892,1.51999285685749,0.768776897908346,-0.698502443390707,0.280651784391855,1.50831030921273,1.07959068982211,0.860049662292467,"Software Engineer","Bachelor's","Medium"
1.6746004493428,0.036881138309342,-1.13126153551327,1.12857890260656,-1.5390567449398,1.50414826196052,-0.476363339455429,1.25084714749865,-0.813991591029109,0.0690300286521262,-1.36272184336519,0.558387345393196,1.16328290274227,0.76470521261354,0.0920650628863784,"Teacher","Bachelor's","Low"
-0.363333528317075,-1.67940761445218,-1.06084010880704,-0.540008035136334,1.28487591128302,-0.579993493380902,0.877401798175981,-0.587171968375564,-1.26685424509666,-0.315830749438795,1.67870383020217,-0.934441294989012,0.369719867860201,-0.249925769502946,-1.47881252680789,"Security Guard","Master's","High"
1.08947712351069,-0.649634362795267,0.699695558848612,0.0509498386476076,-0.933928318606338,-0.71893627707033,-1.41358535781563,1.52828399517777,-0.430800114510413,0.313941432891803,1.01448443022769,-0.621988788862503,0.749250014977712,-1.26455675161943,-0.710827927401805,"Doctor","Master's","Low"
1.60990459124215,-0.306376612242962,1.08701340573286,-0.957154769572057,1.5269272818164,1.53888395788287,0.113739412845442,0.141099756782142,-0.152115404314998,-0.560742153678472,-0.0692419592043573,0.35008567464219,1.68082401244797,1.53442526801225,1.27895035287761,"Construction Worker","Master's","High"
-1.60457514351557,1.52433139070266,-0.110150848272989,0.572383256692262,0.639405589860661,-0.37157931784676,1.60635225690059,-0.275055514736547,0.335582838526979,0.768776897908346,1.57382708283778,-0.899724349863845,0.852758236918852,0.0649597077056189,-0.780644709165995,"Data Scientist","High School","Medium"
1.51458005534486,1.40991214051856,0.171534858551916,0.572383256692262,-0.288457997183979,-0.0589580545455473,0.426146752298844,-0.344414726656329,-1.0578407124501,1.64346048447862,0.0356347881600344,0.80140596126937,-0.320334945080728,-0.494836696220718,-0.291927236816666,"Data Scientist","Bachelor's","Medium"
0.388802776443895,-1.56498836426808,0.136324145198803,0.155236522256539,-1.33734726949531,-1.27470741182804,0.00960363302764153,-1.14204566373382,-1.30168983387109,1.53849845409019,0.350265030253209,0.558387345393196,-0.354837685727775,1.42946344227607,0.510965753471518,"Teacher","Bachelor's","Low"
-1.11587436278479,-0.191957362058861,-0.462257981804119,1.61525009278157,0.518379904593969,1.22626269458166,-1.13588994496817,-0.795249604134909,-0.744320413480256,-0.770666214455338,1.2591968407446,-1.62878019749237,-1.45892538643326,-0.809722173429283,-1.02500344534066,"UX Researcher","High School","Medium"
0.465461155872664,-0.0775381118747595,1.05180269237974,0.224760977995826,0.80077317021625,-0.232636534157332,-0.302803706425761,-1.35012329949316,0.614267548722395,0.733789554445535,0.769772019710775,0.80140596126937,-1.73494731160963,1.56941254325765,1.10440839846713,"Construction Worker","High School","Medium"
0.830375846338521,-1.33614986389988,-1.69463294916308,1.51096340917264,0.478038009505071,1.1915269986593,-1.41358535781563,0.834691875979958,1.58966403440635,0.663814867519913,0.245388282888817,1.56517875402306,-0.216826723139589,0.344857909668787,-0.0475685006420014,"UX Researcher","Master's","Medium"
0.196651165738538,0.151300388493443,-1.4833686690444,0.016187610777964,0.276328534060584,1.01784851904752,0.28729904587511,1.4242451772981,1.51999285685749,-1.50540042717437,-0.348913285509401,-1.66349714261753,-0.5963568702571,0.134934258196411,1.45349230728808,"Mechanic","High School","Medium"
1.66234897822414,0.723396639413951,-1.30731510227883,-1.40906373187742,0.155302848793892,0.114720425066238,-0.788770678908831,1.38956557133821,1.48515726808307,-0.315830749438795,1.36407358810899,-0.413687118111498,0.818255496271805,-0.0749893932759655,-1.30427057239742,"HR Specialist","PhD","Medium"
0.360110062243832,0.837815889598052,-0.180572274979215,0.815718851779767,-0.207774207006184,-1.65680006697397,-1.3788734312097,0.00238133294257918,0.649103137496822,-0.560742153678472,0.699854188134514,0.697255125893867,0.680244533683619,-0.0400021180305694,1.45349230728808,"Chef","Master's","Medium"
1.58713534774804,-0.191957362058861,-0.81436511533525,0.120474294386895,0.518379904593969,-0.336843621924403,0.77326601835818,1.32020635941843,-0.988169534901244,1.11865033253646,0.909607682863297,-0.483121008361833,1.68082401244797,-0.844709448674679,-0.850461490930185,"UX Researcher","PhD","Medium"
-0.244575164407448,-0.0775381118747595,-0.250993701685441,-0.574770263005978,-1.66008243020649,0.948377127202806,1.01624950459972,0.245138574661815,1.58966403440635,-0.595729497141283,-0.978173769695751,0.627821235643532,0.887260977565898,-0.984658549656263,-1.4439041359258,"Doctor","High School","Low"
-1.69917730493653,-0.764053612979368,1.68559553273578,0.502858800952974,-0.369141787361774,1.74729813341702,1.36336877065905,0.03706093890247,1.1368013803388,1.15363767599927,1.50390925126152,1.18329235764621,0.473228089801341,0.379845184914183,-0.0824768915240963,"HR Specialist","Bachelor's","Medium"
0.865974460532356,-1.33614986389988,1.05180269237974,1.65001232065121,1.28487591128302,0.253663208755666,-0.19866792660796,0.591934634260723,0.44008960485026,-1.64534980102561,0.140511535524426,-1.42047852674136,-1.63143908966849,1.00961613933131,-0.81555310004809,"Truck Driver","High School","High"
0.502475624040116,-0.87847286316347,-1.55379009575062,-1.09620368105063,1.5672691769053,-0.0242223586231903,1.32865684405312,-0.344414726656329,-0.813991591029109,-0.49076746675285,0.734813103922645,0.21121789414152,1.37029934662455,0.344857909668787,-0.0126601097599064,"Customer Support","Bachelor's","High"
0.350025714554182,0.151300388493443,1.57996339267644,-0.470483579397047,-0.409483682450671,0.427341688367451,0.00960363302764153,1.70168202497723,-0.152115404314998,-1.47041308371156,1.67870383020217,1.18329235764621,-1.1138979799628,1.39447616703067,-0.53628597299133,"Marketing Manager","PhD","Medium"
-0.937534552066978,0.036881138309342,1.43912053926399,0.120474294386895,-0.570851262806261,-0.441050709691474,0.77326601835818,-1.14204566373382,0.300747249752552,0.733789554445535,-0.558666780238185,0.662538180768699,1.30129386533046,-0.109976668521362,-0.396652409462951,"Mechanic","Master's","Medium"
-0.704641020896274,1.29549289033446,0.875749125614177,1.26762781408513,-1.17597968913972,1.26099839050402,-1.34416150460377,-0.517812756455783,1.31097932421093,-1.01557761869501,-1.46759859072958,1.00970763202038,1.16328290274227,-1.19458220112864,1.24404196199551,"Research Scientist","PhD","Low"
-1.68828389783338,-0.649634362795267,0.0659027184925768,1.1633411304762,-0.12709041682839,-1.0662932362939,-0.754058752302897,0.03706093890247,0.0917337171059909,1.11865033253646,1.01448443022769,0.280651784391855,0.956266458859991,-1.08962037539245,-1.54862930857208,"Financial Analyst","High School","Medium"
-0.833108097767856,-0.420795862427064,-1.4833686690444,-0.852868085963126,0.316670429149482,-0.302107926002046,1.32865684405312,-0.691210786255237,-1.71971689916421,-0.665704184066905,0.280347198676948,-0.413687118111498,0.0936979426838294,1.32450161653988,1.45349230728808,"HR Specialist","Master's","Medium"
-0.0567000106019995,-0.306376612242962,-0.145361561626102,0.189998750126182,0.720089380038456,1.74729813341702,-0.892906458726631,0.800012270020067,-0.430800114510413,-1.68033714448842,-1.71231100124649,-0.135951557110156,-0.0443130199043566,-1.68440405456418,0.685507707881992,"Data Scientist","Bachelor's","Medium"
1.7045067526631,-1.45056911408398,0.206745571905029,-0.679056946614908,-0.530509367717364,-0.302107926002046,-0.927618385332565,0.106420150822252,-1.0578407124501,0.0690300286521262,-1.18792726442453,0.593104290518364,0.852758236918852,-1.36951857735562,-0.0824768915240963,"Data Scientist","Master's","Medium"
-0.488679947450885,-0.306376612242962,0.347588425317481,-0.818105858093483,0.0342771635272,0.0799847291438808,1.46750455047685,0.175779362742033,0.265911660978125,-0.315830749438795,1.57382708283778,0.974990686895208,-0.734367832845286,1.18455251555829,-0.222110455052476,"Software Engineer","Master's","Medium"
1.18136315690062,-1.22173061371577,1.12222411908597,-1.06144145318099,0.316670429149482,-0.71893627707033,-0.68463489909103,-0.691210786255237,0.788445492594529,-0.910615588306582,-1.74726991703462,0.766689016144202,-1.14840072060984,-1.40450585260102,-0.885369881812279,"Chef","Master's","Medium"
0.482017978870283,1.63875064088676,-0.0749401349198756,-1.58287487122564,1.76897865234979,0.774698647591021,-0.615211045879163,-0.621851574335455,-0.186950993089425,0.488878150205858,-1.22288618021266,-1.07330907548968,1.23228838403636,-0.844709448674679,-0.396652409462951,"Truck Driver","High School","High"
1.45098220644824,1.29549289033446,0.55885270543616,-0.540008035136334,-1.13563779405082,-1.65680006697397,0.842689871570047,-0.0322982730173117,1.06713020278995,1.60847314101581,1.50390925126152,1.42631097352239,0.0246924613897364,-0.494836696220718,-0.0824768915240963,"Teacher","PhD","Low"
0.224534820525104,0.036881138309342,1.33348839920465,-0.991916997441701,0.679747484949559,1.12205560681459,1.67577611011245,1.32020635941843,-0.779156002254683,-1.33046370986031,-1.36272184336519,-0.726139624238006,0.369719867860201,1.04460341457671,1.41858391640599,"HR Specialist","Bachelor's","Medium"
-1.14349796275988,-0.0775381118747595,-1.72984366251619,-1.06144145318099,-0.651535052984056,-0.475786405613831,0.00960363302764153,-1.5928805412124,-0.535306880833694,-1.08555230562064,0.525059609193862,-0.135951557110156,-0.00981027925731013,-0.249925769502946,1.62803426169855,"Mechanic","PhD","Medium"
-0.0469335076819377,-0.87847286316347,0.0659027184925768,0.850481079649411,-1.25666347931752,1.50414826196052,-0.406939486243561,-0.136337090896984,-1.44103218896879,0.418903463280236,-0.733461359178837,-1.17745991086519,0.128200683330876,0.099946982951015,-1.4439041359258,"Doctor","PhD","Low"
-1.24590176852526,0.151300388493443,0.418009852023707,-1.06144145318099,1.28487591128302,0.774698647591021,0.113739412845442,-0.344414726656329,-0.639813647156975,0.418903463280236,1.53886816704965,0.593104290518364,-1.49342812708031,-0.144963943766757,1.38367552552389,"Retail Worker","High School","High"
-0.409189860074879,-1.56498836426808,1.72080624608889,1.58048786491193,-0.691876948072953,1.50414826196052,-0.476363339455429,1.18148793557887,-0.291457759412706,-0.175881375587551,0.455141777617601,0.94027374177004,-1.63143908966849,0.309870634423391,-1.05991183622275,"Chef","Bachelor's","Medium"
-1.43542393613675,-0.992892113347571,-0.532679408510346,-0.088099072830967,-0.288457997183979,-1.34417880367276,-1.20531379818003,-1.62756014717229,-0.117279815540571,1.60847314101581,-1.32776292757706,1.56517875402306,0.783752755624759,0.484807010650372,0.545874144353612,"HR Specialist","PhD","Medium"
-0.91401403911748,-1.67940761445218,-1.37773652898506,0.016187610777964,0.316670429149482,0.32313460060038,1.15509721102345,-1.48884172333273,0.649103137496822,0.139004715577748,-0.418831117085662,-0.552554898612168,0.404222608507248,1.35948889178527,0.0222482811221885,"Mechanic","Bachelor's","Medium"
0.287034660217689,-0.0775381118747595,-0.35662584174478,-1.37430150400778,0.881456960394045,-1.5525929792069,-0.406939486243561,-0.552492362415673,0.753609903820102,0.873738928296779,-1.57247533809397,-0.96915824011418,-0.803373314139379,0.169921533441807,-1.23445379063323,"Security Guard","Bachelor's","High"
-1.00694029175333,0.265719638677545,-0.286204415038554,-1.47858818761671,-0.00606473156169745,-0.128429446390261,0.946825651387848,0.557255028300832,-0.186950993089425,-0.945602931769393,0.804730935498906,0.731972071019034,-1.21740620190394,1.42946344227607,-1.51372091768999,"UX Researcher","High School","Medium"
0.0858967110267129,0.952235139782153,-1.09605082216015,1.44143895343335,0.0342771635272,1.01784851904752,-0.927618385332565,-0.0322982730173117,-0.500471292059267,1.18862501946208,-1.67735208545836,-0.899724349863845,-1.21740620190394,1.25452706604909,-0.0824768915240963,"UX Researcher","Bachelor's","Medium"
0.11117981769847,1.40991214051856,-0.180572274979215,1.65001232065121,-0.974270213695235,0.739962951668664,-0.719346825696964,-1.14204566373382,1.45032167930864,-0.245856062513173,-0.768420274966968,-0.101234611984989,1.43930482791864,-0.38987487048453,0.231698626414758,"Teacher","Master's","Low"
0.555873545330868,-0.191957362058861,-0.250993701685441,-0.922392541702414,0.80077317021625,1.60835534972759,1.18980913762938,0.661293846180504,-0.744320413480256,1.46852376716457,-0.768420274966968,1.04442457714554,1.43930482791864,0.344857909668787,1.06950000758504,"Lawyer","Master's","Medium"
-0.712269295366382,0.952235139782153,-1.09605082216015,0.607145484561905,-0.651535052984056,0.0452490332215238,-1.1706018715741,-0.275055514736547,1.1368013803388,1.74842251486705,-0.628584611814446,0.107067058766017,0.0246924613897364,1.56941254325765,-0.0475685006420014,"Financial Analyst","Bachelor's","Medium"
-0.533467164983713,0.608977389229849,1.4743312526171,-0.435721351527403,1.72863675726089,1.46941256603816,1.50221647708279,-0.795249604134909,-0.361128936961559,1.32857439331332,-0.488748948661924,0.35008567464219,-1.32091442384508,-1.5444549535826,-0.291927236816666,"Security Guard","PhD","High"
1.41512353744293,0.723396639413951,0.981381265673517,-0.122861300700611,-1.13563779405082,-0.37157931784676,-1.1706018715741,-0.344414726656329,0.265911660978125,1.60847314101581,-1.50255750651771,0.0376331685156818,-0.5963568702571,0.0299724324602228,-1.65335448121837,"AI Engineer","Bachelor's","Low"
-0.902109307747464,-0.191957362058861,1.12222411908597,0.189998750126182,-0.0867485217394923,-0.71893627707033,-0.68463489909103,-0.41377393857611,1.17163696911323,1.67844782794143,-0.209077622356879,-0.37897017298633,1.19778564338932,-0.249925769502946,0.196790235532663,"Marketing Manager","Master's","Medium"
0.164433264093955,-1.33614986389988,0.840538412261064,0.120474294386895,0.478038009505071,0.983112823125163,-0.962330311938498,0.765332664060177,1.03229461401552,-0.49076746675285,-1.1529683486364,-1.73293103286787,-0.182323982492542,-0.529823971466114,0.196790235532663,"Lawyer","PhD","Medium"
1.05145133107637,0.723396639413951,1.26306697249842,-0.818105858093483,1.04282454074964,-0.0589580545455473,0.00960363302764153,-0.968647633934363,-0.813991591029109,-1.12053964908345,0.769772019710775,0.94027374177004,-0.147821241845496,0.729717937368144,0.860049662292467,"Retail Worker","PhD","High"
-1.66802851751692,-1.22173061371577,1.65038481938266,1.12857890260656,-0.490167472628466,-1.0662932362939,-1.2747376513919,-1.24608448161349,0.858116670143383,-0.0709193451991179,0.979525514439559,0.870839851519705,0.335217127213154,0.659743386877352,-1.65335448121837,"Graphic Designer","High School","Medium"
-0.465506174250028,-1.45056911408398,0.488431278729934,-1.68716155483457,0.841115065305148,1.22626269458166,0.634418311934446,-0.795249604134909,0.649103137496822,1.04867564561083,-0.663543527602576,-1.5940632523672,1.47380756856569,-0.529823971466114,-1.33917896327951,"Customer Support","PhD","High"
-1.08767286322864,1.18107364015036,0.946170552320403,-0.957154769572057,1.08316643583853,-0.892614756682115,1.71048803671839,-1.03800684585414,0.265911660978125,1.53849845409019,-1.22288618021266,1.63461264427339,1.54281304985978,1.32450161653988,-0.990095054458564,"Retail Worker","High School","High"
0.997042085518747,-1.10731136353167,0.91095983896729,-0.783343630223839,1.28487591128302,1.12205560681459,-0.788770678908831,-1.07268645181404,0.614267548722395,0.139004715577748,0.0356347881600344,-0.830290459613509,-1.63143908966849,-0.319900319993738,-1.33917896327951,"Security Guard","Bachelor's","High"
-0.00208850019100324,-0.420795862427064,-1.62421152245685,-0.227147984309541,-0.732218843161851,-1.37891449959511,0.564994458722579,0.522575422340941,-1.65004572161536,-1.71532448795123,-1.46759859072958,0.905556796644873,0.266211645919061,-1.61442950407339,-0.0126601097599064,"Software Engineer","High School","Medium"
1.23088915099821,-1.10731136353167,1.29827768585153,1.51096340917264,-0.288457997183979,-1.23997171590569,-0.892906458726631,0.973410299819522,1.62449962318078,-0.0709193451991179,-0.663543527602576,-0.240102392485659,-0.69986509219824,-0.844709448674679,0.336423799061043,"Data Scientist","Bachelor's","Medium"
0.695465189138023,-0.535215112611165,-0.849575828688363,0.572383256692262,-0.772560738250748,-1.44838589143983,-0.719346825696964,1.32020635941843,0.89295225891781,-1.64534980102561,0.000675872371903821,-0.795573514488342,0.507730830448387,0.76470521261354,1.27895035287761,"HR Specialist","Bachelor's","Medium"
-0.0515278093514342,0.036881138309342,1.72080624608889,1.68477454852086,1.68829486217199,0.253663208755666,-0.337515633031694,-0.483133150495892,-1.71971689916421,-0.84064090138096,0.769772019710775,0.35008567464219,1.43930482791864,-1.579442228828,-1.16463700886904,"Customer Support","Bachelor's","High"
0.69560966403329,-0.764053612979368,0.805327698907951,1.09381667473692,0.558721799682866,1.71256243749466,-0.719346825696964,0.730653058100286,-1.33652542264551,-0.280843405975984,1.22423792495647,-0.448404063236665,0.300714386566108,-0.00501484278517327,0.545874144353612,"Graphic Designer","High School","Medium"
1.32710943124616,1.18107364015036,-1.55379009575062,0.25952320586547,1.68829486217199,-0.0589580545455473,-1.44829728442157,0.210458968701924,-0.604978058382548,-1.19051433600907,1.22423792495647,0.0723501136408495,1.47380756856569,1.07959068982211,0.685507707881992,"Retail Worker","Master's","High"
0.843147427080141,-1.22173061371577,-0.250993701685441,-1.02667922531134,0.639405589860661,-1.13576462813861,-0.719346825696964,0.0717405448623608,-0.848827179803536,-0.980590275232204,0.350265030253209,-1.42047852674136,-1.52793086772735,-0.459849420975322,0.790232880528277,"Lawyer","Master's","Medium"
1.72227716478097,1.63875064088676,-0.286204415038554,0.25952320586547,-0.207774207006184,1.53888395788287,-1.55243306423937,0.591934634260723,1.34581491298536,1.08366298907365,-1.11800943284827,-0.691422679112839,0.749250014977712,-1.47448040309181,1.10440839846713,"Marketing Manager","PhD","Medium"
-1.17479122507475,0.265719638677545,0.805327698907951,-1.37430150400778,0.357012324238379,0.635755863901593,1.15509721102345,-1.5928805412124,-1.68488131038978,-0.420792779827228,-1.22288618021266,0.21121789414152,1.43930482791864,-0.38987487048453,1.20913357111342,"UX Researcher","Master's","Medium"
1.66645206524973,0.494558139045748,-1.16647224886638,-1.61763709909529,-0.288457997183979,1.4346768701158,-1.3788734312097,0.383856998501378,-0.186950993089425,1.573485797553,-1.32776292757706,-1.00387518523935,-1.63143908966849,-0.249925769502946,-0.7457363182839,"HR Specialist","PhD","Medium"
-1.42094755163098,0.151300388493443,0.347588425317481,0.398572117344044,0.0342771635272,-1.41365019551747,-0.163956000002026,1.73636163093712,1.17163696911323,1.39854908023894,1.11936117759208,-1.38576158161619,-0.941384276727565,-1.75437860505498,-0.67591953651971,"Software Engineer","High School","Medium"
1.49334224574058,1.18107364015036,-0.110150848272989,0.641907712431549,1.68829486217199,0.878905735358092,1.53692840368872,-1.55820093525251,-1.71971689916421,0.593840180594291,-0.733461359178837,-0.865007404738677,-0.5963568702571,-0.809722173429283,0.0571566720042835,"Truck Driver","PhD","High"
1.25440966394771,1.06665438996625,0.0306920051394637,0.607145484561905,1.20419212110522,-0.857879060759758,-1.13588994496817,-0.517812756455783,0.823281081368956,0.943713615222401,0.594977440770123,-0.934441294989012,0.300714386566108,0.239896083932599,-0.0475685006420014,"Customer Support","PhD","High"
0.978867143694135,0.952235139782153,-0.0397294215667625,0.25952320586547,0.357012324238379,-1.34417880367276,0.877401798175981,-1.24608448161349,-1.51070336651765,1.71343517140424,1.60878599862591,-1.52462936211686,-0.216826723139589,-1.08962037539245,-0.0126601097599064,"UX Researcher","Master's","Medium"
-0.776473938823119,0.723396639413951,1.57996339267644,0.468096573083331,-1.458372954762,0.357870296522737,-0.649922972485096,1.4242451772981,1.27614373543651,0.243966745966181,-0.628584611814446,-0.726139624238006,-1.63143908966849,1.1145779650675,-0.152293673288286,"Research Scientist","Bachelor's","Low"
1.35100557892335,-0.649634362795267,-0.0397294215667625,1.44143895343335,1.6479529670831,-1.20523601998333,0.738554091752246,-0.205696302816766,-0.883662768577963,0.698802210982724,0.839689851287036,-1.10802602061485,1.4048020872716,0.869667038349728,1.52330908905227,"Customer Support","Bachelor's","High"
1.52382644864196,-0.764053612979368,1.54475267932333,-0.435721351527403,-1.78110811547318,0.913641431280449,0.703842165146313,0.349177392541487,-0.047608637991717,-1.6103624575628,0.42018286182947,-0.274819337610827,0.197206164624969,-0.249925769502946,1.66294265258065,"AI Engineer","Bachelor's","Low"
-0.0472513524515255,1.18107364015036,0.875749125614177,1.54572563704228,0.155302848793892,-1.69153576289633,-1.62185691745124,0.695973452140395,-0.779156002254683,0.313941432891803,-1.04809160127201,-0.795573514488342,-0.00981027925731013,1.67437436899384,0.441148971707328,"UX Researcher","Master's","Medium"
0.939974501888209,-1.67940761445218,1.61517410602955,-0.991916997441701,-1.4987148498509,0.948377127202806,1.29394491744718,0.0717405448623608,1.69417080072963,-1.68033714448842,-0.698502443390707,0.419519564892526,-0.11331850119845,-1.33453130211022,-0.431560800345046,"Teacher","Master's","Low"
1.51067923317265,1.40991214051856,0.488431278729934,1.37191449769406,-0.933928318606338,0.705227255746307,-0.0945321467901593,0.03706093890247,-1.26685424509666,-0.525754810215661,-1.08305051706014,1.11385846739588,1.4048020872716,0.134934258196411,0.825141271410372,"AI Engineer","High School","Low"
-1.11853270085771,0.608977389229849,0.382799138670594,0.711432168170836,-0.0867485217394923,-0.892614756682115,1.32865684405312,0.834691875979958,1.38065050175979,1.15363767599927,1.7136627459903,-1.07330907548968,-1.42442264578622,-0.56481124671151,-1.26936218151532,"UX Researcher","High School","Medium"
0.791223149721114,-1.56498836426808,-0.215782988332328,-1.51335041548635,0.760431275127353,0.32313460060038,0.217875192663243,0.557255028300832,-0.01277304921729,-1.6103624575628,0.38522394604134,0.766689016144202,-0.285832204433682,0.904654313595124,-0.920278272694374,"Software Engineer","Bachelor's","Medium"
1.28139757438362,-0.992892113347571,-1.20168296221949,-0.435721351527403,0.558721799682866,1.15679130273695,-0.406939486243561,0.314497786581596,0.753609903820102,-0.875628244843771,-1.1529683486364,1.63461264427339,0.404222608507248,1.67437436899384,-0.53628597299133,"Data Scientist","High School","Medium"
1.0995903661794,0.723396639413951,-0.567890121863458,0.155236522256539,0.276328534060584,0.462077384289808,-0.129244073396093,0.210458968701924,-0.779156002254683,-1.64534980102561,0.455141777617601,-0.865007404738677,0.57673631174248,0.869667038349728,1.48840069817018,"HR Specialist","Bachelor's","Medium"
1.19208319412945,-0.87847286316347,-1.72984366251619,1.7195367763905,0.276328534060584,0.496813080212165,-1.65656884405717,1.25084714749865,-1.23201865632223,1.22361236292489,-1.67735208545836,0.523670400268029,-0.251329463786635,-1.05463310014706,-1.33917896327951,"Chef","PhD","Medium"
-1.32010407473449,-1.33614986389988,-1.34252581563195,-0.0185746170916797,-1.17597968913972,1.15679130273695,0.634418311934446,-1.48884172333273,-0.674649235931402,-0.700691527529716,1.46895033547339,1.28744319302172,-0.458345907668914,-1.5094676783372,1.38367552552389,"Teacher","High School","Low"
-0.926352195173298,1.29549289033446,1.22785625914531,1.23286558621549,-1.33734726949531,-1.10102893221626,-0.0598202201842257,-0.0322982730173117,-0.047608637991717,0.173992059040559,-0.838338106543229,-0.448404063236665,-0.251329463786635,-1.29954402686483,-0.117385282406191,"Research Scientist","PhD","Low"
0.0587065357374286,-0.992892113347571,1.15743483243908,-0.296672440048828,0.0342771635272,-1.62206437105161,0.599706385328512,-0.344414726656329,-0.186950993089425,1.32857439331332,-0.139159790780618,-1.66349714261753,-0.941384276727565,-0.0749893932759655,-0.257018845934571,"UX Researcher","Master's","Medium"
0.590085200530138,0.608977389229849,0.136324145198803,0.676669940301192,-0.0464066266505949,-0.197900838234975,-0.163956000002026,-0.309735120696438,0.126569305880418,-0.84064090138096,1.36407358810899,-0.587271843737336,-1.21740620190394,-1.40450585260102,-1.68826287210046,"Financial Analyst","Bachelor's","Medium"
-1.15453584475829,-0.764053612979368,-1.09605082216015,-1.65239932696493,0.0342771635272,0.635755863901593,-1.41358535781563,-0.136337090896984,0.823281081368956,1.74842251486705,0.594977440770123,-0.899724349863845,0.749250014977712,0.344857909668787,-0.990095054458564,"HR Specialist","PhD","Medium"
-0.959610316063804,-0.649634362795267,-0.250993701685441,1.61525009278157,-1.09529589896193,0.496813080212165,0.807977944964114,-0.0669778789772025,0.022062539557137,1.2585997063877,0.629936356558253,1.39159402839722,1.3357966059775,1.67437436899384,0.720416098764087,"Nurse","High School","Low"
-0.114201018918339,-1.22173061371577,-1.16647224886638,0.74619439604048,1.08316643583853,-0.753671972992687,-0.892906458726631,1.32020635941843,1.27614373543651,0.488878150205858,-0.104200874992488,0.593104290518364,0.369719867860201,-0.284913044748342,-0.396652409462951,"Customer Support","Bachelor's","High"
-0.185629407138436,-1.22173061371577,0.312377711964368,0.537621028822618,-0.0867485217394923,1.64309104564995,-1.44829728442157,-0.517812756455783,-0.291457759412706,-1.64534980102561,-0.488748948661924,-0.795573514488342,0.0246924613897364,-0.56481124671151,0.825141271410372,"Financial Analyst","Bachelor's","Medium"
0.0567416771617948,-0.764053612979368,-1.20168296221949,1.02429221899763,-0.812902633339646,-1.65680006697397,0.703842165146313,-0.864608816054691,-1.61521013284093,-0.315830749438795,1.53886816704965,-1.6982140877427,0.300714386566108,-0.00501484278517327,1.3138587437597,"Nurse","PhD","Low"
0.436363911965852,0.151300388493443,0.629274132142386,0.641907712431549,0.276328534060584,1.53888395788287,1.12038528441752,-1.5928805412124,-0.117279815540571,-0.315830749438795,-0.663543527602576,-0.170668502235324,-0.423843167021868,-0.249925769502946,1.69785104346274,"HR Specialist","Master's","Medium"
-0.483825590969908,-0.764053612979368,1.4743312526171,-0.0533368449613233,1.44624349163861,1.15679130273695,-0.476363339455429,-0.240375908776656,-0.326293348187133,-0.420792779827228,1.50390925126152,1.14857541252105,-1.35541716449212,-1.36951857735562,-0.222110455052476,"Customer Support","Master's","High"
1.33268616220347,0.494558139045748,0.418009852023707,-1.23525259252921,-1.29700537440641,-1.69153576289633,-0.615211045879163,0.626614240220614,-0.0824442267661439,1.71343517140424,1.29415575653273,-0.483121008361833,-1.5624336083744,1.21953979080369,1.45349230728808,"Research Scientist","High School","Low"
-0.509166487599772,-1.45056911408398,-0.462257981804119,-1.44382595974707,0.357012324238379,-1.72627145881868,-1.55243306423937,-1.73159896505196,0.509760782399114,-0.245856062513173,-0.698502443390707,1.42631097352239,-1.07939523931575,-0.38987487048453,1.55821747993436,"Mechanic","High School","Medium"
-0.0949280678896968,-1.56498836426808,0.171534858551916,-1.44382595974707,1.6076110719942,-0.267372230079689,1.05096143120565,-0.864608816054691,-0.291457759412706,1.04867564561083,1.64374491441404,-1.52462936211686,1.05977468080113,-0.704760347693095,0.196790235532663,"Truck Driver","High School","High"
1.09953257622129,1.63875064088676,0.382799138670594,-0.50524580726669,-1.4987148498509,-1.58732867512926,-1.20531379818003,1.45892478325799,1.72900638950406,1.01368830214802,-0.733461359178837,-0.344253227861162,0.818255496271805,1.63938709374844,-0.117385282406191,"Nurse","High School","Low"
1.27758343714857,0.151300388493443,-0.250993701685441,-0.0185746170916797,0.679747484949559,0.0799847291438808,-0.0251082935782921,0.279818180621705,0.649103137496822,-1.33046370986031,1.11936117759208,-0.205385447360492,-1.49342812708031,1.00961613933131,-0.396652409462951,"Data Scientist","Bachelor's","Medium"
1.47366476500519,-1.10731136353167,0.45322056537682,1.33715226982442,1.68829486217199,1.60835534972759,1.29394491744718,-1.73159896505196,-0.430800114510413,1.15363767599927,-0.453790032873793,0.35008567464219,0.369719867860201,-0.459849420975322,1.41858391640599,"Security Guard","Master's","High"
1.26293368276848,-0.0775381118747595,-1.30731510227883,0.329047661604757,-1.17597968913972,-1.5525929792069,-0.892906458726631,1.0427695117393,-1.5803745440665,1.29358704985051,0.560018524981992,-0.240102392485659,-0.527351388963007,-1.68440405456418,1.17422518023132,"AI Engineer","Bachelor's","Low"
0.97201903365847,0.608977389229849,-0.673522261922798,0.25952320586547,-0.409483682450671,0.0105133372991668,1.08567335781158,-0.101657484937093,1.55482844563192,1.2585997063877,-0.593625696026315,-0.344253227861162,-0.285832204433682,0.449819735404976,-0.710827927401805,"Chef","PhD","Medium"
-0.368216779777106,-0.420795862427064,0.382799138670594,-0.331434667918472,0.235986638971687,-0.336843621924403,1.12038528441752,0.245138574661815,-1.61521013284093,-1.08555230562064,1.2591968407446,0.21121789414152,1.54281304985978,-1.5094676783372,-0.67591953651971,"Financial Analyst","Master's","Medium"
-1.60544199288718,-1.33614986389988,0.171534858551916,-0.400959123657759,-0.570851262806261,0.496813080212165,0.148451339451376,-0.795249604134909,-0.0824442267661439,0.90872627175959,-1.01313268548388,-0.726139624238006,-0.527351388963007,0.869667038349728,1.24404196199551,"Financial Analyst","PhD","Medium"
0.170790159485711,-1.22173061371577,-0.708732975275911,1.37191449769406,-0.812902633339646,0.601020167979236,1.71048803671839,0.557255028300832,0.788445492594529,-0.350818092901606,-0.24403653814501,-1.24689380111552,1.09427742144818,1.49943799276686,0.441148971707328,"Teacher","High School","Low"
0.688645974081412,-1.56498836426808,-1.23689367557261,-0.783343630223839,-1.5793986400287,0.392605992445094,1.57164033029465,-1.55820093525251,-1.75455248793864,0.383916119817425,-0.768420274966968,1.32216013814688,-0.5963568702571,-0.739747622938491,-0.780644709165995,"Nurse","High School","Low"
0.320177201191981,1.52433139070266,0.277166998611255,-1.13096590892028,-0.12709041682839,-0.128429446390261,-1.65656884405717,-1.66223975313218,0.0568981283315639,0.733789554445535,1.53886816704965,-1.10802602061485,-1.38991990513917,-1.579442228828,-0.187202064170381,"HR Specialist","Bachelor's","Medium"
-0.606080247345,-0.0775381118747595,1.19264554579219,0.641907712431549,-1.61974053511759,-0.128429446390261,1.43279262387092,-0.587171968375564,-0.01277304921729,1.64346048447862,0.804730935498906,0.870839851519705,-0.872378795433472,-0.319900319993738,-1.4439041359258,"Nurse","Master's","Low"
0.70653196611549,-0.535215112611165,-1.41294724233817,1.19810335834585,0.518379904593969,0.114720425066238,-1.24002572478597,-1.62756014717229,1.03229461401552,0.383916119817425,0.734813103922645,-0.691422679112839,0.0246924613897364,0.869667038349728,-0.117385282406191,"Lawyer","Bachelor's","Medium"
-1.11575878286858,1.29549289033446,1.01659197902663,-0.957154769572057,-0.691876948072953,0.114720425066238,-1.51772113763344,0.938730693859631,0.753609903820102,1.36356173677613,0.490100693405731,-1.48991241699169,-0.872378795433472,1.07959068982211,-1.12972861798694,"Data Scientist","Bachelor's","Medium"
1.34441752369917,-0.764053612979368,0.981381265673517,-0.574770263005978,-0.288457997183979,0.218927512833309,1.25923299084125,-0.968647633934363,1.51999285685749,0.383916119817425,1.7136627459903,-1.42047852674136,-1.28641168319803,1.1495652403129,1.27895035287761,"Mechanic","Master's","Medium"
1.27833470660396,-0.420795862427064,0.734906272201725,1.30239004195478,-1.78110811547318,0.253663208755666,1.22452106423532,-0.344414726656329,-0.709484824705829,1.08366298907365,-0.558666780238185,-1.73293103286787,1.57731579050683,0.309870634423391,1.13931678934923,"AI Engineer","PhD","Low"
0.10814584489786,-0.535215112611165,-1.51857938239751,-1.13096590892028,-0.328799892272877,-0.614729189303259,0.564994458722579,0.418536604461269,-0.047608637991717,-0.980590275232204,-0.418831117085662,0.141784003891185,-0.11331850119845,-1.29954402686483,0.545874144353612,"HR Specialist","High School","Medium"
1.16477743892395,-0.420795862427064,-0.427047268451006,0.74619439604048,-1.78110811547318,0.253663208755666,-0.580499119273229,-1.69691935909207,-1.09267630122453,1.573485797553,0.0705937039481649,1.7387634796489,0.0591952020367829,0.134934258196411,-0.361744018580856,"Research Scientist","Master's","Low"
-0.183751233499963,0.036881138309342,-0.884786542041476,-0.540008035136334,-0.0867485217394923,-1.0662932362939,-0.962330311938498,-0.795249604134909,-0.186950993089425,0.55885283713148,1.2591968407446,-0.726139624238006,-1.1138979799628,-0.424862145729926,1.38367552552389,"Marketing Manager","Bachelor's","Medium"
-1.27540354213882,0.151300388493443,0.629274132142386,-0.0533368449613233,-1.66008243020649,-0.614729189303259,-0.962330311938498,1.32020635941843,-0.0824442267661439,0.243966745966181,0.315306114465078,0.488953455142861,-0.00981027925731013,-1.68440405456418,-0.571194363873425,"Teacher","High School","Low"
-1.1155565180152,0.494558139045748,0.629274132142386,-1.51335041548635,-1.25666347931752,-0.996821844449186,1.57164033029465,-0.552492362415673,-0.604978058382548,1.50351111062738,-0.27899545393314,1.59989569914823,-1.66594183031554,-0.669773072447699,0.615690926117802,"Nurse","PhD","Low"
0.560381162063205,0.380138888861646,-1.27210438892572,-0.50524580726669,1.20419212110522,0.0452490332215238,1.50221647708279,1.28552675345854,-1.30168983387109,-1.12053964908345,-0.488748948661924,-0.726139624238006,0.369719867860201,1.39447616703067,1.62803426169855,"Retail Worker","Bachelor's","High"
-0.724549661464093,0.151300388493443,1.19264554579219,0.120474294386895,1.00248264566074,0.0799847291438808,0.217875192663243,0.834691875979958,-0.988169534901244,-0.420792779827228,-0.488748948661924,1.59989569914823,-0.216826723139589,0.904654313595124,0.894958053174562,"Truck Driver","High School","High"
-0.382750954240984,-0.535215112611165,0.241956285258142,1.37191449769406,-0.0464066266505949,1.57361965380523,-0.997042238544432,-1.48884172333273,1.34581491298536,1.2585997063877,1.7136627459903,0.627821235643532,1.50831030921273,1.1495652403129,1.20913357111342,"HR Specialist","High School","Medium"
0.673880639785106,1.40991214051856,-0.427047268451006,1.51096340917264,-1.37768916458421,0.149456120988595,-0.163956000002026,0.210458968701924,-0.117279815540571,-1.54038777063718,1.32911467232086,-0.205385447360492,0.300714386566108,-1.26455675161943,-1.72317126298256,"Teacher","Master's","Low"
0.806595278577543,0.723396639413951,0.699695558848612,-1.37430150400778,-0.89358642351744,-0.962086148526829,-1.03175416515037,-1.10736605777393,-1.71971689916421,0.978700958685212,1.32911467232086,0.384802619767358,-1.07939523931575,-0.739747622938491,-0.0475685006420014,"Doctor","High School","Low"
-1.68429639072401,-0.306376612242962,-0.884786542041476,0.815718851779767,-1.37768916458421,-0.684200581147973,-0.129244073396093,-1.48884172333273,1.03229461401552,-0.875628244843771,0.804730935498906,-1.48991241699169,1.57731579050683,-1.08962037539245,1.3487671346418,"Nurse","Bachelor's","Low"
1.38348353537942,0.952235139782153,1.65038481938266,-0.0533368449613233,1.5269272818164,-0.441050709691474,-1.10117801836223,-0.205696302816766,-1.16234747877338,1.71343517140424,-1.39768075915332,0.315368729517023,0.438725349154294,0.134934258196411,0.580782535235707,"Security Guard","Bachelor's","High"
-1.67190044471008,0.265719638677545,0.206745571905029,-0.713819174484552,0.720089380038456,0.913641431280449,1.64106418350652,-1.5928805412124,-0.744320413480256,-1.01557761869501,-1.71231100124649,-0.899724349863845,0.611239052389526,-0.949671274410867,0.0571566720042835,"Financial Analyst","Bachelor's","Medium"
-1.62468604893677,-0.649634362795267,0.664484845495499,-0.366196895788116,1.16385022601633,-0.128429446390261,-1.10117801836223,0.45321621042116,-0.500471292059267,1.2585997063877,0.909607682863297,0.384802619767358,-0.492848648315961,-1.01964582490166,0.999683225820846,"Truck Driver","Master's","High"
0.759063038034638,0.494558139045748,-0.990418682100815,-1.02667922531134,-0.530509367717364,0.983112823125163,-0.927618385332565,0.106420150822252,-0.186950993089425,0.313941432891803,1.32911467232086,1.28744319302172,-0.182323982492542,-1.68440405456418,-0.222110455052476,"Software Engineer","PhD","Medium"
1.12490236783021,-0.649634362795267,0.206745571905029,0.537621028822618,-1.66008243020649,0.531548776134522,-1.10117801836223,0.869371481939849,-0.570142469608121,0.768776897908346,-1.57247533809397,-0.309536282735995,0.714747274330666,-0.949671274410867,1.06950000758504,"Doctor","Bachelor's","Low"
-0.237813739308944,0.151300388493443,0.312377711964368,-0.50524580726669,1.28487591128302,0.357870296522737,-0.0945321467901593,0.695973452140395,-0.256622170638279,-1.01557761869501,-1.01313268548388,-1.6982140877427,-0.69986509219824,0.869667038349728,1.03459161670294,"Construction Worker","Bachelor's","High"
0.0128502039796238,-0.191957362058861,1.61517410602955,0.016187610777964,-0.89358642351744,0.739962951668664,0.77326601835818,-1.41948251141294,-0.988169534901244,-1.68033714448842,0.769772019710775,-0.552554898612168,0.990769199507038,-0.56481124671151,1.13931678934923,"Research Scientist","PhD","Low"
1.01241421437518,-1.67940761445218,-1.16647224886638,-0.540008035136334,-0.167432311917287,-0.510522101536188,0.912113724781914,-1.38480290545305,-0.535306880833694,1.22361236292489,-1.50255750651771,1.53046180889789,1.68082401244797,-1.43949312784641,-0.710827927401805,"Lawyer","Master's","Medium"
1.40911338179981,0.036881138309342,0.981381265673517,0.3638098894744,0.235986638971687,0.913641431280449,-1.30944957799783,1.14680832961898,0.718774315045675,0.313941432891803,1.36407358810899,0.697255125893867,-1.0448924986687,-0.249925769502946,-0.0126601097599064,"Chef","Bachelor's","Medium"
-0.309617762256735,0.380138888861646,1.57996339267644,-1.27001482039885,-1.13563779405082,0.0452490332215238,-1.62185691745124,1.45892478325799,1.20647255788765,0.104017372114937,-0.94321485390762,-1.31632769136586,-0.492848648315961,-0.844709448674679,0.0571566720042835,"Research Scientist","PhD","Low"
-0.579728026448266,-0.764053612979368,0.241956285258142,1.37191449769406,1.44624349163861,-0.0589580545455473,1.22452106423532,-0.101657484937093,1.27614373543651,-0.700691527529716,-1.29280401178893,1.25272624789655,0.300714386566108,1.35948889178527,1.55821747993436,"Truck Driver","PhD","High"
-0.598220813042465,0.265719638677545,-0.0397294215667625,1.26762781408513,-0.651535052984056,-0.163165142312618,-0.719346825696964,-1.38480290545305,0.89295225891781,0.0690300286521262,0.210429367100687,-0.309536282735995,-0.147821241845496,-1.33453130211022,0.615690926117802,"UX Researcher","Master's","Medium"
-0.0675934177051453,1.40991214051856,1.12222411908597,-1.02667922531134,1.00248264566074,0.531548776134522,1.22452106423532,-0.101657484937093,0.788445492594529,1.78340985832987,1.7136627459903,0.836122906394537,0.818255496271805,-0.879696723920075,1.17422518023132,"Truck Driver","PhD","High"
-0.251798909170807,-1.10731136353167,1.61517410602955,-1.44382595974707,-1.37768916458421,0.218927512833309,-0.302803706425761,-1.00332723989425,0.300747249752552,0.943713615222401,0.490100693405731,-0.934441294989012,0.783752755624759,-0.844709448674679,-1.09482022710485,"Teacher","PhD","Low"
1.34964751490784,1.63875064088676,1.19264554579219,-0.0533368449613233,0.0342771635272,-0.684200581147973,-0.0251082935782921,-1.28076408757338,1.58966403440635,1.08366298907365,0.594977440770123,0.141784003891185,0.990769199507038,-0.0400021180305694,-0.67591953651971,"Software Engineer","High School","Medium"
-1.17441559034706,-0.420795862427064,0.523641992083047,1.51096340917264,-0.570851262806261,-1.10102893221626,-0.233379853213894,1.07744911769919,-0.744320413480256,-0.84064090138096,0.42018286182947,0.141784003891185,-1.52793086772735,-1.47448040309181,0.510965753471518,"Software Engineer","Bachelor's","Medium"
-1.07160725487493,0.036881138309342,1.65038481938266,0.641907712431549,-0.812902633339646,-0.0589580545455473,-0.302803706425761,-1.35012329949316,1.45032167930864,1.11865033253646,-0.94321485390762,-0.830290459613509,-1.63143908966849,-0.704760347693095,0.301515408178948,"HR Specialist","High School","Low"
-0.972179631952049,1.52433139070266,-1.09605082216015,1.40667672556371,-0.490167472628466,-1.62206437105161,-1.65656884405717,0.418536604461269,0.544596371173541,-0.630716840604094,-0.628584611814446,-0.552554898612168,0.611239052389526,-1.5444549535826,1.52330908905227,"Financial Analyst","PhD","Medium"
0.441102688530616,-0.535215112611165,1.756016959442,-1.13096590892028,0.437696114416174,-0.962086148526829,-1.44829728442157,1.28552675345854,1.24130814666208,-0.315830749438795,0.699854188134514,0.21121789414152,1.19778564338932,-0.634785797202302,0.0920650628863784,"Marketing Manager","Master's","Medium"
0.866581255092478,-1.56498836426808,-0.532679408510346,1.37191449769406,-0.530509367717364,-1.20523601998333,0.28729904587511,0.557255028300832,-1.09267630122453,-0.350818092901606,1.57382708283778,-0.865007404738677,0.57673631174248,0.834679763104332,-0.152293673288286,"Data Scientist","PhD","Medium"
1.5090322193666,1.29549289033446,0.840538412261064,-0.122861300700611,1.36555970146081,0.67049155982395,0.322010972481044,1.32020635941843,-0.500471292059267,-0.665704184066905,-1.01313268548388,-1.5940632523672,-1.59693634902145,1.28951434129448,0.650599316999897,"Construction Worker","Bachelor's","High"
-0.480127033651068,0.380138888861646,0.382799138670594,1.23286558621549,-0.0464066266505949,1.29573408642638,-0.476363339455429,1.49360438921788,0.683938726271249,-0.805653557918149,0.210429367100687,0.107067058766017,-1.25190894255098,0.309870634423391,-0.641011145637615,"Marketing Manager","PhD","Medium"
-0.33513202876092,-0.535215112611165,1.57996339267644,0.502858800952974,-0.933928318606338,0.635755863901593,-0.476363339455429,0.03706093890247,0.614267548722395,1.64346048447862,-0.873297022331359,1.28744319302172,1.43930482791864,0.58976883638656,1.52330908905227,"Research Scientist","High School","Low"
0.881086534577304,-0.306376612242962,1.57996339267644,0.711432168170836,0.841115065305148,1.4346768701158,-0.0598202201842257,-0.136337090896984,0.231076072203698,-1.19051433600907,-0.104200874992488,1.14857541252105,-1.66594183031554,-0.809722173429283,-1.72317126298256,"Retail Worker","Master's","High"
-1.60888049539454,1.18107364015036,0.805327698907951,1.05905444686727,-0.853244528428543,0.392605992445094,-0.858194532120698,1.45892478325799,0.962623436466664,0.278954089428992,0.699854188134514,1.46102791864756,0.714747274330666,-0.459849420975322,0.755324489646182,"AI Engineer","High School","Low"
1.44609895498821,-1.22173061371577,-0.391836555097893,-0.296672440048828,-1.66008243020649,-1.65680006697397,-1.2747376513919,0.522575422340941,1.03229461401552,1.74842251486705,-0.523707864450054,0.35008567464219,1.50831030921273,-1.15959492588324,0.790232880528277,"Research Scientist","PhD","Low"
-1.17285526147817,-0.992892113347571,-1.44815795569129,1.26762781408513,1.6076110719942,-1.62206437105161,-1.41358535781563,-1.55820093525251,-0.604978058382548,0.0690300286521262,0.105552619736295,-0.795573514488342,1.4048020872716,-0.459849420975322,-1.54862930857208,"Truck Driver","Bachelor's","High"
1.47297128550791,-0.0775381118747595,0.10111343184569,-0.296672440048828,1.08316643583853,-1.27470741182804,1.12038528441752,1.73636163093712,-0.604978058382548,-0.385805436364417,0.42018286182947,0.766689016144202,-0.389340426374821,1.39447616703067,0.231698626414758,"Retail Worker","Master's","High"
-0.268644681958961,0.837815889598052,0.523641992083047,1.58048786491193,0.478038009505071,-1.58732867512926,-0.580499119273229,-0.101657484937093,-0.674649235931402,0.733789554445535,1.15432009338021,0.80140596126937,1.68082401244797,-0.809722173429283,1.3138587437597,"Software Engineer","Bachelor's","Medium"
0.90316229857413,0.837815889598052,-0.497468695157232,0.815718851779767,-0.651535052984056,1.01784851904752,0.113739412845442,-0.725890392215128,0.544596371173541,0.523865493668669,-1.01313268548388,-1.62878019749237,-0.251329463786635,0.239896083932599,1.3487671346418,"Mechanic","Bachelor's","Medium"
1.34438862872012,1.06665438996625,0.10111343184569,0.885243307519054,-1.37768916458421,0.878905735358092,-1.03175416515037,-0.448453544536001,0.44008960485026,-1.64534980102561,0.769772019710775,1.18329235764621,-0.354837685727775,-0.179951219012154,1.24404196199551,"AI Engineer","Bachelor's","Low"
0.750134489507126,-1.56498836426808,-0.743943688629024,-0.609532490875621,0.276328534060584,0.218927512833309,-1.1706018715741,-0.656531180295346,1.38065050175979,0.698802210982724,1.7136627459903,0.94027374177004,1.50831030921273,-0.984658549656263,0.964774834938751,"Marketing Manager","Master's","Medium"
0.131059563287235,0.837815889598052,0.594063418789273,-0.088099072830967,-0.248116102095082,1.26099839050402,1.22452106423532,-1.66223975313218,0.370418427301406,-0.420792779827228,-0.27899545393314,1.14857541252105,-0.665362351551193,1.53442526801225,-1.09482022710485,"Mechanic","Master's","Medium"
-1.38141922028588,-1.33614986389988,0.594063418789273,-0.852868085963126,1.12350833092743,1.15679130273695,0.912113724781914,-0.587171968375564,0.0917337171059909,-1.50540042717437,-1.01313268548388,-0.0318007217346536,-1.42442264578622,1.18455251555829,0.790232880528277,"Retail Worker","Master's","High"
1.5931166084121,-0.649634362795267,0.206745571905029,0.329047661604757,1.16385022601633,-0.753671972992687,-0.788770678908831,-1.14204566373382,-0.604978058382548,-1.01557761869501,0.455141777617601,0.245934839266687,-0.423843167021868,-0.599798521956906,-0.885369881812279,"Truck Driver","High School","High"
1.6847714819696,1.63875064088676,1.4743312526171,0.676669940301192,0.397354219327277,1.15679130273695,-0.511075266061362,-1.52352132929262,0.405254016075833,-1.05056496215783,0.245388282888817,0.836122906394537,0.956266458859991,-0.704760347693095,0.0571566720042835,"Graphic Designer","Master's","Medium"
1.2551609334031,-0.306376612242962,1.12222411908597,0.920005535388698,-0.812902633339646,-1.69153576289633,-0.19866792660796,-0.8299292100948,-1.33652542264551,1.46852376716457,1.74862166177843,-1.10802602061485,-1.59693634902145,-0.774734898183887,1.17422518023132,"Research Scientist","Master's","Low"
-0.994919980467104,1.29549289033446,-1.55379009575062,-1.548112643356,-0.12709041682839,1.50414826196052,-0.719346825696964,-0.240375908776656,-1.40619660019437,-0.000944658273495871,0.699854188134514,-0.795573514488342,-0.69986509219824,1.18455251555829,-1.68826287210046,"UX Researcher","Master's","Medium"
1.58788661720343,-0.0775381118747595,-0.391836555097893,-0.679056946614908,0.235986638971687,1.15679130273695,0.217875192663243,-1.62756014717229,-0.152115404314998,-0.105906688661929,0.140511535524426,0.593104290518364,-1.66594183031554,-0.00501484278517327,0.336423799061043,"Software Engineer","PhD","Medium"
-1.70079542376352,0.380138888861646,0.594063418789273,-0.922392541702414,-1.4987148498509,1.60835534972759,-0.511075266061362,-0.517812756455783,0.335582838526979,1.67844782794143,1.67870383020217,0.280651784391855,-1.73494731160963,1.39447616703067,0.266607017296853,"Nurse","Master's","Low"
-1.15618285856434,1.29549289033446,1.40390982591087,-0.783343630223839,-0.369141787361774,-0.684200581147973,0.391434825692911,-0.205696302816766,0.788445492594529,1.39854908023894,0.594977440770123,-1.03859213036452,1.47380756856569,-0.844709448674679,-1.19954539975113,"Software Engineer","Bachelor's","Medium"
-1.53453371429004,0.036881138309342,0.206745571905029,-1.33953927613814,-0.570851262806261,-0.684200581147973,-0.754058752302897,0.349177392541487,1.10196579156437,0.943713615222401,-0.838338106543229,-0.865007404738677,1.61181853115387,-1.71939132980958,1.3487671346418,"Mechanic","High School","Medium"
0.951821443300118,1.18107364015036,1.57996339267644,-0.540008035136334,-0.0867485217394923,0.739962951668664,0.322010972481044,-0.621851574335455,0.161404894654845,0.838751584833968,-1.6074342538821,-1.6982140877427,-0.147821241845496,-1.29954402686483,0.580782535235707,"Lawyer","Master's","Medium"
-1.44741535244393,-1.56498836426808,-0.250993701685441,-1.02667922531134,0.0746190586160974,-1.3094431077504,-1.65656884405717,-1.55820093525251,1.55482844563192,-1.22550167947188,0.734813103922645,-1.48991241699169,-1.35541716449212,0.0299724324602228,-0.117385282406191,"Chef","PhD","Medium"
-0.262692316273953,1.29549289033446,1.54475267932333,0.989529991127985,1.40590159654971,-0.163165142312618,-0.476363339455429,1.56296360113766,0.335582838526979,0.313941432891803,-0.94321485390762,-1.55934630724203,1.54281304985978,-0.669773072447699,-0.187202064170381,"Construction Worker","Bachelor's","High"
0.259526640158817,0.151300388493443,1.19264554579219,-1.61763709909529,0.518379904593969,-1.23997171590569,1.36336877065905,0.800012270020067,-1.19718306754781,0.278954089428992,-0.663543527602576,-1.10802602061485,1.23228838403636,-0.354887595239134,-0.326835627698761,"UX Researcher","High School","Medium"
1.49036606289808,-0.420795862427064,-0.427047268451006,1.30239004195478,-0.207774207006184,1.57361965380523,1.57164033029465,-1.24608448161349,-1.12751188999895,1.29358704985051,-0.383872201297532,-1.73293103286787,-0.803373314139379,0.344857909668787,1.06950000758504,"Financial Analyst","High School","Medium"
1.61114707534145,0.837815889598052,-1.37773652898506,1.476201181303,1.5672691769053,0.32313460060038,0.946825651387848,-0.240375908776656,0.89295225891781,-0.420792779827228,-0.90825593811949,0.80140596126937,-0.285832204433682,1.67437436899384,-0.501377582109235,"Retail Worker","Master's","High"
-1.09348075401838,-0.87847286316347,1.50954196597021,-0.88763031383277,-1.01461210878413,-0.232636534157332,1.46750455047685,-0.171016696856875,0.823281081368956,-0.0709193451991179,-0.94321485390762,-1.03859213036452,-0.251329463786635,0.904654313595124,0.406240580825233,"Nurse","Bachelor's","Low"
-1.69839714050209,1.18107364015036,-0.779154401982137,-0.0533368449613233,0.841115065305148,1.12205560681459,1.71048803671839,-0.309735120696438,-1.71971689916421,-1.12053964908345,0.525059609193862,0.384802619767358,0.990769199507038,-0.879696723920075,0.929866444056657,"Retail Worker","Master's","High"
1.54292602979628,0.837815889598052,-0.638311548569685,0.189998750126182,0.96214075057184,-0.163165142312618,1.32865684405312,-0.275055514736547,1.17163696911323,0.348928776354614,-1.08305051706014,0.280651784391855,0.0246924613897364,-0.354887595239134,-1.30427057239742,"Retail Worker","Master's","High"
0.971527819014562,-1.10731136353167,-1.51857938239751,-1.37430150400778,-0.12709041682839,-0.649464885225616,1.50221647708279,-0.41377393857611,0.89295225891781,0.139004715577748,0.699854188134514,-0.830290459613509,1.50831030921273,0.099946982951015,1.17422518023132,"Marketing Manager","High School","Medium"
1.37984276801868,-0.87847286316347,-1.41294724233817,0.607145484561905,-1.82145001056208,-0.0589580545455473,-1.0664660917563,0.45321621042116,1.6593352119552,-0.105906688661929,1.11936117759208,0.0376331685156818,-0.00981027925731013,1.49943799276686,1.38367552552389,"Research Scientist","Master's","Low"
-1.30028211910383,1.29549289033446,-1.34252581563195,-0.679056946614908,1.76897865234979,0.462077384289808,0.18316326605731,0.730653058100286,-0.291457759412706,0.943713615222401,-0.383872201297532,1.14857541252105,-0.803373314139379,-0.774734898183887,0.0920650628863784,"Customer Support","Bachelor's","High"
-1.02800473148329,-0.87847286316347,0.523641992083047,-0.470483579397047,-1.5793986400287,-0.0936937504679043,0.217875192663243,-1.24608448161349,0.196240483429272,-0.595729497141283,-0.383872201297532,-0.760856569363174,1.47380756856569,0.624756111631956,-0.81555310004809,"Nurse","Master's","Low"
-0.250672004987723,0.036881138309342,1.22785625914531,-0.331434667918472,1.6479529670831,-1.20523601998333,1.12038528441752,0.141099756782142,-0.988169534901244,-0.280843405975984,1.7136627459903,0.974990686895208,0.266211645919061,-1.33453130211022,-0.257018845934571,"Security Guard","Bachelor's","High"
0.829451207008811,-0.191957362058861,-1.51857938239751,0.155236522256539,0.639405589860661,0.635755863901593,-0.858194532120698,0.245138574661815,1.51999285685749,0.803764241371157,0.664895272346384,1.63461264427339,1.02527194015408,-1.26455675161943,-0.501377582109235,"Graphic Designer","PhD","Medium"
1.05179807082501,1.52433139070266,-0.0397294215667625,-1.33953927613814,-1.37768916458421,0.705227255746307,1.74519996332432,-0.621851574335455,0.022062539557137,1.36356173677613,-0.488748948661924,-1.35104463649102,1.54281304985978,-0.0400021180305694,0.0222482811221885,"Nurse","Master's","Low"
0.126956476261647,-0.535215112611165,-1.7650543758693,1.51096340917264,-0.248116102095082,-0.336843621924403,-1.13588994496817,-0.41377393857611,1.03229461401552,1.08366298907365,1.53886816704965,-0.344253227861162,0.714747274330666,0.0299724324602228,1.06950000758504,"Data Scientist","PhD","Medium"
0.468003914029366,-1.67940761445218,-0.462257981804119,-0.540008035136334,1.04282454074964,0.288398904678023,1.60635225690059,-1.03800684585414,-1.40619660019437,-1.2954763663975,0.979525514439559,-0.517837953487001,-0.975887017374611,-0.529823971466114,0.545874144353612,"Truck Driver","Bachelor's","High"
-1.25954019863848,0.494558139045748,0.840538412261064,-0.540008035136334,-1.37768916458421,-1.37891449959511,-1.4830092110275,-0.136337090896984,-0.709484824705829,0.418903463280236,-1.6074342538821,-1.31632769136586,1.26679112468341,0.239896083932599,0.755324489646182,"Teacher","Bachelor's","Low"
1.09557396409097,-0.306376612242962,-0.145361561626102,0.920005535388698,1.32521780637192,-0.962086148526829,-0.545787192667296,-0.0322982730173117,-0.639813647156975,-0.525754810215661,-0.558666780238185,-1.31632769136586,-1.45892538643326,-1.579442228828,-1.33917896327951,"Construction Worker","High School","High"
0.534346785936058,-1.45056911408398,0.312377711964368,-1.06144145318099,1.68829486217199,1.08731991089223,0.0790274862395087,0.765332664060177,-0.46563570328484,-1.57537511409999,1.39903250389712,-1.28161074624069,1.54281304985978,0.239896083932599,-0.641011145637615,"Security Guard","Master's","High"
-0.386796251308466,1.40991214051856,-0.0045187082136494,-1.65239932696493,-1.458372954762,0.844170039435735,0.0443155596335751,-0.899288422014582,-0.570142469608121,1.29358704985051,0.105552619736295,0.107067058766017,1.57731579050683,-0.634785797202302,-0.0475685006420014,"AI Engineer","PhD","Low"
-0.840736372237963,0.494558139045748,0.91095983896729,-0.783343630223839,-0.570851262806261,0.705227255746307,-0.823482605514764,1.45892478325799,-1.30168983387109,-0.595729497141283,-1.57247533809397,0.697255125893867,1.3357966059775,0.484807010650372,1.55821747993436,"HR Specialist","Master's","Medium"
1.38469712449966,-1.45056911408398,-1.44815795569129,1.19810335834585,0.558721799682866,1.15679130273695,1.05096143120565,-0.483133150495892,-0.988169534901244,1.53849845409019,-0.663543527602576,-0.344253227861162,0.680244533683619,-0.739747622938491,1.13931678934923,"Financial Analyst","High School","Medium"
1.67301122549486,-1.33614986389988,1.01659197902663,0.3638098894744,0.114960953704995,-0.128429446390261,-0.754058752302897,-0.136337090896984,-0.186950993089425,0.313941432891803,-0.768420274966968,-1.45519547186653,-1.21740620190394,0.694730662122748,-1.65335448121837,"Graphic Designer","PhD","Medium"
-1.2584710844135,1.06665438996625,0.418009852023707,-0.0533368449613233,-0.167432311917287,1.71256243749466,1.12038528441752,-0.240375908776656,0.788445492594529,-0.770666214455338,-1.39768075915332,-0.517837953487001,-0.354837685727775,-1.68440405456418,1.10440839846713,"Mechanic","PhD","Medium"
-1.52852355864693,0.380138888861646,0.277166998611255,-1.47858818761671,-1.66008243020649,1.36520547827109,0.391434825692911,1.56296360113766,1.72900638950406,-0.420792779827228,-0.698502443390707,1.25272624789655,1.71532675309501,0.449819735404976,1.06950000758504,"AI Engineer","Bachelor's","Low"
-0.774855819996127,1.40991214051856,-0.497468695157232,0.25952320586547,1.6479529670831,0.67049155982395,-1.65656884405717,-0.552492362415673,-1.26685424509666,-0.910615588306582,1.43399141968526,-1.5940632523672,-0.975887017374611,-0.669773072447699,0.441148971707328,"Retail Worker","Master's","High"
-0.0336129223383032,-0.87847286316347,-0.990418682100815,-1.16572813678992,-1.5793986400287,0.0105133372991668,-0.788770678908831,1.56296360113766,-0.152115404314998,-1.50540042717437,0.804730935498906,-0.587271843737336,0.507730830448387,-0.774734898183887,0.266607017296853,"Research Scientist","Bachelor's","Low"
1.6670877547889,0.952235139782153,1.50954196597021,-0.818105858093483,-0.288457997183979,-0.128429446390261,1.50221647708279,1.38956557133821,-1.44103218896879,-1.26048902293469,0.000675872371903821,-1.35104463649102,-0.527351388963007,-1.22956947637404,0.510965753471518,"Lawyer","PhD","Medium"
-1.46420333527398,-1.33614986389988,1.756016959442,-0.400959123657759,0.155302848793892,1.26099839050402,-1.30944957799783,0.661293846180504,-0.326293348187133,-0.980590275232204,-0.348913285509401,-1.45519547186653,0.680244533683619,-0.879696723920075,-0.641011145637615,"Lawyer","High School","Medium"
0.526487351633523,1.18107364015036,1.26306697249842,-0.0185746170916797,0.114960953704995,0.253663208755666,-0.302803706425761,-1.07268645181404,0.858116670143383,-1.26048902293469,-1.39768075915332,0.731972071019034,-1.01038975802166,-0.669773072447699,-0.0475685006420014,"Data Scientist","Master's","Medium"
-0.413090682247093,0.380138888861646,0.734906272201725,0.433334345213688,1.44624349163861,0.739962951668664,-0.719346825696964,-0.621851574335455,-0.221786581863852,-0.630716840604094,1.67870383020217,1.07914152227071,-1.18290346125689,-1.71939132980958,-1.58353769945418,"Security Guard","PhD","High"
0.0685019336365437,-0.992892113347571,-1.37773652898506,0.120474294386895,0.558721799682866,0.844170039435735,-0.962330311938498,-0.344414726656329,0.022062539557137,1.11865033253646,1.18927900916834,1.42631097352239,0.0246924613897364,0.659743386877352,-1.33917896327951,"Software Engineer","Bachelor's","Medium"
-0.244112844742593,-0.535215112611165,-0.884786542041476,-0.227147984309541,0.19564474388279,-0.823143364837401,-1.55243306423937,-1.69691935909207,-1.68488131038978,-1.68033714448842,-1.36272184336519,-0.899724349863845,-0.975887017374611,1.70936164423923,-0.641011145637615,"Graphic Designer","PhD","Medium"
-0.487524148288748,0.494558139045748,0.171534858551916,1.26762781408513,-1.13563779405082,-0.684200581147973,0.217875192663243,0.730653058100286,0.788445492594529,0.628827524057102,1.29415575653273,1.28744319302172,0.266211645919061,-0.249925769502946,0.510965753471518,"Research Scientist","PhD","Low"
-1.0688911268439,0.151300388493443,-1.72984366251619,1.7195367763905,-0.530509367717364,-0.0936937504679043,1.29394491744718,-0.933968027974472,-0.0824442267661439,-1.26048902293469,-0.348913285509401,-1.10802602061485,-0.492848648315961,-0.459849420975322,1.73275943434484,"Data Scientist","PhD","Medium"
-1.58972312428211,-1.10731136353167,-1.37773652898506,0.815718851779767,-0.732218843161851,-1.62206437105161,-1.34416150460377,1.63232281305745,1.51999285685749,-1.05056496215783,-1.18792726442453,-0.899724349863845,0.0591952020367829,0.239896083932599,-0.955186663576469,"Graphic Designer","Bachelor's","Medium"
-1.65675947568608,0.036881138309342,-0.673522261922798,1.476201181303,0.235986638971687,-0.197900838234975,1.01624950459972,1.11212872365908,-0.744320413480256,-0.525754810215661,1.53886816704965,-1.17745991086519,-1.59693634902145,-0.179951219012154,1.06950000758504,"UX Researcher","Master's","Medium"
-1.63855563888242,0.265719638677545,1.4743312526171,0.120474294386895,-0.651535052984056,0.32313460060038,0.981537577993782,-1.41948251141294,-1.16234747877338,-1.68033714448842,0.315306114465078,1.35687708327205,0.57673631174248,1.67437436899384,-1.51372091768999,"HR Specialist","PhD","Medium"
0.328441165201264,-0.0775381118747595,1.08701340573286,-0.644294718745265,0.760431275127353,-0.71893627707033,1.36336877065905,1.32020635941843,0.89295225891781,0.243966745966181,-1.32776292757706,0.107067058766017,-0.492848648315961,1.00961613933131,0.929866444056657,"Financial Analyst","Bachelor's","Medium"
1.13232837744694,1.06665438996625,0.734906272201725,-0.0533368449613233,-1.21632158422862,1.71256243749466,0.356722899086977,1.00808990577941,0.788445492594529,0.733789554445535,0.769772019710775,-0.170668502235324,-0.11331850119845,-0.109976668521362,-1.61844609033627,"Doctor","Master's","Low"
-0.849462655912101,-0.420795862427064,-1.23689367557261,1.37191449769406,-0.369141787361774,-1.23997171590569,-1.30944957799783,0.695973452140395,-1.71971689916421,-0.0709193451991179,-1.32776292757706,1.21800930277138,1.57731579050683,1.60439981850305,-0.187202064170381,"Data Scientist","Master's","Medium"
0.0331922692332435,-1.56498836426808,0.347588425317481,-0.50524580726669,-1.37768916458421,-1.51785728328454,1.05096143120565,-0.899288422014582,-0.152115404314998,-0.0359320017363069,0.210429367100687,1.11385846739588,0.645741793036573,0.554781561141164,0.126973453768473,"Teacher","High School","Low"
-0.661587502106653,-0.420795862427064,-0.35662584174478,1.61525009278157,0.80077317021625,0.809434343513378,-0.927618385332565,-1.38480290545305,-0.326293348187133,1.29358704985051,0.769772019710775,1.32216013814688,0.404222608507248,-1.29954402686483,-1.33917896327951,"Software Engineer","Master's","Medium"
-0.205191307957613,-0.420795862427064,-0.919997255394589,0.815718851779767,0.276328534060584,-0.614729189303259,-1.10117801836223,-1.38480290545305,0.823281081368956,-0.14089403212474,-0.628584611814446,1.25272624789655,0.300714386566108,0.0649597077056189,0.860049662292467,"Software Engineer","PhD","Medium"
-1.60740685146281,0.952235139782153,0.664484845495499,-0.192385756439898,-0.207774207006184,0.948377127202806,0.0790274862395087,0.695973452140395,1.34581491298536,1.50351111062738,-0.768420274966968,-1.07330907548968,-0.837876054786425,0.869667038349728,-0.431560800345046,"Chef","Master's","Medium"
0.632329659906263,-0.87847286316347,-1.41294724233817,-0.574770263005978,-0.611193157895159,-1.17050032406097,0.634418311934446,-1.66223975313218,-1.33652542264551,1.22361236292489,1.18927900916834,-0.587271843737336,-1.42442264578622,0.694730662122748,-0.46646919122714,"Marketing Manager","PhD","Medium"
1.25654789239767,1.29549289033446,-1.20168296221949,-1.23525259252921,0.155302848793892,1.39994117419345,1.01624950459972,0.175779362742033,-0.291457759412706,0.453890806743047,-0.209077622356879,-0.865007404738677,0.611239052389526,1.28951434129448,-0.431560800345046,"Software Engineer","Master's","Medium"
0.301597729660621,-0.535215112611165,-0.250993701685441,-0.331434667918472,-1.78110811547318,0.705227255746307,1.08567335781158,0.557255028300832,-1.23201865632223,-1.36545105332312,0.245388282888817,-0.344253227861162,-0.251329463786635,1.63938709374844,0.790232880528277,"AI Engineer","High School","Low"
0.0285401776056402,-0.992892113347571,-1.69463294916308,-1.61763709909529,0.276328534060584,1.1915269986593,0.738554091752246,-0.309735120696438,-1.65004572161536,1.67844782794143,1.7136627459903,0.176500949016352,-1.49342812708031,0.134934258196411,1.38367552552389,"UX Researcher","Master's","Medium"
1.18231669120939,-1.22173061371577,0.770116985554838,-1.44382595974707,-1.70042432529539,-1.27470741182804,1.39808069726498,0.106420150822252,0.997459025241091,-1.2954763663975,1.50390925126152,1.11385846739588,-0.975887017374611,1.28951434129448,-0.81555310004809,"AI Engineer","High School","Low"
0.470517777207015,0.837815889598052,1.19264554579219,-1.13096590892028,0.881456960394045,-0.336843621924403,0.28729904587511,1.21616754153876,1.62449962318078,-0.175881375587551,-1.53751642230584,0.870839851519705,0.231708905272015,-0.179951219012154,-0.641011145637615,"Customer Support","Bachelor's","High"
0.53772749848531,-1.67940761445218,-0.567890121863458,0.920005535388698,-1.25666347931752,1.33046978234873,0.148451339451376,-0.899288422014582,1.20647255788765,0.243966745966181,-1.01313268548388,0.419519564892526,-0.492848648315961,1.18455251555829,-0.152293673288286,"Doctor","Master's","Low"
-1.60084769121768,-0.191957362058861,-1.41294724233817,-0.331434667918472,0.760431275127353,1.08731991089223,-1.1706018715741,-0.760569998175018,-0.604978058382548,0.55885283713148,0.909607682863297,0.870839851519705,0.0246924613897364,1.07959068982211,-0.187202064170381,"Marketing Manager","PhD","Medium"
-0.509108697641665,1.29549289033446,0.206745571905029,1.58048786491193,1.6076110719942,0.288398904678023,0.530282532116645,1.49360438921788,-0.256622170638279,-0.560742153678472,1.67870383020217,1.25272624789655,-0.630859610904147,-0.144963943766757,-0.257018845934571,"Truck Driver","PhD","High"
0.43289651447944,-0.992892113347571,1.61517410602955,-0.331434667918472,0.599063694771764,-1.0662932362939,0.18316326605731,-1.66223975313218,0.89295225891781,0.313941432891803,0.455141777617601,-1.55934630724203,-1.01038975802166,-1.5094676783372,-0.710827927401805,"Graphic Designer","Master's","Medium"
-1.56299526865768,0.608977389229849,-0.215782988332328,-0.852868085963126,1.5672691769053,0.462077384289808,0.946825651387848,-0.621851574335455,0.823281081368956,1.29358704985051,-0.523707864450054,-0.552554898612168,1.37029934662455,-1.579442228828,-0.501377582109235,"Construction Worker","Bachelor's","High"
0.785155204119892,1.40991214051856,-1.65942223580996,-1.33953927613814,-1.37768916458421,0.67049155982395,-0.719346825696964,1.21616754153876,-0.221786581863852,1.67844782794143,1.57382708283778,0.94027374177004,1.47380756856569,0.729717937368144,1.41858391640599,"Research Scientist","Bachelor's","Low"
1.20401682047852,-0.306376612242962,-0.532679408510346,0.885243307519054,-1.37768916458421,1.1915269986593,1.32865684405312,-0.691210786255237,1.10196579156437,-1.19051433600907,-0.593625696026315,0.0723501136408495,-0.941384276727565,0.274883359177995,0.301515408178948,"AI Engineer","Bachelor's","Low"
1.29203092667529,0.952235139782153,1.05180269237974,0.468096573083331,-0.288457997183979,-0.927350452604472,1.32865684405312,1.18148793557887,-0.953333946126817,-1.57537511409999,1.04944334601582,0.419519564892526,-1.38991990513917,0.309870634423391,-0.152293673288286,"Software Engineer","Bachelor's","Medium"
0.0465995395140384,0.608977389229849,-1.02562939545393,-0.157623528570254,-1.66008243020649,1.60835534972759,0.981537577993782,0.834691875979958,0.649103137496822,-0.245856062513173,1.46895033547339,-1.48991241699169,1.02527194015408,-0.984658549656263,-0.60610275475552,"AI Engineer","PhD","Low"
0.834623408259377,-0.992892113347571,0.981381265673517,1.19810335834585,1.40590159654971,-0.336843621924403,1.57164033029465,-0.864608816054691,1.03229461401552,0.418903463280236,-0.418831117085662,-1.73293103286787,-0.182323982492542,-0.774734898183887,-1.37408735416161,"Truck Driver","Bachelor's","High"
1.29801218733935,0.952235139782153,-0.532679408510346,0.398572117344044,-0.974270213695235,-1.10102893221626,-0.268091779819827,-0.37909433261622,0.022062539557137,1.11865033253646,0.175470451312557,1.21800930277138,0.0591952020367829,0.344857909668787,-0.187202064170381,"Teacher","Bachelor's","Low"
-0.973942225674309,0.380138888861646,1.4743312526171,0.502858800952974,0.518379904593969,-1.51785728328454,1.43279262387092,-1.07268645181404,-0.848827179803536,-1.54038777063718,1.64374491441404,1.21800930277138,1.4048020872716,1.21953979080369,-0.0475685006420014,"Lawyer","Bachelor's","Medium"
-0.51595680767733,1.18107364015036,1.65038481938266,0.016187610777964,0.96214075057184,0.566284472056879,1.67577611011245,1.28552675345854,1.24130814666208,1.53849845409019,1.36407358810899,0.974990686895208,0.749250014977712,-0.844709448674679,0.441148971707328,"Security Guard","High School","High"
-1.18892086983188,0.380138888861646,1.26306697249842,-0.0185746170916797,-1.70042432529539,-1.72627145881868,0.634418311934446,0.175779362742033,-0.604978058382548,-1.12053964908345,-0.104200874992488,-1.38576158161619,-0.561854129610054,-0.424862145729926,-0.0824768915240963,"Nurse","Bachelor's","Low"
-0.848393541687124,0.151300388493443,-0.849575828688363,1.23286558621549,-1.458372954762,-0.927350452604472,-1.10117801836223,-0.621851574335455,-1.51070336651765,-1.6103624575628,0.38522394604134,0.419519564892526,0.0936979426838294,0.904654313595124,-1.58353769945418,"AI Engineer","Master's","Low"
1.37559520609783,0.036881138309342,1.26306697249842,1.51096340917264,-0.651535052984056,-1.34417880367276,-1.62185691745124,-1.38480290545305,-1.02300512367567,1.67844782794143,0.594977440770123,0.974990686895208,0.956266458859991,0.134934258196411,1.06950000758504,"Chef","Master's","Medium"
-0.120124489624294,0.723396639413951,-0.673522261922798,0.224760977995826,1.32521780637192,1.12205560681459,1.67577611011245,-0.309735120696438,0.89295225891781,-1.36545105332312,0.979525514439559,-0.448404063236665,-1.59693634902145,-0.494836696220718,0.406240580825233,"Construction Worker","Bachelor's","High"
0.516720848713461,0.723396639413951,1.4743312526171,-1.44382595974707,0.679747484949559,0.739962951668664,-0.580499119273229,-0.37909433261622,0.823281081368956,0.383916119817425,0.594977440770123,-0.37897017298633,-0.0443130199043566,1.70936164423923,-0.990095054458564,"Software Engineer","Bachelor's","Medium"
-0.536038818119469,1.40991214051856,-0.743943688629024,0.954767763258342,1.5672691769053,-0.71893627707033,-1.44829728442157,-1.69691935909207,-0.256622170638279,-0.280843405975984,1.7136627459903,-0.101234611984989,-0.837876054786425,1.35948889178527,-0.0126601097599064,"Retail Worker","High School","High"
1.26596765556909,0.380138888861646,-1.41294724233817,-0.400959123657759,1.76897865234979,0.32313460060038,-0.545787192667296,0.45321621042116,1.41548609053421,-0.770666214455338,0.0356347881600344,1.59989569914823,-1.14840072060984,0.76470521261354,0.406240580825233,"Customer Support","Master's","High"
0.536196064595478,-0.992892113347571,-0.532679408510346,-0.644294718745265,1.48658538672751,-0.962086148526829,-0.268091779819827,-1.07268645181404,-1.71971689916421,1.67844782794143,-0.24403653814501,1.63461264427339,-1.25190894255098,0.309870634423391,-1.02500344534066,"Construction Worker","Master's","High"
-1.15144408199957,1.63875064088676,0.277166998611255,0.711432168170836,1.44624349163861,-1.5525929792069,-1.3788734312097,-1.28076408757338,-1.44103218896879,-1.08555230562064,0.664895272346384,1.14857541252105,-0.320334945080728,0.659743386877352,-1.02500344534066,"Security Guard","Master's","High"
-0.0342197168984254,1.06665438996625,-0.532679408510346,1.23286558621549,1.76897865234979,1.26099839050402,-1.4830092110275,0.522575422340941,-1.33652542264551,-1.68033714448842,-1.57247533809397,1.46102791864756,1.4048020872716,-0.949671274410867,0.196790235532663,"Construction Worker","High School","High"
-0.3294975078455,-0.992892113347571,-0.0045187082136494,-0.366196895788116,-1.33734726949531,1.01784851904752,-0.0598202201842257,0.973410299819522,-0.256622170638279,-0.84064090138096,-0.593625696026315,-1.45519547186653,-0.00981027925731013,-1.22956947637404,1.10440839846713,"Doctor","Bachelor's","Low"
1.73819829823941,-0.306376612242962,0.946170552320403,1.58048786491193,0.558721799682866,1.57361965380523,0.252587119269176,-1.14204566373382,1.51999285685749,1.32857439331332,1.2591968407446,0.662538180768699,0.404222608507248,-1.71939132980958,0.894958053174562,"Lawyer","Master's","Medium"
-0.114316598834553,1.40991214051856,-0.849575828688363,0.189998750126182,-0.0867485217394923,-1.65680006697397,1.12038528441752,1.32020635941843,0.614267548722395,0.173992059040559,1.60878599862591,-1.31632769136586,0.818255496271805,-1.29954402686483,-0.396652409462951,"Lawyer","High School","Medium"
-1.12347374227585,-0.0775381118747595,0.840538412261064,-1.72192378270422,-1.5390567449398,0.149456120988595,0.113739412845442,0.48789581638105,-0.709484824705829,0.173992059040559,-1.08305051706014,-1.07330907548968,0.266211645919061,0.659743386877352,-1.30427057239742,"AI Engineer","High School","Low"
0.479157375943993,-0.420795862427064,0.241956285258142,-0.783343630223839,-0.167432311917287,-0.336843621924403,-1.10117801836223,-1.73159896505196,1.20647255788765,0.803764241371157,0.664895272346384,0.176500949016352,0.680244533683619,1.53442526801225,0.615690926117802,"HR Specialist","Bachelor's","Medium"
0.235399332649197,1.29549289033446,0.241956285258142,-0.192385756439898,0.0746190586160974,0.0799847291438808,1.25923299084125,0.522575422340941,-1.09267630122453,-1.50540042717437,-0.27899545393314,-1.66349714261753,-0.630859610904147,-0.459849420975322,-0.396652409462951,"HR Specialist","High School","Medium"
-0.421788070942178,0.265719638677545,-0.708732975275911,-0.783343630223839,-0.611193157895159,0.0452490332215238,-1.20531379818003,0.418536604461269,-1.19718306754781,0.313941432891803,1.15432009338021,-1.5940632523672,-0.285832204433682,-0.144963943766757,1.03459161670294,"Data Scientist","PhD","Medium"
0.782034546382121,0.723396639413951,0.241956285258142,1.02429221899763,-1.25666347931752,-0.475786405613831,-1.41358535781563,0.800012270020067,1.27614373543651,1.67844782794143,1.50390925126152,1.04442457714554,0.473228089801341,0.974628864085917,-0.222110455052476,"Doctor","PhD","Low"
0.659635415111761,0.723396639413951,-0.532679408510346,-0.574770263005978,-1.05495400387303,-0.163165142312618,-0.997042238544432,-1.03800684585414,1.24130814666208,0.663814867519913,0.175470451312557,-0.344253227861162,-0.251329463786635,-1.5444549535826,-0.152293673288286,"AI Engineer","Bachelor's","Low"
0.0509048913930005,0.265719638677545,-0.391836555097893,-0.400959123657759,-1.82145001056208,-0.128429446390261,-1.62185691745124,0.245138574661815,0.022062539557137,1.22361236292489,0.280347198676948,-0.621988788862503,0.0591952020367829,0.694730662122748,-1.4089957450437,"Nurse","Bachelor's","Low"
-0.367696670154144,0.837815889598052,1.4743312526171,-0.679056946614908,0.19564474388279,1.12205560681459,0.0443155596335751,0.765332664060177,-0.674649235931402,-0.630716840604094,0.594977440770123,0.731972071019034,1.50831030921273,-0.984658549656263,-0.0824768915240963,"Data Scientist","PhD","Medium"
1.41078929058491,-0.306376612242962,-1.4833686690444,-0.331434667918472,-1.458372954762,-0.788407668915044,-0.68463489909103,-0.483133150495892,1.69417080072963,1.01368830214802,-1.50255750651771,1.28744319302172,0.438725349154294,1.35948889178527,-0.53628597299133,"AI Engineer","Bachelor's","Low"
-0.374458095252648,0.380138888861646,1.40390982591087,-0.783343630223839,0.679747484949559,1.15679130273695,1.67577611011245,-0.621851574335455,-0.91849835735239,-0.560742153678472,1.57382708283778,-0.587271843737336,0.231708905272015,-0.354887595239134,-0.326835627698761,"Lawyer","Bachelor's","Medium"
0.671280091670296,0.608977389229849,0.136324145198803,1.23286558621549,-1.78110811547318,1.36520547827109,0.599706385328512,0.418536604461269,0.44008960485026,-0.665704184066905,-0.27899545393314,1.04442457714554,-0.665362351551193,-0.109976668521362,-1.65335448121837,"AI Engineer","Bachelor's","Low"
-0.806004607415732,-0.87847286316347,-0.286204415038554,0.120474294386895,-1.70042432529539,1.71256243749466,-0.68463489909103,0.45321621042116,0.265911660978125,1.04867564561083,-0.733461359178837,0.905556796644873,-0.423843167021868,-0.319900319993738,0.615690926117802,"AI Engineer","Bachelor's","Low"
0.0875437248327588,1.40991214051856,0.594063418789273,1.40667672556371,1.08316643583853,1.39994117419345,-1.2747376513919,0.557255028300832,0.161404894654845,-0.000944658273495871,-0.663543527602576,0.00291622339051411,-1.18290346125689,-0.459849420975322,-1.37408735416161,"Security Guard","High School","High"
-0.69501899287148,0.380138888861646,-1.41294724233817,-1.16572813678992,-0.691876948072953,-0.406315013769117,1.18980913762938,1.4242451772981,-1.51070336651765,0.488878150205858,0.629936356558253,0.107067058766017,0.57673631174248,-0.949671274410867,-0.0126601097599064,"HR Specialist","High School","Medium"
-0.882518511949234,1.52433139070266,-1.44815795569129,0.468096573083331,1.28487591128302,-0.753671972992687,-0.0945321467901593,0.973410299819522,1.03229461401552,0.55885283713148,-0.104200874992488,0.280651784391855,-0.389340426374821,-1.29954402686483,-0.361744018580856,"Retail Worker","PhD","High"
-0.868128812380622,0.151300388493443,1.40390982591087,1.30239004195478,-0.933928318606338,-0.788407668915044,-1.62185691745124,-0.8299292100948,-0.779156002254683,1.46852376716457,0.525059609193862,-1.45519547186653,-1.25190894255098,-1.19458220112864,0.476057362589423,"AI Engineer","Bachelor's","Low"
-1.53863680131563,0.723396639413951,1.26306697249842,1.54572563704228,-1.61974053511759,-0.649464885225616,-0.892906458726631,-0.483133150495892,1.41548609053421,0.313941432891803,0.839689851287036,-0.0318007217346536,-1.63143908966849,-1.5444549535826,0.161881844650568,"Teacher","High School","Low"
-0.658380159431722,-1.22173061371577,-0.990418682100815,0.780956623910123,0.478038009505071,-0.302107926002046,0.877401798175981,-0.344414726656329,0.614267548722395,0.943713615222401,1.7136627459903,-0.517837953487001,-0.320334945080728,-1.15959492588324,-1.02500344534066,"Graphic Designer","High School","Medium"
-1.08128707285783,-0.87847286316347,0.277166998611255,-1.47858818761671,-0.732218843161851,-1.51785728328454,1.53692840368872,1.21616754153876,1.17163696911323,1.50351111062738,0.0356347881600344,-0.865007404738677,-0.354837685727775,0.76470521261354,1.3487671346418,"Data Scientist","Bachelor's","Medium"
-1.4900643415268,-0.535215112611165,-0.180572274979215,-0.50524580726669,1.6479529670831,0.913641431280449,-0.615211045879163,-1.38480290545305,-1.51070336651765,-1.40043839678594,0.280347198676948,-1.55934630724203,-0.561854129610054,0.869667038349728,-0.710827927401805,"Retail Worker","Bachelor's","High"
-1.41652661983581,-0.87847286316347,0.875749125614177,-0.852868085963126,1.5269272818164,0.878905735358092,-0.337515633031694,-1.00332723989425,0.0568981283315639,1.50351111062738,0.490100693405731,-1.14274296574002,0.611239052389526,-0.249925769502946,0.336423799061043,"Security Guard","High School","High"
1.35317270235236,-0.649634362795267,0.0306920051394637,1.09381667473692,0.357012324238379,0.427341688367451,-1.20531379818003,1.18148793557887,1.51999285685749,-1.22550167947188,-0.0342830434162267,-0.830290459613509,0.852758236918852,0.76470521261354,-1.23445379063323,"Data Scientist","PhD","Medium"
-0.0882822227074063,-0.535215112611165,-1.13126153551327,1.05905444686727,-0.0867485217394923,-0.579993493380902,-1.1706018715741,-1.14204566373382,0.544596371173541,0.20897940250337,-1.32776292757706,-1.35104463649102,-1.49342812708031,0.834679763104332,0.755324489646182,"Mechanic","Bachelor's","Medium"
0.80942698652478,-0.420795862427064,0.206745571905029,-1.44382595974707,-0.89358642351744,1.4346768701158,0.703842165146313,1.49360438921788,1.06713020278995,1.18862501946208,0.245388282888817,-0.656705733987671,-0.975887017374611,-0.599798521956906,0.476057362589423,"Nurse","High School","Low"
0.59144326454565,-0.764053612979368,-0.849575828688363,-0.088099072830967,-0.449825577539569,0.32313460060038,1.46750455047685,0.869371481939849,0.579431959947968,0.313941432891803,-0.0342830434162267,-1.07330907548968,1.3357966059775,-0.879696723920075,-1.4089957450437,"Lawyer","PhD","Medium"
0.168305191287116,-0.992892113347571,-1.13126153551327,-0.435721351527403,-1.78110811547318,-1.23997171590569,-1.13588994496817,-1.55820093525251,0.544596371173541,1.22361236292489,-0.453790032873793,1.28744319302172,-1.01038975802166,-0.599798521956906,-1.19954539975113,"Nurse","High School","Low"
0.116669863718624,-1.22173061371577,-0.286204415038554,0.398572117344044,0.397354219327277,0.184191816910952,0.460858678904778,1.52828399517777,-0.709484824705829,-0.455780123290039,0.769772019710775,0.384802619767358,-1.1138979799628,-0.424862145729926,-0.0824768915240963,"HR Specialist","Master's","Medium"
0.429169062181546,0.265719638677545,-1.13126153551327,1.476201181303,0.397354219327277,-0.0589580545455473,0.634418311934446,1.38956557133821,-1.26685424509666,-0.84064090138096,0.140511535524426,1.04442457714554,-1.59693634902145,1.67437436899384,-0.152293673288286,"Chef","High School","Medium"
-0.632027938534987,-1.56498836426808,-0.743943688629024,-1.13096590892028,-1.01461210878413,1.60835534972759,-0.302803706425761,1.56296360113766,1.10196579156437,-0.0359320017363069,0.594977440770123,-0.240102392485659,0.197206164624969,-1.5444549535826,0.720416098764087,"AI Engineer","Master's","Low"
1.18945375103559,0.952235139782153,-1.20168296221949,0.329047661604757,0.639405589860661,-1.34417880367276,-0.0945321467901593,0.869371481939849,0.370418427301406,-1.36545105332312,-0.348913285509401,0.0376331685156818,1.71532675309501,-1.12460765063785,1.69785104346274,"Mechanic","Bachelor's","Medium"
0.845314550509148,0.151300388493443,-1.06084010880704,-0.296672440048828,1.40590159654971,-0.996821844449186,-0.719346825696964,1.21616754153876,1.72900638950406,-0.595729497141283,-1.22288618021266,1.00970763202038,0.335217127213154,-1.40450585260102,1.59312587081646,"Retail Worker","High School","High"
0.280331025077292,0.723396639413951,0.45322056537682,-0.261910212179185,0.0746190586160974,-0.996821844449186,0.669130238540379,1.59764320709756,-0.152115404314998,0.104017372114937,-0.90825593811949,1.35687708327205,1.61181853115387,1.00961613933131,0.161881844650568,"Software Engineer","Master's","Medium"
-0.510177811866642,-1.67940761445218,-1.23689367557261,-0.0533368449613233,0.0746190586160974,-0.0242223586231903,1.05096143120565,0.591934634260723,-1.30168983387109,-0.49076746675285,-0.558666780238185,0.245934839266687,-0.734367832845286,-1.33453130211022,0.545874144353612,"HR Specialist","Bachelor's","Medium"
1.23268063969953,0.723396639413951,1.50954196597021,1.65001232065121,-1.01461210878413,-1.23997171590569,1.22452106423532,-0.344414726656329,0.788445492594529,0.139004715577748,1.15432009338021,-0.240102392485659,-1.52793086772735,0.204908808687203,-1.12972861798694,"Teacher","PhD","Low"
-1.40595105750225,-0.420795862427064,0.10111343184569,0.189998750126182,-0.89358642351744,0.427341688367451,-0.68463489909103,-0.691210786255237,-0.01277304921729,1.32857439331332,1.01448443022769,1.59989569914823,-1.49342812708031,-0.809722173429283,-1.4439041359258,"Doctor","Master's","Low"
-0.34151781913173,0.952235139782153,-1.27210438892572,-1.37430150400778,-1.25666347931752,-0.302107926002046,0.77326601835818,-0.0322982730173117,-0.256622170638279,-0.210868719050362,1.29415575653273,-0.344253227861162,-0.5963568702571,-0.56481124671151,-1.02500344534066,"Research Scientist","PhD","Low"
-1.51731230677419,-0.0775381118747595,-1.23689367557261,1.44143895343335,-0.369141787361774,1.39994117419345,1.01624950459972,0.279818180621705,0.579431959947968,-0.560742153678472,0.245388282888817,-0.726139624238006,-0.354837685727775,0.904654313595124,-0.885369881812279,"Financial Analyst","Master's","Medium"
-0.555311769148111,1.40991214051856,-0.427047268451006,0.120474294386895,0.720089380038456,0.635755863901593,0.530282532116645,0.730653058100286,1.45032167930864,-0.84064090138096,0.38522394604134,-0.344253227861162,-1.70044457096259,-1.29954402686483,-0.60610275475552,"Software Engineer","PhD","Medium"
0.121466430241494,-0.191957362058861,1.12222411908597,0.120474294386895,1.12350833092743,0.566284472056879,0.77326601835818,0.210458968701924,-1.54553895529208,-1.12053964908345,-0.733461359178837,-0.760856569363174,0.57673631174248,-1.68440405456418,0.929866444056657,"Construction Worker","High School","High"
1.09574733396529,-0.420795862427064,-0.673522261922798,0.120474294386895,-1.61974053511759,1.33046978234873,-1.41358535781563,-0.205696302816766,1.20647255788765,0.453890806743047,-0.733461359178837,-0.274819337610827,0.714747274330666,1.63938709374844,1.38367552552389,"Teacher","PhD","Low"
1.45927506543658,-1.10731136353167,1.756016959442,-1.72192378270422,-0.772560738250748,1.12205560681459,-1.03175416515037,-1.52352132929262,-0.91849835735239,-0.210868719050362,0.804730935498906,0.419519564892526,-0.906881536080518,-0.00501484278517327,1.52330908905227,"Lawyer","Bachelor's","Medium"
-1.05314336325978,0.036881138309342,-0.638311548569685,1.68477454852086,1.5269272818164,-1.51785728328454,-1.5871449908453,-1.14204566373382,0.788445492594529,-1.08555230562064,0.0356347881600344,-1.42047852674136,1.43930482791864,-0.56481124671151,1.45349230728808,"Security Guard","High School","High"
0.878601566378708,-1.56498836426808,-1.72984366251619,-0.122861300700611,-1.78110811547318,1.4346768701158,0.0790274862395087,-1.48884172333273,-1.37136101141994,-0.385805436364417,1.53886816704965,0.662538180768699,1.26679112468341,-0.459849420975322,-1.58353769945418,"Teacher","Bachelor's","Low"
-0.0482626767183958,0.036881138309342,-1.69463294916308,1.58048786491193,-1.458372954762,-1.69153576289633,0.669130238540379,1.66700241901734,1.62449962318078,-1.15552699254626,-1.11800943284827,0.245934839266687,0.473228089801341,0.834679763104332,-1.09482022710485,"Teacher","PhD","Low"
1.10331781847729,-0.764053612979368,0.488431278729934,1.23286558621549,0.0746190586160974,-0.302107926002046,1.67577611011245,0.279818180621705,1.27614373543651,1.60847314101581,0.629936356558253,0.176500949016352,-1.73494731160963,-1.61442950407339,-1.02500344534066,"Data Scientist","High School","Medium"
-1.24489044425839,0.837815889598052,-0.884786542041476,-0.679056946614908,-1.458372954762,-0.267372230079689,-1.3788734312097,-1.5928805412124,0.579431959947968,0.173992059040559,-0.209077622356879,0.454236510017693,1.12878016209522,-0.249925769502946,0.510965753471518,"Research Scientist","Master's","Low"
0.764293029243311,1.63875064088676,1.19264554579219,-0.227147984309541,1.44624349163861,-1.10102893221626,0.217875192663243,1.66700241901734,0.0568981283315639,1.53849845409019,-0.313954369721271,1.7387634796489,0.266211645919061,-1.61442950407339,0.336423799061043,"Retail Worker","Master's","High"
-0.965273731958278,1.40991214051856,-1.65942223580996,1.12857890260656,1.08316643583853,1.05258421496988,-0.719346825696964,-1.07268645181404,1.62449962318078,-0.455780123290039,0.350265030253209,0.384802619767358,0.197206164624969,1.42946344227607,0.615690926117802,"Construction Worker","PhD","High"
0.265479005843825,0.952235139782153,1.26306697249842,-1.09620368105063,0.0746190586160974,1.57361965380523,0.460858678904778,1.11212872365908,0.509760782399114,1.22361236292489,1.53886816704965,-0.795573514488342,-1.14840072060984,-0.0749893932759655,0.720416098764087,"HR Specialist","Bachelor's","Medium"
0.567807171679938,1.52433139070266,-1.7650543758693,-0.540008035136334,1.76897865234979,0.67049155982395,-0.337515633031694,-1.07268645181404,-0.500471292059267,-1.12053964908345,-1.36272184336519,1.42631097352239,1.71532675309501,-1.19458220112864,-1.54862930857208,"Construction Worker","Bachelor's","High"
0.666974739791334,1.52433139070266,-0.145361561626102,-1.02667922531134,-0.328799892272877,-1.03155754037154,0.946825651387848,0.730653058100286,0.44008960485026,-0.350818092901606,1.43399141968526,1.63461264427339,-1.14840072060984,-0.984658549656263,0.126973453768473,"Mechanic","PhD","Medium"
-1.34194867889888,-0.191957362058861,-0.215782988332328,0.294285433735113,1.32521780637192,-0.579993493380902,0.148451339451376,1.59764320709756,-1.02300512367567,0.55885283713148,-1.6074342538821,-1.48991241699169,0.162703423977922,-1.40450585260102,-1.65335448121837,"Security Guard","Bachelor's","High"
-1.19357296145948,-0.0775381118747595,0.206745571905029,0.711432168170836,-0.490167472628466,0.601020167979236,-1.10117801836223,0.383856998501378,-0.326293348187133,0.55885283713148,1.74862166177843,1.53046180889789,-1.73494731160963,1.35948889178527,-1.47881252680789,"Lawyer","PhD","Medium"
-0.0852482499067954,-0.306376612242962,-0.779154401982137,-0.400959123657759,-0.651535052984056,-1.34417880367276,0.807977944964114,1.52828399517777,0.370418427301406,0.803764241371157,0.909607682863297,-0.830290459613509,-1.5624336083744,-1.75437860505498,-0.501377582109235,"Mechanic","Bachelor's","Medium"
-0.579843606364479,0.723396639413951,-1.55379009575062,-1.09620368105063,-1.70042432529539,1.4346768701158,-1.24002572478597,0.141099756782142,0.300747249752552,0.173992059040559,-1.39768075915332,-0.621988788862503,-1.5624336083744,-0.354887595239134,-1.05991183622275,"Teacher","PhD","Low"
0.46182038851193,-0.649634362795267,0.664484845495499,0.120474294386895,1.24453401619412,-0.37157931784676,1.18980913762938,-0.968647633934363,0.788445492594529,0.943713615222401,-0.27899545393314,-0.691422679112839,-0.11331850119845,-1.43949312784641,-1.54862930857208,"Customer Support","High School","High"
-1.66424327526092,-0.87847286316347,-1.09605082216015,0.016187610777964,1.6479529670831,-0.892614756682115,1.53692840368872,1.56296360113766,1.58966403440635,1.22361236292489,-0.488748948661924,-1.48991241699169,0.231708905272015,0.204908808687203,1.24404196199551,"Security Guard","Bachelor's","High"
0.68812586445845,-0.0775381118747595,0.0306920051394637,-0.50524580726669,-0.530509367717364,-1.72627145881868,0.0443155596335751,0.210458968701924,1.10196579156437,0.0340426851893152,1.46895033547339,0.454236510017693,1.16328290274227,-1.22956947637404,1.27895035287761,"Chef","Bachelor's","Medium"
-1.28395645593864,1.29549289033446,-1.16647224886638,-1.06144145318099,1.72863675726089,-1.62206437105161,-0.129244073396093,-0.656531180295346,0.579431959947968,1.22361236292489,-0.488748948661924,-0.240102392485659,1.64632127180092,0.974628864085917,1.41858391640599,"Security Guard","Bachelor's","High"
-0.35001294297344,0.952235139782153,-0.955207968747702,-0.296672440048828,1.5269272818164,-1.34417880367276,-0.788770678908831,-1.55820093525251,-0.256622170638279,1.18862501946208,-1.67735208545836,0.627821235643532,1.47380756856569,-0.914683999165471,0.685507707881992,"Retail Worker","Master's","High"
-1.18894976481093,-0.420795862427064,1.61517410602955,-0.922392541702414,-0.651535052984056,-1.20523601998333,0.703842165146313,0.800012270020067,0.579431959947968,-0.525754810215661,-1.1529683486364,0.280651784391855,-0.0788157605514031,0.799692487858936,-0.187202064170381,"Software Engineer","High School","Medium"
0.350979248862945,-0.535215112611165,-0.743943688629024,-0.991916997441701,-1.5390567449398,-1.41365019551747,-0.511075266061362,-1.5928805412124,-1.09267630122453,0.90872627175959,-0.593625696026315,0.593104290518364,0.749250014977712,0.274883359177995,1.62803426169855,"Nurse","High School","Low"
0.335809384859891,-0.535215112611165,0.840538412261064,1.61525009278157,0.558721799682866,-1.13576462813861,-0.580499119273229,-1.14204566373382,0.335582838526979,0.768776897908346,-0.628584611814446,0.141784003891185,0.645741793036573,-0.284913044748342,1.24404196199551,"Graphic Designer","Master's","Medium"
-1.15355341547047,0.608977389229849,-1.55379009575062,0.433334345213688,1.04282454074964,0.218927512833309,1.60635225690059,1.32020635941843,-0.361128936961559,-0.700691527529716,-0.94321485390762,0.107067058766017,-1.35541716449212,0.169921533441807,-1.72317126298256,"Customer Support","PhD","High"
1.71095033299202,-0.764053612979368,-0.990418682100815,1.65001232065121,0.357012324238379,-0.510522101536188,-1.41358535781563,0.0717405448623608,-1.02300512367567,0.173992059040559,1.18927900916834,0.419519564892526,0.438725349154294,0.134934258196411,1.52330908905227,"Graphic Designer","Bachelor's","Medium"
0.508485779683231,1.63875064088676,0.0306920051394637,-0.644294718745265,1.24453401619412,-1.0662932362939,0.495570605510712,0.00238133294257918,-1.40619660019437,-1.01557761869501,-0.0692419592043573,1.35687708327205,0.231708905272015,0.624756111631956,-0.53628597299133,"Customer Support","PhD","High"
-1.6834295413524,1.18107364015036,-0.180572274979215,0.572383256692262,0.841115065305148,-0.0242223586231903,-0.68463489909103,-0.587171968375564,1.58966403440635,-1.08555230562064,-0.663543527602576,0.0376331685156818,1.23228838403636,-0.284913044748342,0.860049662292467,"Customer Support","High School","High"
0.808444557236963,0.036881138309342,-0.673522261922798,-0.366196895788116,-1.458372954762,1.15679130273695,-1.5871449908453,-0.656531180295346,0.614267548722395,0.278954089428992,-0.209077622356879,0.141784003891185,-1.0448924986687,-0.249925769502946,0.0222482811221885,"Research Scientist","Master's","Low"
-1.08966661678332,-1.56498836426808,-0.849575828688363,1.30239004195478,-1.17597968913972,-1.65680006697397,0.77326601835818,-1.5928805412124,1.72900638950406,1.32857439331332,-0.698502443390707,-0.830290459613509,-0.423843167021868,-0.494836696220718,-0.431560800345046,"AI Engineer","Bachelor's","Low"
-0.633646057361979,-0.306376612242962,0.523641992083047,0.850481079649411,-0.812902633339646,0.462077384289808,0.322010972481044,0.141099756782142,0.997459025241091,0.243966745966181,1.2591968407446,-0.934441294989012,1.05977468080113,-1.12460765063785,1.10440839846713,"Graphic Designer","PhD","Low"
-1.3042696262132,-1.22173061371577,-0.567890121863458,0.120474294386895,0.235986638971687,-1.44838589143983,-0.0251082935782921,-0.483133150495892,1.27614373543651,1.36356173677613,0.699854188134514,0.558387345393196,0.783752755624759,-0.459849420975322,-0.326835627698761,"UX Researcher","Bachelor's","Medium"
1.3005838404751,-1.67940761445218,1.54475267932333,0.780956623910123,0.0746190586160974,0.948377127202806,-0.441651412849495,0.800012270020067,-0.326293348187133,-0.735678870992527,0.38522394604134,0.662538180768699,-0.147821241845496,0.239896083932599,0.685507707881992,"Software Engineer","High School","Medium"
-0.492725244518366,-0.992892113347571,1.40390982591087,-0.50524580726669,1.76897865234979,0.496813080212165,1.01624950459972,0.695973452140395,-1.02300512367567,-1.47041308371156,0.804730935498906,0.0376331685156818,0.680244533683619,-0.0749893932759655,-0.641011145637615,"Security Guard","High School","High"
0.0526963800943136,-0.420795862427064,0.805327698907951,-0.748581402354195,1.5269272818164,-0.406315013769117,0.946825651387848,-1.24608448161349,-1.0578407124501,0.698802210982724,0.210429367100687,-1.03859213036452,1.37029934662455,-0.774734898183887,-0.257018845934571,"Customer Support","Bachelor's","High"
0.447546268859532,-1.67940761445218,-0.391836555097893,-0.0185746170916797,1.08316643583853,0.948377127202806,-0.372227559637628,0.800012270020067,-1.02300512367567,-0.385805436364417,-1.71231100124649,0.905556796644873,0.438725349154294,1.1145779650675,-0.117385282406191,"Security Guard","Bachelor's","High"
1.69893002170579,0.608977389229849,0.523641992083047,-1.72192378270422,-0.409483682450671,-0.0242223586231903,0.426146752298844,-1.48884172333273,0.718774315045675,0.173992059040559,0.105552619736295,-0.726139624238006,0.300714386566108,-1.64941677931879,-1.51372091768999,"HR Specialist","PhD","Medium"
0.00744684289663102,-0.191957362058861,-0.638311548569685,-0.50524580726669,-0.490167472628466,-0.163165142312618,-1.55243306423937,-0.691210786255237,0.0917337171059909,-0.0709193451991179,1.74862166177843,-0.37897017298633,-0.389340426374821,-0.00501484278517327,-1.05991183622275,"Chef","High School","Medium"
1.09982152601182,-1.33614986389988,0.241956285258142,-1.06144145318099,0.478038009505071,-1.62206437105161,1.67577611011245,1.28552675345854,0.265911660978125,-1.33046370986031,-0.978173769695751,-0.760856569363174,-0.906881536080518,-0.00501484278517327,1.55821747993436,"Mechanic","PhD","Medium"
0.736033739729049,-1.22173061371577,0.55885270543616,0.676669940301192,0.599063694771764,-1.62206437105161,-0.337515633031694,0.973410299819522,1.06713020278995,1.53849845409019,0.699854188134514,-0.865007404738677,0.0246924613897364,-1.64941677931879,0.545874144353612,"Mechanic","Bachelor's","Medium"
-1.16502472215469,1.52433139070266,0.594063418789273,1.51096340917264,0.276328534060584,-0.614729189303259,-1.03175416515037,1.21616754153876,-1.09267630122453,-1.15552699254626,-1.01313268548388,0.0376331685156818,-1.32091442384508,1.53442526801225,1.66294265258065,"HR Specialist","Bachelor's","Medium"
0.326823046374272,-1.33614986389988,-0.321415128391667,-0.88763031383277,-1.70042432529539,1.26099839050402,0.217875192663243,1.25084714749865,1.1368013803388,-0.735678870992527,0.175470451312557,-1.45519547186653,1.43930482791864,-0.354887595239134,-0.361744018580856,"Nurse","Master's","Low"
0.889408288544694,0.608977389229849,-0.145361561626102,-0.852868085963126,1.16385022601633,1.05258421496988,1.15509721102345,-0.691210786255237,-0.117279815540571,1.32857439331332,-1.57247533809397,1.35687708327205,-0.975887017374611,0.624756111631956,0.301515408178948,"Construction Worker","Bachelor's","High"
1.17179891883393,-1.67940761445218,1.26306697249842,-1.37430150400778,-0.248116102095082,0.149456120988595,1.08567335781158,-0.968647633934363,1.03229461401552,-0.315830749438795,-1.08305051706014,0.905556796644873,-1.42442264578622,0.0299724324602228,-1.51372091768999,"Marketing Manager","High School","Medium"
-1.33588073329766,-0.191957362058861,0.347588425317481,0.224760977995826,1.20419212110522,-0.232636534157332,-0.927618385332565,-0.136337090896984,1.55482844563192,1.2585997063877,-1.22288618021266,-1.62878019749237,1.47380756856569,0.099946982951015,0.161881844650568,"Retail Worker","PhD","High"
0.433127674311867,-0.420795862427064,-0.673522261922798,-0.0533368449613233,0.760431275127353,0.601020167979236,-1.20531379818003,-1.28076408757338,-1.0578407124501,0.978700958685212,-0.698502443390707,-1.66349714261753,1.50831030921273,-1.15959492588324,-1.68826287210046,"Data Scientist","PhD","Medium"
-0.472209809390426,-1.10731136353167,-0.919997255394589,-0.261910212179185,0.679747484949559,1.33046978234873,-0.129244073396093,-0.309735120696438,0.196240483429272,-0.875628244843771,-1.57247533809397,1.53046180889789,-1.07939523931575,-1.05463310014706,-0.0824768915240963,"Financial Analyst","PhD","Medium"
-1.01052326915596,0.380138888861646,-1.69463294916308,-1.20049036465956,-1.458372954762,0.635755863901593,-0.927618385332565,-0.275055514736547,0.196240483429272,1.39854908023894,-0.593625696026315,-1.28161074624069,-0.0443130199043566,0.869667038349728,-1.33917896327951,"Nurse","PhD","Low"
-1.6069156368189,0.608977389229849,-1.69463294916308,-1.61763709909529,-1.33734726949531,-0.684200581147973,1.22452106423532,0.349177392541487,-0.186950993089425,-0.280843405975984,0.000675872371903821,-1.5940632523672,1.3357966059775,1.74434891948463,-1.09482022710485,"Nurse","PhD","Low"
0.969649645376089,0.723396639413951,-1.27210438892572,0.572383256692262,1.48658538672751,1.22626269458166,0.877401798175981,-0.171016696856875,0.370418427301406,0.698802210982724,0.0356347881600344,-0.0665176668598212,0.507730830448387,0.204908808687203,0.510965753471518,"Retail Worker","Bachelor's","High"
-1.61954274266526,1.63875064088676,0.770116985554838,0.502858800952974,0.0342771635272,0.635755863901593,-0.163956000002026,-0.899288422014582,-1.75455248793864,0.243966745966181,0.315306114465078,1.63461264427339,-0.492848648315961,-0.38987487048453,-1.02500344534066,"HR Specialist","Bachelor's","Medium"
-0.701404783242289,-0.535215112611165,-0.990418682100815,-1.09620368105063,-0.772560738250748,-0.996821844449186,0.0790274862395087,0.141099756782142,-0.883662768577963,-1.47041308371156,0.839689851287036,0.905556796644873,1.71532675309501,1.39447616703067,1.52330908905227,"Lawyer","PhD","Medium"
0.340403686529387,-0.420795862427064,0.418009852023707,-1.27001482039885,0.19564474388279,-1.51785728328454,1.36336877065905,-0.0669778789772025,0.683938726271249,-1.54038777063718,0.105552619736295,-0.691422679112839,-0.768870573492332,-0.38987487048453,-1.72317126298256,"Chef","PhD","Medium"
0.344044453890121,-0.0775381118747595,-0.0397294215667625,1.26762781408513,1.24453401619412,-0.475786405613831,1.71048803671839,0.245138574661815,-0.117279815540571,0.0340426851893152,1.08440226180395,-0.552554898612168,-0.389340426374821,0.904654313595124,-1.47881252680789,"Security Guard","Bachelor's","High"
1.55289479756972,-1.67940761445218,-0.250993701685441,0.294285433735113,0.397354219327277,-0.788407668915044,1.36336877065905,1.66700241901734,-0.047608637991717,1.573485797553,-1.74726991703462,1.35687708327205,-0.665362351551193,-0.669773072447699,-0.920278272694374,"Data Scientist","Bachelor's","Medium"
1.73701360409822,-0.87847286316347,-1.02562939545393,1.44143895343335,0.639405589860661,-1.37891449959511,-1.24002572478597,1.25084714749865,-0.361128936961559,-1.12053964908345,0.0356347881600344,-0.274819337610827,-0.975887017374611,0.76470521261354,0.476057362589423,"Graphic Designer","Bachelor's","Medium"
0.980456367542074,0.952235139782153,1.50954196597021,0.224760977995826,-0.409483682450671,-0.996821844449186,-1.24002572478597,-0.275055514736547,-1.26685424509666,-0.245856062513173,-1.22288618021266,0.558387345393196,0.990769199507038,0.169921533441807,0.650599316999897,"Software Engineer","Master's","Medium"
1.2933889906908,-0.992892113347571,-0.638311548569685,1.7195367763905,0.276328534060584,0.809434343513378,-0.997042238544432,-1.45416211737283,-0.779156002254683,-0.84064090138096,-0.94321485390762,-1.07330907548968,0.231708905272015,-0.599798521956906,1.13931678934923,"Marketing Manager","Master's","Medium"
0.515102729886469,1.18107364015036,-0.145361561626102,-1.68716155483457,-0.0464066266505949,-1.51785728328454,1.67577611011245,1.00808990577941,-0.047608637991717,-1.40043839678594,0.315306114465078,0.905556796644873,-1.07939523931575,0.239896083932599,1.10440839846713,"Graphic Designer","Bachelor's","Medium"
1.25074000160793,-0.420795862427064,-0.919997255394589,-0.818105858093483,-1.4987148498509,-1.34417880367276,0.703842165146313,-1.00332723989425,1.48515726808307,-0.945602931769393,-0.838338106543229,-0.691422679112839,0.921763718212945,-0.249925769502946,1.13931678934923,"Teacher","High School","Low"
-1.38754495584521,-1.22173061371577,1.50954196597021,0.920005535388698,-0.732218843161851,1.1915269986593,1.53692840368872,1.70168202497723,-1.30168983387109,0.418903463280236,-1.04809160127201,-0.830290459613509,0.852758236918852,1.67437436899384,0.336423799061043,"Data Scientist","PhD","Medium"
-1.32030633958786,0.723396639413951,-1.62421152245685,0.3638098894744,-0.167432311917287,1.36520547827109,-0.68463489909103,-0.240375908776656,0.0917337171059909,-0.770666214455338,1.43399141968526,-0.135951557110156,-0.285832204433682,1.21953979080369,-0.641011145637615,"UX Researcher","High School","Medium"
0.952746082629828,1.40991214051856,-1.34252581563195,-1.09620368105063,-0.853244528428543,1.1915269986593,-0.372227559637628,0.48789581638105,1.51999285685749,-0.980590275232204,-1.53751642230584,0.141784003891185,-1.25190894255098,-1.08962037539245,1.38367552552389,"Doctor","PhD","Low"
0.543419809358837,1.63875064088676,1.12222411908597,0.0857120665172512,0.0746190586160974,0.601020167979236,-0.233379853213894,-1.31544369353327,-1.40619660019437,0.90872627175959,-0.978173769695751,-1.62878019749237,1.64632127180092,1.67437436899384,-0.396652409462951,"HR Specialist","High School","Medium"
-0.332126950939363,0.380138888861646,0.805327698907951,1.1633411304762,0.921798855482943,-1.23997171590569,1.12038528441752,1.45892478325799,0.997459025241091,-1.01557761869501,-0.313954369721271,0.35008567464219,-1.18290346125689,-1.01964582490166,-0.7457363182839,"Construction Worker","PhD","High"
1.05191365074122,1.63875064088676,0.0306920051394637,1.09381667473692,1.5672691769053,1.4346768701158,1.15509721102345,-0.864608816054691,-0.604978058382548,0.0340426851893152,-1.71231100124649,1.39159402839722,-1.59693634902145,-0.634785797202302,0.266607017296853,"Construction Worker","PhD","High"
0.657410501724647,-1.67940761445218,0.523641992083047,0.120474294386895,-0.449825577539569,-1.03155754037154,1.43279262387092,-0.8299292100948,-0.779156002254683,-0.280843405975984,-1.25784509600079,0.0376331685156818,0.57673631174248,1.00961613933131,0.755324489646182,"Data Scientist","High School","Medium"
1.06896168838275,-0.420795862427064,-0.145361561626102,-1.58287487122564,-0.772560738250748,-0.197900838234975,-0.858194532120698,0.626614240220614,0.753609903820102,1.43353642370176,0.909607682863297,-1.55934630724203,-0.458345907668914,-0.809722173429283,-0.361744018580856,"Mechanic","PhD","Medium"
-0.355185144224005,-0.420795862427064,-1.41294724233817,0.0857120665172512,1.5269272818164,0.705227255746307,-0.163956000002026,0.0717405448623608,0.0568981283315639,0.698802210982724,-1.57247533809397,0.731972071019034,0.266211645919061,-1.05463310014706,-1.54862930857208,"Truck Driver","Bachelor's","High"
-0.811725813268313,-1.45056911408398,0.0659027184925768,0.920005535388698,-0.288457997183979,-0.406315013769117,1.50221647708279,-1.00332723989425,-1.40619660019437,-0.525754810215661,0.874648767075167,0.454236510017693,-0.285832204433682,1.60439981850305,0.825141271410372,"Chef","High School","Medium"
-1.43137863906927,1.40991214051856,0.840538412261064,-1.65239932696493,0.235986638971687,-0.996821844449186,0.703842165146313,-0.656531180295346,1.27614373543651,-0.525754810215661,0.42018286182947,-0.726139624238006,1.43930482791864,0.974628864085917,-0.885369881812279,"Marketing Manager","Master's","Medium"
-1.06920897161349,-0.535215112611165,-0.497468695157232,0.537621028822618,0.397354219327277,-1.65680006697397,1.60635225690059,-0.552492362415673,-1.09267630122453,1.2585997063877,0.699854188134514,-1.42047852674136,-1.32091442384508,0.76470521261354,-1.47881252680789,"Graphic Designer","High School","Medium"
-1.69715465640279,-0.764053612979368,0.840538412261064,-0.540008035136334,-0.207774207006184,0.0452490332215238,-0.476363339455429,0.973410299819522,1.62449962318078,0.313941432891803,-0.174118706568749,-0.96915824011418,0.507730830448387,0.659743386877352,0.685507707881992,"HR Specialist","High School","Medium"
-0.784882377727669,1.40991214051856,1.40390982591087,-0.540008035136334,1.5672691769053,0.913641431280449,0.530282532116645,-0.37909433261622,0.370418427301406,-1.57537511409999,0.909607682863297,-1.38576158161619,-0.354837685727775,-1.40450585260102,1.20913357111342,"Security Guard","Master's","High"
-0.545949795934798,-1.56498836426808,0.664484845495499,0.641907712431549,-0.974270213695235,-1.27470741182804,0.564994458722579,0.279818180621705,-1.65004572161536,-1.01557761869501,-0.803379190755098,-1.48991241699169,-0.527351388963007,-1.64941677931879,0.196790235532663,"Doctor","Master's","Low"
0.040098169227015,-0.649634362795267,-0.743943688629024,1.44143895343335,-1.29700537440641,-0.788407668915044,0.356722899086977,-1.03800684585414,-1.51070336651765,-1.64534980102561,1.57382708283778,0.766689016144202,1.02527194015408,1.67437436899384,1.52330908905227,"Nurse","Master's","Low"
-1.06527925446222,-1.67940761445218,0.664484845495499,-0.540008035136334,0.921798855482943,0.253663208755666,0.28729904587511,1.56296360113766,-0.221786581863852,0.698802210982724,0.245388282888817,-1.10802602061485,0.300714386566108,0.134934258196411,-0.0126601097599064,"Truck Driver","Master's","High"
1.47562962358083,0.837815889598052,-1.20168296221949,-0.122861300700611,0.155302848793892,-0.0242223586231903,-0.0251082935782921,-1.45416211737283,-1.09267630122453,-0.595729497141283,-0.27899545393314,0.315368729517023,1.23228838403636,-1.19458220112864,-1.65335448121837,"Financial Analyst","High School","Medium"
0.565524468334716,1.06665438996625,-0.250993701685441,0.189998750126182,-0.974270213695235,1.05258421496988,-1.3788734312097,1.49360438921788,-1.37136101141994,0.488878150205858,0.594977440770123,0.627821235643532,-0.803373314139379,-0.599798521956906,0.196790235532663,"Research Scientist","PhD","Low"
-1.40101001608411,0.723396639413951,1.22785625914531,-0.0185746170916797,1.6479529670831,-0.302107926002046,1.67577611011245,0.938730693859631,1.62449962318078,0.0690300286521262,-0.104200874992488,0.905556796644873,1.30129386533046,1.60439981850305,-0.60610275475552,"Security Guard","Master's","High"
-0.104839045705026,0.723396639413951,0.10111343184569,-0.748581402354195,1.68829486217199,0.392605992445094,-1.72599269726904,1.07744911769919,-0.604978058382548,-0.595729497141283,-0.418831117085662,0.454236510017693,-0.216826723139589,0.449819735404976,-1.19954539975113,"Customer Support","High School","High"
-0.392806406951581,1.63875064088676,0.805327698907951,-0.852868085963126,1.5269272818164,0.288398904678023,-1.34416150460377,-1.10736605777393,-1.61521013284093,1.11865033253646,0.175470451312557,-0.621988788862503,-1.28641168319803,-0.0749893932759655,0.126973453768473,"Retail Worker","Master's","High"
-0.0175762089636456,-0.87847286316347,0.664484845495499,1.40667672556371,0.316670429149482,0.844170039435735,-0.719346825696964,-0.691210786255237,0.962623436466664,-0.665704184066905,0.210429367100687,-0.865007404738677,1.09427742144818,-1.36951857735562,1.17422518023132,"HR Specialist","High School","Medium"
-0.767949920002355,0.608977389229849,-1.09605082216015,0.155236522256539,-0.369141787361774,-0.614729189303259,-0.511075266061362,-1.52352132929262,1.69417080072963,-1.6103624575628,0.560018524981992,-0.448404063236665,0.507730830448387,-0.494836696220718,0.615690926117802,"Financial Analyst","Bachelor's","Medium"
0.515796209383751,-0.992892113347571,0.664484845495499,-1.33953927613814,0.235986638971687,-0.753671972992687,-1.62185691745124,-0.309735120696438,-0.256622170638279,-0.0709193451991179,0.699854188134514,-0.656705733987671,-0.630859610904147,-1.5444549535826,0.685507707881992,"Marketing Manager","Bachelor's","Medium"
0.27342512508352,-1.45056911408398,-0.532679408510346,0.74619439604048,1.32521780637192,-0.0936937504679043,0.0443155596335751,0.48789581638105,0.544596371173541,-0.700691527529716,-1.25784509600079,-1.17745991086519,0.473228089801341,1.28951434129448,-0.291927236816666,"Security Guard","High School","High"
1.45248474535902,0.837815889598052,0.91095983896729,1.1633411304762,-0.933928318606338,0.392605992445094,1.25923299084125,-1.66223975313218,-1.37136101141994,-1.40043839678594,0.734813103922645,-1.48991241699169,-0.00981027925731013,-0.109976668521362,-0.641011145637615,"AI Engineer","Bachelor's","Low"
-0.0620455817268854,-1.22173061371577,-1.16647224886638,-0.50524580726669,1.5672691769053,-1.62206437105161,0.599706385328512,1.11212872365908,1.48515726808307,1.36356173677613,-0.628584611814446,0.315368729517023,-1.45892538643326,-0.844709448674679,-1.4089957450437,"Construction Worker","PhD","High"
-1.49983084444687,-0.87847286316347,1.33348839920465,-0.50524580726669,1.36555970146081,-0.232636534157332,-0.129244073396093,1.63232281305745,-0.709484824705829,0.488878150205858,-0.27899545393314,-1.52462936211686,-0.0443130199043566,1.07959068982211,-1.37408735416161,"Retail Worker","PhD","High"
-0.255497466489647,-0.420795862427064,-1.23689367557261,0.920005535388698,0.357012324238379,0.253663208755666,-0.0945321467901593,1.35488596537832,0.927787847692237,1.11865033253646,1.08440226180395,0.488953455142861,-0.147821241845496,1.25452706604909,1.52330908905227,"Data Scientist","PhD","Medium"
-1.42545516836332,1.63875064088676,-1.58900080910374,1.61525009278157,-0.369141787361774,1.29573408642638,-0.372227559637628,-1.31544369353327,-1.47586777774322,-1.15552699254626,-0.873297022331359,-0.0318007217346536,0.680244533683619,1.70936164423923,-0.187202064170381,"Chef","High School","Medium"
1.63261604477815,-0.191957362058861,0.0659027184925768,0.155236522256539,0.0342771635272,-1.69153576289633,-1.72599269726904,-1.38480290545305,-1.40619660019437,0.733789554445535,-1.04809160127201,1.35687708327205,1.47380756856569,1.67437436899384,1.55821747993436,"Marketing Manager","PhD","Medium"
-0.820249832089077,1.29549289033446,0.0306920051394637,-1.09620368105063,0.478038009505071,1.36520547827109,1.22452106423532,-0.240375908776656,0.89295225891781,-1.36545105332312,-1.6074342538821,0.870839851519705,-0.251329463786635,1.74434891948463,-1.37408735416161,"Graphic Designer","High School","Medium"
-0.927825839105023,1.18107364015036,-0.0749401349198756,1.1633411304762,1.6076110719942,1.46941256603816,-0.68463489909103,1.56296360113766,-1.23201865632223,-1.43542574024875,-0.24403653814501,1.14857541252105,-0.11331850119845,1.1495652403129,0.825141271410372,"Truck Driver","High School","High"
0.365513423326824,1.29549289033446,1.57996339267644,-1.51335041548635,-0.933928318606338,-0.684200581147973,0.00960363302764153,-0.275055514736547,-1.16234747877338,-0.455780123290039,-1.08305051706014,-1.03859213036452,-1.07939523931575,-0.0400021180305694,1.06950000758504,"AI Engineer","High School","Low"
-1.67741938570929,0.151300388493443,1.36869911255776,0.502858800952974,-1.13563779405082,0.601020167979236,-0.163956000002026,0.661293846180504,-1.51070336651765,1.29358704985051,0.979525514439559,-0.865007404738677,0.921763718212945,-1.71939132980958,-0.955186663576469,"Nurse","Master's","Low"
-0.135554408438829,-1.67940761445218,0.981381265673517,0.920005535388698,1.6076110719942,-1.72627145881868,0.00960363302764153,0.695973452140395,-1.19718306754781,0.55885283713148,-1.46759859072958,-1.10802602061485,-0.0788157605514031,0.519794285895768,-1.19954539975113,"Security Guard","Master's","High"
-0.208196385779171,0.723396639413951,-1.06084010880704,-0.88763031383277,-1.5793986400287,-0.336843621924403,0.530282532116645,-0.205696302816766,0.962623436466664,0.803764241371157,-1.29280401178893,-1.55934630724203,1.30129386533046,-1.47448040309181,-1.19954539975113,"Research Scientist","PhD","Low"
-0.719348565234474,0.608977389229849,0.45322056537682,0.294285433735113,0.760431275127353,1.36520547827109,-0.302803706425761,-0.448453544536001,-0.709484824705829,-1.19051433600907,-1.25784509600079,-1.28161074624069,-1.35541716449212,-0.914683999165471,-0.641011145637615,"Software Engineer","Bachelor's","Medium"
-1.64144513678776,-0.191957362058861,0.277166998611255,1.7195367763905,-0.207774207006184,-0.128429446390261,-0.615211045879163,-1.10736605777393,-1.26685424509666,1.60847314101581,1.7136627459903,-1.5940632523672,-1.21740620190394,-0.284913044748342,-1.05991183622275,"UX Researcher","High School","Medium"
0.680266430155915,0.036881138309342,-1.30731510227883,-0.122861300700611,1.08316643583853,-0.510522101536188,-1.41358535781563,-0.240375908776656,1.6593352119552,-0.560742153678472,1.32911467232086,1.18329235764621,1.54281304985978,1.00961613933131,0.580782535235707,"Security Guard","High School","High"
0.401025352583499,-0.649634362795267,-1.4833686690444,-0.122861300700611,1.80932054743869,0.948377127202806,1.60635225690059,0.973410299819522,1.27614373543651,0.768776897908346,0.909607682863297,0.0723501136408495,1.43930482791864,1.1495652403129,1.20913357111342,"Security Guard","PhD","High"
-1.10131129334186,1.29549289033446,-0.708732975275911,-1.58287487122564,0.679747484949559,0.32313460060038,-0.68463489909103,-1.2114048756536,1.1368013803388,1.22361236292489,1.08440226180395,0.523670400268029,-0.458345907668914,-0.704760347693095,-1.68826287210046,"Graphic Designer","PhD","Medium"
0.755971275275921,0.036881138309342,-1.44815795569129,0.468096573083331,1.32521780637192,0.114720425066238,1.50221647708279,-1.62756014717229,0.927787847692237,-1.54038777063718,-1.6074342538821,-0.240102392485659,-1.52793086772735,1.00961613933131,0.126973453768473,"Construction Worker","Bachelor's","High"
0.340490371466548,-0.535215112611165,-1.62421152245685,0.398572117344044,0.478038009505071,-0.197900838234975,0.18316326605731,1.0427695117393,0.370418427301406,-0.945602931769393,0.38522394604134,0.454236510017693,0.783752755624759,0.414832460159579,1.66294265258065,"Graphic Designer","Master's","Medium"
1.09930141638886,-0.992892113347571,1.57996339267644,0.155236522256539,1.48658538672751,-1.37891449959511,-0.406939486243561,0.938730693859631,0.718774315045675,-1.57537511409999,0.175470451312557,-1.42047852674136,1.71532675309501,1.39447616703067,-1.65335448121837,"Customer Support","PhD","High"
-0.846804317839185,-0.191957362058861,1.4743312526171,-0.50524580726669,0.357012324238379,-0.197900838234975,0.564994458722579,-0.552492362415673,-0.639813647156975,-0.245856062513173,-1.22288618021266,1.14857541252105,-0.527351388963007,-0.354887595239134,1.38367552552389,"Graphic Designer","PhD","Medium"
-0.318228466014659,0.952235139782153,0.136324145198803,1.61525009278157,-0.933928318606338,-1.13576462813861,-0.0945321467901593,1.63232281305745,-0.46563570328484,-0.420792779827228,-1.04809160127201,-1.35104463649102,0.818255496271805,0.939641588840521,1.66294265258065,"Doctor","Bachelor's","Low"
-0.32210039320782,-0.764053612979368,-0.919997255394589,-1.58287487122564,0.760431275127353,-0.545257797458545,-0.649922972485096,1.4242451772981,0.300747249752552,-0.980590275232204,1.36407358810899,1.70404653452373,-1.42442264578622,1.25452706604909,-0.361744018580856,"Graphic Designer","Bachelor's","Medium"
1.3367025642919,-0.306376612242962,1.43912053926399,1.65001232065121,-0.409483682450671,-0.996821844449186,-1.44829728442157,0.210458968701924,-1.71971689916421,-0.280843405975984,-1.50255750651771,-0.309536282735995,-1.59693634902145,1.18455251555829,-0.990095054458564,"Marketing Manager","Bachelor's","Medium"
-1.64046270749994,0.608977389229849,1.29827768585153,0.885243307519054,-0.449825577539569,-1.48312158736218,0.77326601835818,-0.37909433261622,0.927787847692237,-0.14089403212474,-0.523707864450054,-0.170668502235324,0.852758236918852,1.39447616703067,-1.54862930857208,"Software Engineer","High School","Medium"
-1.38633136672496,1.06665438996625,0.664484845495499,1.44143895343335,0.720089380038456,-1.62206437105161,1.71048803671839,-0.621851574335455,1.17163696911323,-1.08555230562064,-1.53751642230584,-0.413687118111498,1.23228838403636,-0.984658549656263,-1.19954539975113,"Software Engineer","Bachelor's","Medium"
0.0571751018475964,-1.22173061371577,1.54475267932333,-1.68716155483457,1.5269272818164,-0.649464885225616,-0.441651412849495,-0.101657484937093,-0.256622170638279,0.0690300286521262,0.280347198676948,-0.101234611984989,0.680244533683619,0.76470521261354,-0.187202064170381,"Customer Support","Bachelor's","High"
-0.834841796511062,0.036881138309342,0.488431278729934,0.954767763258342,0.235986638971687,0.32313460060038,-0.927618385332565,0.522575422340941,-0.604978058382548,1.50351111062738,0.525059609193862,-0.760856569363174,-0.11331850119845,1.21953979080369,-0.53628597299133,"Marketing Manager","PhD","Medium"
0.695494084117077,-1.22173061371577,0.629274132142386,0.885243307519054,0.96214075057184,0.253663208755666,1.43279262387092,1.63232281305745,0.544596371173541,1.71343517140424,0.245388282888817,-0.205385447360492,0.162703423977922,-1.33453130211022,-0.326835627698761,"Truck Driver","Bachelor's","High"
-1.65202069912132,0.608977389229849,1.22785625914531,0.920005535388698,0.155302848793892,-0.510522101536188,-1.0664660917563,-0.517812756455783,0.614267548722395,-0.805653557918149,-0.24403653814501,-0.37897017298633,0.921763718212945,1.32450161653988,0.720416098764087,"Financial Analyst","PhD","Medium"
0.643598701737104,1.40991214051856,-0.250993701685441,-1.23525259252921,-1.66008243020649,-1.17050032406097,-1.2747376513919,-1.10736605777393,-1.0578407124501,-1.33046370986031,0.490100693405731,1.70404653452373,1.30129386533046,-1.579442228828,-0.257018845934571,"Doctor","High School","Low"
1.65174452091153,1.52433139070266,-1.30731510227883,1.23286558621549,0.155302848793892,1.50414826196052,1.32865684405312,0.626614240220614,0.544596371173541,-0.980590275232204,-1.32776292757706,-0.274819337610827,-1.07939523931575,-1.40450585260102,-0.67591953651971,"Lawyer","High School","Medium"
0.309168214172622,0.036881138309342,-1.69463294916308,-0.713819174484552,1.24453401619412,0.0452490332215238,-1.10117801836223,1.59764320709756,0.265911660978125,0.104017372114937,-1.71231100124649,-0.0318007217346536,1.16328290274227,-0.984658549656263,-0.501377582109235,"Retail Worker","Master's","High"
-1.39060782362487,1.29549289033446,1.68559553273578,-1.47858818761671,0.639405589860661,-0.649464885225616,0.322010972481044,0.626614240220614,-1.26685424509666,-0.175881375587551,-0.593625696026315,-1.52462936211686,1.12878016209522,-1.579442228828,0.545874144353612,"UX Researcher","High School","Medium"
0.88753011490622,-1.10731136353167,0.981381265673517,-1.06144145318099,1.48658538672751,0.357870296522737,-1.10117801836223,-0.795249604134909,-0.326293348187133,0.733789554445535,0.490100693405731,0.107067058766017,0.921763718212945,0.904654313595124,0.441148971707328,"Security Guard","PhD","High"
-1.37133487259623,0.723396639413951,-0.603100835216572,1.33715226982442,-1.21632158422862,1.12205560681459,0.18316326605731,-0.968647633934363,0.126569305880418,-0.420792779827228,0.699854188134514,-0.0665176668598212,1.16328290274227,0.624756111631956,0.650599316999897,"Nurse","Master's","Low"
1.10953023897378,-0.0775381118747595,1.68559553273578,1.19810335834585,0.478038009505071,-0.579993493380902,0.148451339451376,-1.24608448161349,0.126569305880418,-1.19051433600907,0.175470451312557,0.523670400268029,-0.389340426374821,-0.00501484278517327,1.3487671346418,"Lawyer","PhD","Medium"
-0.212010523014224,1.52433139070266,1.01659197902663,-1.13096590892028,-1.78110811547318,-1.0662932362939,0.946825651387848,-0.309735120696438,1.27614373543651,0.104017372114937,-1.67735208545836,0.766689016144202,-1.35541716449212,1.00961613933131,-1.12972861798694,"Teacher","PhD","Low"
0.508485779683231,0.723396639413951,0.91095983896729,1.58048786491193,-1.458372954762,1.15679130273695,-1.0664660917563,1.07744911769919,0.544596371173541,-1.05056496215783,-0.698502443390707,-1.28161074624069,-0.423843167021868,-1.05463310014706,0.510965753471518,"Nurse","Master's","Low"
-0.396707229123795,-0.649634362795267,0.277166998611255,-0.435721351527403,-0.248116102095082,0.601020167979236,-0.372227559637628,-0.8299292100948,-0.361128936961559,1.11865033253646,1.64374491441404,0.488953455142861,0.956266458859991,0.099946982951015,0.441148971707328,"Financial Analyst","PhD","Medium"
0.646632674537715,-0.191957362058861,-0.215782988332328,-1.47858818761671,-0.853244528428543,1.01784851904752,-0.337515633031694,1.66700241901734,-0.535306880833694,-0.420792779827228,0.38522394604134,-0.795573514488342,0.680244533683619,-1.22956947637404,-1.33917896327951,"Doctor","PhD","Low"
1.62614356947018,1.63875064088676,0.206745571905029,-1.33953927613814,0.760431275127353,0.253663208755666,-1.20531379818003,-0.656531180295346,1.03229461401552,0.104017372114937,-1.08305051706014,-1.38576158161619,-0.251329463786635,-0.56481124671151,0.580782535235707,"Software Engineer","Bachelor's","Medium"
0.152470742765832,-0.649634362795267,-0.884786542041476,1.26762781408513,1.72863675726089,1.39994117419345,1.57164033029465,1.18148793557887,0.300747249752552,-0.280843405975984,-0.0342830434162267,1.28744319302172,-0.69986509219824,-1.19458220112864,-1.23445379063323,"Construction Worker","Bachelor's","High"
0.180383292531452,1.18107364015036,0.770116985554838,-1.61763709909529,-1.25666347931752,1.33046978234873,-1.65656884405717,-0.309735120696438,1.48515726808307,-0.49076746675285,-0.139159790780618,1.66932958939856,-1.0448924986687,-1.5094676783372,1.27895035287761,"Research Scientist","Bachelor's","Low"
1.58762656239195,-0.764053612979368,-0.110150848272989,0.0509498386476076,1.6479529670831,0.844170039435735,-0.788770678908831,-1.66223975313218,-0.0824442267661439,1.29358704985051,1.39903250389712,1.59989569914823,1.30129386533046,0.274883359177995,-0.187202064170381,"Truck Driver","PhD","High"
-0.656848725541889,-0.420795862427064,0.840538412261064,0.155236522256539,-0.691876948072953,1.50414826196052,-0.129244073396093,-0.483133150495892,0.44008960485026,0.628827524057102,-1.01313268548388,1.18329235764621,-0.734367832845286,-1.08962037539245,-0.291927236816666,"Marketing Manager","Bachelor's","Medium"
-1.20908956521118,-1.22173061371577,1.08701340573286,1.54572563704228,0.96214075057184,-1.48312158736218,0.217875192663243,-0.725890392215128,1.1368013803388,0.628827524057102,1.64374491441404,-0.865007404738677,-0.0443130199043566,-0.00501484278517327,-0.885369881812279,"Security Guard","Master's","High"
-1.03205002855077,-0.306376612242962,-0.215782988332328,-0.157623528570254,-1.458372954762,-1.65680006697397,0.0790274862395087,-0.552492362415673,-1.75455248793864,-0.630716840604094,-0.768420274966968,-0.37897017298633,-1.28641168319803,0.0299724324602228,0.685507707881992,"Doctor","PhD","Low"
0.372506008257756,-1.22173061371577,1.50954196597021,-0.157623528570254,0.276328534060584,-0.788407668915044,-0.302803706425761,0.730653058100286,0.022062539557137,1.53849845409019,0.839689851287036,0.21121789414152,1.3357966059775,0.58976883638656,0.545874144353612,"Data Scientist","PhD","Medium"
-1.35292877093919,0.036881138309342,-0.391836555097893,0.641907712431549,-0.933928318606338,-0.614729189303259,-0.962330311938498,0.314497786581596,-1.51070336651765,0.768776897908346,0.699854188134514,-0.517837953487001,1.3357966059775,-0.00501484278517327,0.545874144353612,"Research Scientist","High School","Low"
0.0552391382510161,-0.191957362058861,-0.286204415038554,1.26762781408513,-0.449825577539569,-0.37157931784676,-0.615211045879163,-1.2114048756536,-0.744320413480256,-0.910615588306582,1.46895033547339,0.836122906394537,-0.630859610904147,0.904654313595124,-1.65335448121837,"UX Researcher","High School","Medium"
-1.10298720212696,0.608977389229849,-0.884786542041476,-1.33953927613814,0.599063694771764,-1.03155754037154,1.12038528441752,-0.309735120696438,-1.71971689916421,0.838751584833968,0.350265030253209,-0.552554898612168,-0.768870573492332,-1.5094676783372,1.55821747993436,"Data Scientist","High School","Medium"
1.68043723511159,-0.0775381118747595,-1.44815795569129,1.30239004195478,-1.5390567449398,-1.03155754037154,-0.754058752302897,0.210458968701924,-1.51070336651765,-0.0359320017363069,1.39903250389712,-1.07330907548968,-0.5963568702571,-0.354887595239134,0.336423799061043,"Nurse","Bachelor's","Low"
-1.24887795136776,-1.10731136353167,-0.391836555097893,-1.47858818761671,-1.458372954762,-1.0662932362939,0.530282532116645,-1.62756014717229,-0.744320413480256,0.20897940250337,-0.768420274966968,0.176500949016352,-1.35541716449212,1.53442526801225,-0.710827927401805,"Doctor","Bachelor's","Low"
1.66078864935525,1.52433139070266,-0.603100835216572,0.989529991127985,-0.409483682450671,0.601020167979236,-0.615211045879163,0.03706093890247,0.579431959947968,0.348928776354614,0.280347198676948,-1.48991241699169,-0.872378795433472,0.239896083932599,-1.65335448121837,"Chef","Bachelor's","Medium"
-1.29551444756001,0.723396639413951,-0.955207968747702,-0.852868085963126,0.0342771635272,0.288398904678023,1.43279262387092,-0.37909433261622,1.48515726808307,0.55885283713148,1.43399141968526,1.14857541252105,0.645741793036573,-0.494836696220718,-0.885369881812279,"HR Specialist","Master's","Medium"
-0.493476513973756,-0.0775381118747595,1.57996339267644,1.61525009278157,1.5269272818164,1.33046978234873,1.46750455047685,0.03706093890247,0.44008960485026,-0.245856062513173,-0.27899545393314,-1.5940632523672,-0.251329463786635,0.58976883638656,-0.257018845934571,"Retail Worker","Bachelor's","High"
-1.26049373294725,0.952235139782153,-0.603100835216572,-1.27001482039885,1.6076110719942,0.601020167979236,-0.892906458726631,0.141099756782142,-0.361128936961559,1.573485797553,0.38522394604134,-1.17745991086519,-0.00981027925731013,1.25452706604909,0.615690926117802,"Retail Worker","High School","High"
0.0632430474488182,0.608977389229849,-0.884786542041476,1.37191449769406,0.397354219327277,0.809434343513378,-0.511075266061362,1.35488596537832,0.474925193624687,1.2585997063877,-0.488748948661924,-1.21217685599035,-0.5963568702571,-0.144963943766757,0.126973453768473,"UX Researcher","High School","Medium"
-0.971312782580446,-0.535215112611165,0.171534858551916,1.19810335834585,-0.530509367717364,-0.614729189303259,1.36336877065905,0.210458968701924,0.265911660978125,-0.0359320017363069,0.175470451312557,-1.03859213036452,0.162703423977922,1.74434891948463,0.266607017296853,"Financial Analyst","Bachelor's","Medium"
-1.65051816021054,-0.649634362795267,0.629274132142386,-0.852868085963126,-0.00606473156169745,0.878905735358092,0.217875192663243,-1.45416211737283,-1.09267630122453,-0.945602931769393,-0.838338106543229,0.245934839266687,-0.00981027925731013,-1.05463310014706,-1.47881252680789,"Financial Analyst","Bachelor's","Medium"
0.141635125620793,-1.33614986389988,1.68559553273578,-0.088099072830967,-0.933928318606338,1.22626269458166,0.0443155596335751,0.730653058100286,-1.09267630122453,0.698802210982724,-0.803379190755098,1.14857541252105,-1.45892538643326,0.939641588840521,-1.37408735416161,"Teacher","High School","Low"
1.34797160612274,-1.67940761445218,-0.708732975275911,0.537621028822618,-0.00606473156169745,-0.441050709691474,0.530282532116645,1.56296360113766,-1.61521013284093,1.50351111062738,0.38522394604134,1.07914152227071,-0.423843167021868,-0.109976668521362,1.3138587437597,"Financial Analyst","Bachelor's","Medium"
1.079912885444,0.380138888861646,0.10111343184569,-1.65239932696493,-0.570851262806261,0.496813080212165,0.77326601835818,0.279818180621705,-1.26685424509666,-0.14089403212474,-0.488748948661924,0.00291622339051411,1.26679112468341,0.974628864085917,-1.4439041359258,"Graphic Designer","High School","Medium"
0.752677247663829,-1.45056911408398,-0.110150848272989,0.850481079649411,-0.570851262806261,0.601020167979236,-0.892906458726631,-0.205696302816766,-1.68488131038978,-1.19051433600907,-1.43263967494145,-0.899724349863845,-1.38991990513917,0.659743386877352,-1.61844609033627,"Graphic Designer","High School","Medium"
-1.25852887437161,-0.764053612979368,-1.27210438892572,1.58048786491193,1.72863675726089,-0.927350452604472,0.391434825692911,-1.62756014717229,1.48515726808307,0.104017372114937,-1.6074342538821,-0.552554898612168,-1.45892538643326,-0.38987487048453,0.615690926117802,"Retail Worker","High School","High"
-0.380468250895763,-0.87847286316347,-0.427047268451006,-1.30477704826849,-1.5793986400287,-1.37891449959511,1.08567335781158,-1.24608448161349,0.335582838526979,-0.525754810215661,-0.94321485390762,0.488953455142861,-0.147821241845496,-0.354887595239134,0.336423799061043,"Doctor","High School","Low"
1.5321770975884,1.29549289033446,-0.708732975275911,0.224760977995826,0.276328534060584,-1.62206437105161,-0.0945321467901593,-1.52352132929262,-1.09267630122453,0.243966745966181,1.29415575653273,1.32216013814688,-1.49342812708031,-0.284913044748342,0.301515408178948,"Lawyer","Master's","Medium"
-1.00899183526613,-0.535215112611165,0.946170552320403,0.850481079649411,0.639405589860661,-1.69153576289633,-0.962330311938498,1.14680832961898,0.579431959947968,1.39854908023894,-1.53751642230584,0.35008567464219,0.231708905272015,-1.61442950407339,0.0571566720042835,"Software Engineer","High School","Medium"
1.16876494603332,1.63875064088676,-1.09605082216015,-0.783343630223839,0.235986638971687,-0.0936937504679043,1.25923299084125,-0.552492362415673,-0.813991591029109,1.71343517140424,1.43399141968526,-1.62878019749237,0.921763718212945,-1.36951857735562,-1.61844609033627,"UX Researcher","Master's","Medium"
0.00701341821082947,-0.535215112611165,-0.81436511533525,1.12857890260656,-1.09529589896193,1.6778267415723,0.738554091752246,-0.275055514736547,0.683938726271249,1.78340985832987,0.734813103922645,0.905556796644873,1.50831030921273,-1.36951857735562,0.720416098764087,"Research Scientist","Bachelor's","Low"
-0.921815683461908,-0.649634362795267,1.57996339267644,-0.991916997441701,1.32521780637192,0.635755863901593,-0.858194532120698,0.349177392541487,-0.848827179803536,-0.560742153678472,-0.209077622356879,0.107067058766017,-0.182323982492542,-0.0400021180305694,-0.67591953651971,"Construction Worker","PhD","High"
0.367247122070031,-0.306376612242962,-0.427047268451006,1.30239004195478,-0.207774207006184,-0.510522101536188,1.74519996332432,-0.0669778789772025,1.06713020278995,1.08366298907365,1.50390925126152,-1.45519547186653,-0.803373314139379,0.939641588840521,0.231698626414758,"Chef","High School","Medium"
0.0366018767615491,0.952235139782153,-1.16647224886638,-0.748581402354195,0.0342771635272,-0.753671972992687,-0.997042238544432,-1.41948251141294,-1.19718306754781,0.978700958685212,0.769772019710775,-1.55934630724203,-1.0448924986687,0.204908808687203,-0.60610275475552,"Financial Analyst","Bachelor's","Medium"
-0.79514009529164,1.52433139070266,0.981381265673517,1.37191449769406,1.36555970146081,-0.510522101536188,0.391434825692911,-1.41948251141294,-1.71971689916421,-1.64534980102561,-0.313954369721271,-0.934441294989012,-1.18290346125689,0.414832460159579,1.76766782522693,"Customer Support","High School","High"
0.621522937740278,-1.45056911408398,0.171534858551916,-1.30477704826849,0.679747484949559,-0.71893627707033,1.32865684405312,-0.760569998175018,1.06713020278995,-0.980590275232204,-0.733461359178837,-1.07330907548968,-0.837876054786425,1.1495652403129,0.510965753471518,"Marketing Manager","Master's","Medium"
1.55974290760538,-0.0775381118747595,1.65038481938266,-0.122861300700611,-0.853244528428543,-1.03155754037154,1.39808069726498,-1.69691935909207,0.161404894654845,-0.245856062513173,0.105552619736295,0.176500949016352,-0.389340426374821,1.74434891948463,1.69785104346274,"AI Engineer","Bachelor's","Low"
0.073674134887109,-0.649634362795267,1.68559553273578,1.02429221899763,0.80077317021625,1.36520547827109,-0.268091779819827,0.973410299819522,1.41548609053421,0.768776897908346,-0.27899545393314,-1.48991241699169,1.05977468080113,1.56941254325765,-0.46646919122714,"Mechanic","PhD","Medium"
0.775041961451189,0.036881138309342,-0.603100835216572,0.294285433735113,1.12350833092743,0.392605992445094,1.64106418350652,0.591934634260723,-0.500471292059267,1.573485797553,0.245388282888817,-1.28161074624069,-0.00981027925731013,0.519794285895768,1.20913357111342,"Security Guard","High School","High"
0.0694265729662537,1.06665438996625,-0.708732975275911,-1.09620368105063,0.19564474388279,-0.927350452604472,-1.44829728442157,-1.73159896505196,0.370418427301406,-0.455780123290039,0.874648767075167,-0.413687118111498,-0.0443130199043566,-0.319900319993738,0.545874144353612,"Chef","High School","Medium"
-0.0750194273218786,-0.649634362795267,-0.708732975275911,0.433334345213688,1.16385022601633,-0.37157931784676,0.148451339451376,-1.41948251141294,0.823281081368956,-0.315830749438795,-0.0692419592043573,1.63461264427339,-0.561854129610054,0.519794285895768,-0.361744018580856,"Construction Worker","PhD","High"
1.5262247319034,0.380138888861646,1.22785625914531,-0.88763031383277,0.316670429149482,-1.48312158736218,1.60635225690059,-0.517812756455783,1.1368013803388,-0.595729497141283,0.455141777617601,1.66932958939856,1.30129386533046,-1.19458220112864,0.196790235532663,"Mechanic","High School","Medium"
0.895129494397274,-1.56498836426808,-0.250993701685441,-0.540008035136334,-1.4987148498509,0.149456120988595,-1.0664660917563,0.141099756782142,-0.779156002254683,-0.700691527529716,0.839689851287036,-1.62878019749237,-0.423843167021868,-0.319900319993738,-0.0126601097599064,"Teacher","Bachelor's","Low"
-1.13534957866681,-1.33614986389988,-0.462257981804119,-0.991916997441701,1.68829486217199,1.6778267415723,-1.65656884405717,0.175779362742033,-0.570142469608121,-0.735678870992527,-0.558666780238185,0.488953455142861,-1.07939523931575,1.42946344227607,-0.0824768915240963,"Customer Support","Master's","High"
0.183677320143544,-1.10731136353167,0.946170552320403,-1.65239932696493,1.24453401619412,-0.475786405613831,-0.545787192667296,-0.552492362415673,-1.65004572161536,-1.19051433600907,-1.25784509600079,1.70404653452373,-1.66594183031554,-1.15959492588324,1.66294265258065,"Truck Driver","PhD","High"
0.981207636997463,-1.56498836426808,-0.180572274979215,-1.44382595974707,1.48658538672751,-1.23997171590569,0.599706385328512,1.66700241901734,0.0917337171059909,-0.980590275232204,0.455141777617601,0.0376331685156818,0.0936979426838294,-0.0749893932759655,0.615690926117802,"Customer Support","Bachelor's","High"
0.200234143141164,1.63875064088676,1.72080624608889,1.1633411304762,-1.5390567449398,0.809434343513378,-0.997042238544432,0.973410299819522,-1.23201865632223,-0.0709193451991179,1.01448443022769,-0.760856569363174,1.16328290274227,0.484807010650372,-0.326835627698761,"Teacher","Master's","Low"
0.248893287867152,-1.22173061371577,1.50954196597021,-0.957154769572057,0.316670429149482,0.739962951668664,1.46750455047685,0.730653058100286,0.265911660978125,1.43353642370176,1.15432009338021,0.766689016144202,-1.63143908966849,-0.459849420975322,0.476057362589423,"HR Specialist","High School","Medium"
-1.31750352661968,0.952235139782153,-0.638311548569685,-1.23525259252921,0.0746190586160974,-0.71893627707033,-0.927618385332565,-0.344414726656329,0.997459025241091,-0.000944658273495871,-0.978173769695751,-1.31632769136586,-0.00981027925731013,1.00961613933131,0.545874144353612,"Mechanic","Bachelor's","Medium"
-1.50858602310006,-1.67940761445218,-0.215782988332328,1.26762781408513,-0.530509367717364,0.114720425066238,-0.476363339455429,-1.31544369353327,-1.5803745440665,0.243966745966181,-1.67735208545836,-1.38576158161619,-0.527351388963007,-1.61442950407339,-0.326835627698761,"UX Researcher","Bachelor's","Medium"
1.31844093753013,0.265719638677545,-0.532679408510346,1.02429221899763,0.19564474388279,-0.163165142312618,-1.41358535781563,0.418536604461269,-1.19718306754781,-1.43542574024875,0.560018524981992,1.42631097352239,-0.147821241845496,-1.61442950407339,1.3487671346418,"Chef","PhD","Medium"
0.542755224840608,-0.764053612979368,1.29827768585153,-0.366196895788116,1.16385022601633,0.149456120988595,1.60635225690059,1.38956557133821,-0.117279815540571,0.733789554445535,0.280347198676948,0.662538180768699,1.12878016209522,-1.64941677931879,-0.571194363873425,"Security Guard","High School","High"
-0.593221981666221,1.52433139070266,1.57996339267644,-1.68716155483457,-1.61974053511759,1.71256243749466,-0.0251082935782921,0.245138574661815,-1.16234747877338,1.39854908023894,-0.94321485390762,-1.07330907548968,-0.941384276727565,1.46445071752146,0.720416098764087,"Research Scientist","Master's","Low"
-0.327474859311759,-1.67940761445218,-0.427047268451006,1.44143895343335,1.6076110719942,0.878905735358092,1.64106418350652,-0.448453544536001,0.370418427301406,1.46852376716457,1.01448443022769,0.21121789414152,-1.45892538643326,0.519794285895768,0.126973453768473,"Construction Worker","High School","High"
-0.861656337072652,-1.56498836426808,1.33348839920465,-0.540008035136334,-0.207774207006184,0.601020167979236,-0.0251082935782921,-1.41948251141294,-0.395964525735986,-1.40043839678594,-1.08305051706014,-1.6982140877427,-1.1138979799628,-0.599798521956906,0.161881844650568,"Marketing Manager","PhD","Medium"
1.60039814313357,0.380138888861646,0.136324145198803,0.74619439604048,-0.248116102095082,0.878905735358092,0.426146752298844,-0.136337090896984,-1.09267630122453,-0.665704184066905,0.42018286182947,-0.240102392485659,1.3357966059775,-0.949671274410867,-1.47881252680789,"UX Researcher","Bachelor's","Medium"
1.21560370707895,-0.191957362058861,1.36869911255776,-0.470483579397047,1.44624349163861,-0.927350452604472,0.217875192663243,1.00808990577941,1.27614373543651,-1.33046370986031,-0.488748948661924,0.488953455142861,-1.63143908966849,0.659743386877352,0.126973453768473,"Construction Worker","Bachelor's","High"
1.08635646577292,1.06665438996625,1.08701340573286,-0.713819174484552,0.80077317021625,1.12205560681459,0.738554091752246,-1.52352132929262,1.38065050175979,1.04867564561083,-0.94321485390762,-0.37897017298633,-0.803373314139379,1.67437436899384,1.24404196199551,"Graphic Designer","Bachelor's","Medium"
0.642442902574966,-0.420795862427064,1.01659197902663,-0.122861300700611,-1.61974053511759,-0.996821844449186,-1.20531379818003,0.175779362742033,1.45032167930864,1.74842251486705,-0.733461359178837,0.697255125893867,0.335217127213154,-0.0400021180305694,0.615690926117802,"Teacher","Bachelor's","Low"
1.40232306172226,1.52433139070266,1.54475267932333,0.74619439604048,-1.05495400387303,-0.892614756682115,-1.13588994496817,-0.37909433261622,0.927787847692237,1.573485797553,-0.24403653814501,0.94027374177004,-0.11331850119845,-0.704760347693095,0.860049662292467,"Teacher","PhD","Low"
0.130192713915632,-0.420795862427064,-1.06084010880704,-0.644294718745265,-1.33734726949531,-1.0662932362939,1.50221647708279,0.314497786581596,-1.33652542264551,-1.08555230562064,1.57382708283778,0.836122906394537,0.783752755624759,-1.5094676783372,1.41858391640599,"Research Scientist","Master's","Low"
-0.502376167522214,-1.45056911408398,0.55885270543616,1.61525009278157,-1.70042432529539,-0.0589580545455473,-1.55243306423937,0.00238133294257918,-0.883662768577963,1.46852376716457,-0.348913285509401,0.454236510017693,1.23228838403636,1.67437436899384,0.0222482811221885,"Doctor","PhD","Low"
-0.699353239729495,0.952235139782153,-1.4833686690444,-1.68716155483457,1.40590159654971,-1.48312158736218,-0.406939486243561,-1.73159896505196,0.405254016075833,-0.210868719050362,-1.29280401178893,-0.691422679112839,0.231708905272015,0.554781561141164,-0.117385282406191,"Retail Worker","Bachelor's","High"
-1.21481077106376,-0.649634362795267,-1.37773652898506,-1.44382595974707,-1.78110811547318,0.149456120988595,0.738554091752246,-1.28076408757338,0.474925193624687,-0.0359320017363069,1.7136627459903,0.766689016144202,0.542233571095433,0.239896083932599,1.76766782522693,"AI Engineer","PhD","Low"
0.883166973069151,0.151300388493443,0.136324145198803,-0.122861300700611,-0.0867485217394923,-0.232636534157332,0.113739412845442,-0.795249604134909,1.48515726808307,-0.000944658273495871,1.18927900916834,-0.0665176668598212,0.749250014977712,-0.56481124671151,0.441148971707328,"Marketing Manager","PhD","Medium"
0.691419892070542,0.952235139782153,-0.462257981804119,1.33715226982442,-0.611193157895159,-0.0242223586231903,-1.0664660917563,1.25084714749865,-0.883662768577963,0.488878150205858,-1.1529683486364,-0.344253227861162,1.37029934662455,-1.15959492588324,0.580782535235707,"Mechanic","PhD","Medium"
-0.215940240165492,0.265719638677545,-0.286204415038554,0.155236522256539,-1.25666347931752,0.357870296522737,0.495570605510712,-0.795249604134909,-0.361128936961559,-1.57537511409999,0.944566598651428,1.18329235764621,-1.0448924986687,-1.05463310014706,-1.58353769945418,"Research Scientist","Master's","Low"
0.318356817511615,-1.33614986389988,1.08701340573286,-0.470483579397047,1.28487591128302,-0.71893627707033,0.356722899086977,0.765332664060177,-0.186950993089425,1.32857439331332,0.0705937039481649,-1.24689380111552,0.404222608507248,-0.144963943766757,1.55821747993436,"Construction Worker","Master's","High"
0.481006654603413,1.29549289033446,-0.35662584174478,0.537621028822618,0.0342771635272,-0.441050709691474,1.71048803671839,-0.691210786255237,-0.779156002254683,1.29358704985051,-1.74726991703462,-1.03859213036452,0.300714386566108,-1.19458220112864,1.73275943434484,"Graphic Designer","Master's","Medium"
1.17041195983937,0.036881138309342,0.347588425317481,-1.16572813678992,-0.328799892272877,0.392605992445094,0.18316326605731,0.973410299819522,-0.813991591029109,0.55885283713148,-0.733461359178837,0.315368729517023,0.369719867860201,-1.33453130211022,0.196790235532663,"Mechanic","Bachelor's","Medium"
-0.979807906422157,-0.764053612979368,-0.0045187082136494,0.711432168170836,-0.691876948072953,1.53888395788287,-0.129244073396093,1.52828399517777,-1.37136101141994,1.60847314101581,-1.36272184336519,-0.135951557110156,1.50831030921273,-0.949671274410867,-1.61844609033627,"UX Researcher","High School","Medium"
0.748458580722027,-0.191957362058861,0.347588425317481,0.0509498386476076,-0.772560738250748,0.531548776134522,-1.13588994496817,1.49360438921788,0.649103137496822,0.768776897908346,-0.94321485390762,1.32216013814688,0.128200683330876,1.25452706604909,-0.780644709165995,"UX Researcher","PhD","Medium"
-0.230127674880729,-1.45056911408398,-0.391836555097893,-0.957154769572057,1.5672691769053,0.983112823125163,1.46750455047685,-0.41377393857611,0.022062539557137,-0.455780123290039,-0.838338106543229,0.870839851519705,-0.561854129610054,-0.249925769502946,-0.326835627698761,"Retail Worker","High School","High"
0.113635890918013,1.63875064088676,1.4743312526171,0.607145484561905,1.28487591128302,0.983112823125163,0.495570605510712,-1.52352132929262,-1.40619660019437,-1.57537511409999,-0.139159790780618,1.14857541252105,-0.665362351551193,-0.424862145729926,1.45349230728808,"Truck Driver","High School","High"
0.753284042223951,-1.33614986389988,0.594063418789273,-0.783343630223839,-0.611193157895159,-1.65680006697397,-1.34416150460377,-0.725890392215128,0.161404894654845,-1.50540042717437,-1.25784509600079,-1.10802602061485,0.438725349154294,0.414832460159579,0.196790235532663,"Financial Analyst","Bachelor's","Medium"
-0.0839479758493907,0.723396639413951,-0.462257981804119,-1.37430150400778,1.04282454074964,1.39994117419345,1.67577611011245,0.522575422340941,1.45032167930864,0.523865493668669,-1.64239316967023,1.7387634796489,-1.38991990513917,0.624756111631956,-0.850461490930185,"Customer Support","Master's","High"
-0.0597628783816638,1.29549289033446,0.523641992083047,-0.192385756439898,1.04282454074964,-0.579993493380902,-0.545787192667296,1.59764320709756,1.03229461401552,-0.105906688661929,-1.04809160127201,1.07914152227071,-1.18290346125689,-1.01964582490166,-0.431560800345046,"Construction Worker","Master's","High"
-0.769712513724615,1.63875064088676,-1.30731510227883,-1.30477704826849,-1.33734726949531,-0.753671972992687,0.252587119269176,-0.171016696856875,-0.256622170638279,-1.33046370986031,-1.25784509600079,1.11385846739588,1.3357966059775,-0.949671274410867,-1.33917896327951,"Teacher","PhD","Low"
-0.361397564720494,-0.306376612242962,0.382799138670594,0.780956623910123,-1.458372954762,0.635755863901593,0.738554091752246,1.52828399517777,-1.54553895529208,-1.05056496215783,-1.50255750651771,1.28744319302172,0.990769199507038,0.239896083932599,-1.4439041359258,"Teacher","Master's","Low"
1.69063716271745,-1.33614986389988,-0.708732975275911,0.224760977995826,-0.409483682450671,-1.48312158736218,0.807977944964114,-0.691210786255237,-0.186950993089425,-1.26048902293469,1.04944334601582,0.245934839266687,1.37029934662455,-0.00501484278517327,1.55821747993436,"Lawyer","Bachelor's","Medium"
1.07760128711973,0.380138888861646,0.277166998611255,1.51096340917264,-1.4987148498509,-0.441050709691474,-1.55243306423937,0.314497786581596,0.753609903820102,0.978700958685212,-1.22288618021266,-0.205385447360492,-1.1138979799628,0.554781561141164,-1.16463700886904,"AI Engineer","High School","Low"
0.691940001693504,-1.33614986389988,-1.27210438892572,-1.30477704826849,-1.5390567449398,1.74729813341702,-0.580499119273229,1.52828399517777,-0.395964525735986,-0.175881375587551,1.04944334601582,-1.42047852674136,-1.1138979799628,1.63938709374844,0.0571566720042835,"Doctor","Bachelor's","Low"
1.29070175763883,-1.10731136353167,1.43912053926399,1.30239004195478,-1.37768916458421,-1.17050032406097,1.15509721102345,-0.621851574335455,-0.291457759412706,0.663814867519913,-0.523707864450054,0.454236510017693,1.3357966059775,1.04460341457671,-0.396652409462951,"Nurse","Master's","Low"
-1.31796584628453,1.29549289033446,-0.743943688629024,-0.50524580726669,-1.33734726949531,-0.267372230079689,-1.2747376513919,-1.17672526969371,-0.570142469608121,0.243966745966181,0.315306114465078,-0.0318007217346536,0.818255496271805,0.834679763104332,-0.222110455052476,"Teacher","Master's","Low"
0.846557034608446,1.63875064088676,0.10111343184569,-0.400959123657759,-0.570851262806261,1.6778267415723,-0.441651412849495,0.45321621042116,-0.047608637991717,-1.22550167947188,-1.53751642230584,0.454236510017693,-0.872378795433472,-0.914683999165471,1.62803426169855,"Financial Analyst","Master's","Medium"
-0.247522452270899,0.494558139045748,-1.65942223580996,-0.540008035136334,1.40590159654971,-0.579993493380902,-1.62185691745124,-0.205696302816766,-1.37136101141994,0.453890806743047,0.42018286182947,-1.5940632523672,-0.734367832845286,-0.319900319993738,0.196790235532663,"Security Guard","Master's","High"
-0.176151854008909,-1.22173061371577,-0.743943688629024,1.68477454852086,-0.732218843161851,1.71256243749466,-1.55243306423937,-0.725890392215128,-0.047608637991717,-1.22550167947188,-1.29280401178893,-0.830290459613509,1.61181853115387,-0.424862145729926,0.266607017296853,"Financial Analyst","Bachelor's","Medium"
-0.880582548352653,0.380138888861646,0.840538412261064,0.676669940301192,1.12350833092743,-1.34417880367276,-0.754058752302897,-1.00332723989425,-1.26685424509666,-1.64534980102561,1.53886816704965,1.46102791864756,-1.5624336083744,-1.15959492588324,-1.23445379063323,"Customer Support","Master's","High"
-1.28670147894871,-1.67940761445218,-1.06084010880704,1.58048786491193,-0.691876948072953,-0.996821844449186,-1.44829728442157,1.66700241901734,1.45032167930864,0.803764241371157,-0.24403653814501,-1.07330907548968,-0.975887017374611,-0.21493849425755,0.964774834938751,"Lawyer","Bachelor's","Medium"
0.768945120870914,1.40991214051856,-0.673522261922798,0.3638098894744,1.04282454074964,0.288398904678023,-0.372227559637628,-1.62756014717229,-0.361128936961559,1.50351111062738,-0.733461359178837,-0.621988788862503,-1.49342812708031,0.414832460159579,1.24404196199551,"Construction Worker","Bachelor's","High"
0.470748937039442,-1.22173061371577,-0.919997255394589,1.61525009278157,0.397354219327277,0.253663208755666,-0.649922972485096,-0.968647633934363,0.753609903820102,0.104017372114937,0.0705937039481649,-1.48991241699169,0.0246924613897364,1.1145779650675,1.59312587081646,"UX Researcher","PhD","Medium"
1.19638854600841,0.837815889598052,0.241956285258142,0.780956623910123,-1.05495400387303,1.39994117419345,-1.72599269726904,-1.73159896505196,-0.117279815540571,-1.6103624575628,1.64374491441404,-0.96915824011418,-0.11331850119845,-1.5444549535826,0.0920650628863784,"Teacher","PhD","Low"
-0.192130777425459,1.63875064088676,-1.62421152245685,-0.540008035136334,-1.41803105967311,1.71256243749466,-0.997042238544432,0.141099756782142,1.69417080072963,1.04867564561083,1.7136627459903,1.63461264427339,-0.0443130199043566,0.694730662122748,-1.33917896327951,"Doctor","PhD","Low"
0.423794596077607,-1.10731136353167,1.08701340573286,0.0509498386476076,0.316670429149482,0.878905735358092,-0.858194532120698,1.32020635941843,-0.152115404314998,-0.980590275232204,1.29415575653273,-0.274819337610827,0.852758236918852,0.169921533441807,-0.396652409462951,"HR Specialist","High School","Medium"
-1.60073211130147,0.265719638677545,0.277166998611255,-0.366196895788116,-0.651535052984056,1.39994117419345,-1.5871449908453,1.25084714749865,-0.500471292059267,0.523865493668669,1.46895033547339,-1.21217685599035,0.231708905272015,0.904654313595124,0.929866444056657,"Mechanic","Master's","Medium"
1.71776954804863,1.06665438996625,0.418009852023707,0.920005535388698,1.6479529670831,0.913641431280449,-0.511075266061362,1.73636163093712,-0.256622170638279,-1.64534980102561,-0.488748948661924,-1.28161074624069,-1.32091442384508,-0.774734898183887,-1.54862930857208,"Construction Worker","Master's","High"
-1.0814893377112,-1.56498836426808,-1.51857938239751,-1.02667922531134,0.881456960394045,-1.51785728328454,-0.788770678908831,0.245138574661815,1.58966403440635,1.36356173677613,1.32911467232086,-1.10802602061485,-0.837876054786425,-1.47448040309181,0.999683225820846,"Construction Worker","High School","High"
1.08913038376205,-1.33614986389988,0.206745571905029,-0.852868085963126,1.04282454074964,1.71256243749466,0.912113724781914,1.18148793557887,0.231076072203698,1.32857439331332,0.525059609193862,1.56517875402306,-0.768870573492332,0.344857909668787,0.685507707881992,"Construction Worker","Master's","High"
1.19919135897659,1.18107364015036,1.33348839920465,1.68477454852086,1.28487591128302,-0.37157931784676,-0.0945321467901593,1.21616754153876,0.509760782399114,-1.57537511409999,0.140511535524426,-1.66349714261753,0.956266458859991,-0.599798521956906,-0.0824768915240963,"Security Guard","High School","High"
-1.39658908428893,-0.649634362795267,-1.58900080910374,-1.16572813678992,-0.167432311917287,-0.927350452604472,-0.545787192667296,1.73636163093712,1.1368013803388,1.36356173677613,1.53886816704965,-0.552554898612168,-0.69986509219824,-0.949671274410867,1.17422518023132,"Financial Analyst","PhD","Medium"
0.388456036695253,-1.10731136353167,1.43912053926399,-0.922392541702414,0.316670429149482,0.184191816910952,0.148451339451376,0.765332664060177,-1.02300512367567,-1.15552699254626,0.525059609193862,-0.726139624238006,1.61181853115387,-0.179951219012154,-1.33917896327951,"Mechanic","Bachelor's","Medium"
1.28148425932078,-0.649634362795267,-0.673522261922798,-1.20049036465956,-0.12709041682839,1.60835534972759,-0.302803706425761,-0.517812756455783,-0.221786581863852,-1.68033714448842,-1.29280401178893,1.21800930277138,1.64632127180092,-1.19458220112864,0.161881844650568,"Data Scientist","Bachelor's","Medium"
1.36629102284262,-0.764053612979368,-1.20168296221949,-1.06144145318099,1.72863675726089,0.739962951668664,-1.20531379818003,-0.37909433261622,-1.54553895529208,-0.210868719050362,0.979525514439559,0.176500949016352,0.507730830448387,-0.599798521956906,-1.16463700886904,"Customer Support","PhD","High"
1.34201924043773,-0.649634362795267,1.12222411908597,0.502858800952974,-1.5793986400287,-0.267372230079689,1.05096143120565,0.141099756782142,-0.709484824705829,-0.770666214455338,-0.978173769695751,1.11385846739588,0.266211645919061,0.729717937368144,1.27895035287761,"Nurse","High School","Low"
0.118779197189524,1.18107364015036,-0.884786542041476,-1.09620368105063,-0.0867485217394923,-1.58732867512926,1.01624950459972,1.32020635941843,0.649103137496822,-0.770666214455338,-1.32776292757706,-0.413687118111498,1.12878016209522,-0.529823971466114,-1.61844609033627,"Software Engineer","PhD","Medium"
0.6297002168124,-1.22173061371577,1.72080624608889,0.641907712431549,1.72863675726089,0.948377127202806,0.148451339451376,-1.2114048756536,-0.535306880833694,0.313941432891803,1.29415575653273,-0.795573514488342,-1.32091442384508,0.204908808687203,-1.09482022710485,"Retail Worker","PhD","High"
-0.449527250833478,1.52433139070266,-0.849575828688363,-0.922392541702414,-0.167432311917287,0.32313460060038,0.18316326605731,-0.899288422014582,1.34581491298536,-1.33046370986031,-1.6074342538821,0.35008567464219,-1.32091442384508,-0.00501484278517327,1.59312587081646,"Data Scientist","PhD","Medium"
-1.41956059263642,0.608977389229849,0.418009852023707,0.25952320586547,0.96214075057184,-0.232636534157332,-0.545787192667296,1.56296360113766,-0.91849835735239,-0.0709193451991179,1.53886816704965,1.00970763202038,1.57731579050683,0.379845184914183,-0.571194363873425,"Construction Worker","PhD","High"
0.783363715418579,-1.10731136353167,-0.743943688629024,-1.16572813678992,0.316670429149482,0.496813080212165,1.32865684405312,1.59764320709756,1.24130814666208,-1.50540042717437,0.560018524981992,0.974990686895208,1.64632127180092,-0.459849420975322,-1.12972861798694,"Data Scientist","High School","Medium"
1.73293941205168,1.52433139070266,-0.638311548569685,0.3638098894744,-0.167432311917287,-0.336843621924403,0.807977944964114,-0.483133150495892,0.649103137496822,-1.68033714448842,-0.628584611814446,-0.621988788862503,0.852758236918852,-0.669773072447699,0.476057362589423,"Data Scientist","High School","Medium"
0.434196788536844,0.494558139045748,0.55885270543616,0.3638098894744,-0.12709041682839,-0.441050709691474,0.217875192663243,-1.52352132929262,1.31097932421093,1.18862501946208,-0.523707864450054,0.245934839266687,1.47380756856569,-0.809722173429283,0.860049662292467,"UX Researcher","PhD","Medium"
0.0853766014037511,-1.22173061371577,0.10111343184569,-1.09620368105063,0.19564474388279,-0.71893627707033,1.01624950459972,1.07744911769919,-0.152115404314998,-1.08555230562064,0.525059609193862,1.70404653452373,0.404222608507248,-1.61442950407339,-1.65335448121837,"Mechanic","High School","Medium"
0.636461641910905,-1.56498836426808,-1.06084010880704,1.09381667473692,-0.974270213695235,-0.823143364837401,-0.580499119273229,-0.899288422014582,1.41548609053421,0.0340426851893152,0.560018524981992,-0.274819337610827,0.438725349154294,-0.38987487048453,-0.53628597299133,"Teacher","PhD","Low"
0.719332441836162,1.52433139070266,0.312377711964368,-0.713819174484552,-1.66008243020649,-0.441050709691474,-0.268091779819827,0.45321621042116,1.41548609053421,-1.57537511409999,-0.90825593811949,-1.07330907548968,-0.00981027925731013,-0.249925769502946,0.825141271410372,"Teacher","PhD","Low"
0.12033952605841,0.380138888861646,1.57996339267644,1.05905444686727,1.00248264566074,-0.71893627707033,1.67577611011245,-0.448453544536001,0.962623436466664,-0.14089403212474,1.2591968407446,0.697255125893867,-1.66594183031554,-0.739747622938491,0.231698626414758,"Truck Driver","High School","High"
1.58271441595286,-0.420795862427064,-1.41294724233817,0.3638098894744,-0.328799892272877,1.36520547827109,0.946825651387848,-0.448453544536001,-1.16234747877338,-1.68033714448842,0.42018286182947,-0.309536282735995,-0.665362351551193,1.70936164423923,-0.0824768915240963,"Chef","Bachelor's","Medium"
1.06332716746733,0.494558139045748,-1.13126153551327,-1.68716155483457,1.20419212110522,0.601020167979236,0.0443155596335751,1.35488596537832,-0.256622170638279,-0.630716840604094,1.46895033547339,-0.309536282735995,-0.803373314139379,-1.40450585260102,1.03459161670294,"Construction Worker","Master's","High"
0.545962567515539,0.151300388493443,-1.65942223580996,-0.470483579397047,0.397354219327277,1.57361965380523,-0.406939486243561,1.28552675345854,-0.395964525735986,-1.08555230562064,-1.74726991703462,-0.587271843737336,-0.423843167021868,1.56941254325765,-0.990095054458564,"Software Engineer","Bachelor's","Medium"
-0.963915667942766,-1.67940761445218,0.91095983896729,1.476201181303,1.04282454074964,-0.232636534157332,-1.30944957799783,-0.136337090896984,-1.30168983387109,0.104017372114937,0.804730935498906,0.176500949016352,-0.872378795433472,-0.529823971466114,0.510965753471518,"Retail Worker","High School","High"
-1.31597209272984,-0.0775381118747595,-1.27210438892572,1.19810335834585,-0.0464066266505949,-1.17050032406097,-1.30944957799783,1.63232281305745,-0.779156002254683,1.46852376716457,-0.313954369721271,-0.37897017298633,0.680244533683619,-1.71939132980958,-0.53628597299133,"Chef","Bachelor's","Medium"
-1.35752307260869,-0.535215112611165,1.29827768585153,0.120474294386895,1.16385022601633,-0.788407668915044,0.322010972481044,-1.2114048756536,-0.883662768577963,-0.700691527529716,0.38522394604134,-0.448404063236665,0.0246924613897364,0.519794285895768,1.62803426169855,"Security Guard","High School","High"
-0.989632199300325,-0.764053612979368,0.875749125614177,1.58048786491193,-1.33734726949531,-0.302107926002046,-1.44829728442157,1.35488596537832,-0.883662768577963,-1.50540042717437,0.140511535524426,1.21800930277138,-0.320334945080728,0.974628864085917,1.20913357111342,"Teacher","Master's","Low"
1.67728768239476,1.40991214051856,0.312377711964368,0.120474294386895,0.720089380038456,0.809434343513378,1.50221647708279,-0.968647633934363,-0.674649235931402,-1.47041308371156,0.000675872371903821,1.28744319302172,-0.5963568702571,-1.29954402686483,-1.47881252680789,"Graphic Designer","PhD","Medium"
0.893626955486495,-1.10731136353167,-1.20168296221949,-0.50524580726669,0.518379904593969,-0.406315013769117,0.391434825692911,0.00238133294257918,0.753609903820102,-1.15552699254626,1.46895033547339,0.488953455142861,-0.803373314139379,-1.33453130211022,-1.19954539975113,"Data Scientist","High School","Medium"
-0.584611277908296,-1.45056911408398,0.312377711964368,-0.400959123657759,-0.288457997183979,1.26099839050402,1.29394491744718,0.279818180621705,0.0568981283315639,1.15363767599927,0.874648767075167,-0.344253227861162,-1.45892538643326,0.939641588840521,-1.12972861798694,"HR Specialist","PhD","Medium"
0.702891198754757,-1.33614986389988,1.19264554579219,0.294285433735113,1.68829486217199,-0.0589580545455473,1.50221647708279,-0.517812756455783,0.753609903820102,-0.665704184066905,-1.74726991703462,-0.413687118111498,0.818255496271805,-1.22956947637404,0.0222482811221885,"Retail Worker","PhD","High"
-0.388154315323977,1.29549289033446,-1.51857938239751,0.433334345213688,1.76897865234979,-0.649464885225616,0.28729904587511,1.56296360113766,0.509760782399114,0.628827524057102,-1.11800943284827,-0.0318007217346536,-0.458345907668914,-0.109976668521362,1.06950000758504,"Truck Driver","High School","High"
-1.01688016454772,-0.191957362058861,-1.55379009575062,1.44143895343335,1.36555970146081,1.46941256603816,0.252587119269176,-1.48884172333273,0.161404894654845,0.313941432891803,-1.01313268548388,-0.101234611984989,-0.147821241845496,0.414832460159579,-0.81555310004809,"Truck Driver","Bachelor's","High"
1.05665242730599,-0.87847286316347,-0.919997255394589,-0.157623528570254,-1.70042432529539,-1.58732867512926,-0.615211045879163,-0.795249604134909,-0.326293348187133,1.64346048447862,0.0705937039481649,0.176500949016352,1.50831030921273,1.46445071752146,1.3487671346418,"Nurse","Master's","Low"
-1.36873432448142,-1.22173061371577,0.45322056537682,1.09381667473692,1.6479529670831,0.288398904678023,-1.65656884405717,1.63232281305745,-0.117279815540571,-0.350818092901606,-0.383872201297532,-0.274819337610827,-0.906881536080518,-0.599798521956906,1.73275943434484,"Construction Worker","Master's","High"
-1.22680218737094,1.63875064088676,0.10111343184569,1.23286558621549,-1.29700537440641,-0.614729189303259,0.0790274862395087,-1.35012329949316,-1.30168983387109,0.698802210982724,1.46895033547339,0.80140596126937,-1.49342812708031,-0.354887595239134,-1.72317126298256,"AI Engineer","Master's","Low"
-0.872434164259584,0.723396639413951,-1.09605082216015,1.30239004195478,-1.70042432529539,-1.72627145881868,-0.163956000002026,-1.17672526969371,0.823281081368956,1.50351111062738,-1.6074342538821,-0.344253227861162,1.71532675309501,0.799692487858936,1.59312587081646,"AI Engineer","High School","Low"
0.863518387312814,-1.10731136353167,-0.990418682100815,-1.20049036465956,-0.328799892272877,0.774698647591021,-1.1706018715741,0.0717405448623608,-0.813991591029109,1.18862501946208,-1.71231100124649,-0.96915824011418,0.369719867860201,-1.40450585260102,-0.0824768915240963,"Financial Analyst","Bachelor's","Medium"
0.711444112554574,-0.764053612979368,1.22785625914531,0.468096573083331,0.235986638971687,1.57361965380523,1.67577611011245,0.522575422340941,0.0568981283315639,0.418903463280236,-0.418831117085662,1.70404653452373,0.714747274330666,-0.739747622938491,-1.51372091768999,"Marketing Manager","High School","Medium"
-0.0182118985028212,-1.10731136353167,0.629274132142386,1.61525009278157,-1.61974053511759,0.184191816910952,0.356722899086977,1.73636163093712,-1.0578407124501,0.104017372114937,-0.523707864450054,0.107067058766017,-0.941384276727565,-1.579442228828,0.266607017296853,"Doctor","Bachelor's","Low"
-0.676410626361066,0.036881138309342,-1.13126153551327,-0.609532490875621,-0.732218843161851,1.57361965380523,0.28729904587511,1.07744911769919,-0.291457759412706,1.43353642370176,-0.0692419592043573,0.245934839266687,-0.0443130199043566,0.799692487858936,0.266607017296853,"Financial Analyst","Master's","Medium"
1.13839632304816,-0.420795862427064,-1.23689367557261,0.398572117344044,-0.00606473156169745,-1.37891449959511,-0.337515633031694,0.03706093890247,1.1368013803388,-1.43542574024875,-0.523707864450054,1.11385846739588,0.507730830448387,-0.739747622938491,1.24404196199551,"HR Specialist","Bachelor's","Medium"
-0.791586012868067,1.06665438996625,-0.0045187082136494,1.68477454852086,0.720089380038456,-0.475786405613831,-1.24002572478597,-0.587171968375564,-1.65004572161536,-1.64534980102561,-0.348913285509401,1.53046180889789,1.26679112468341,0.0299724324602228,0.266607017296853,"Chef","PhD","Medium"
-0.0918074101519256,-0.535215112611165,-0.990418682100815,-1.65239932696493,0.397354219327277,-1.20523601998333,1.29394491744718,0.48789581638105,-0.953333946126817,-1.15552699254626,0.455141777617601,1.39159402839722,0.749250014977712,-0.529823971466114,0.336423799061043,"UX Researcher","Bachelor's","Medium"
-1.56715614564137,0.265719638677545,1.756016959442,0.885243307519054,0.19564474388279,-0.267372230079689,0.426146752298844,-0.552492362415673,-1.65004572161536,-0.315830749438795,1.50390925126152,0.454236510017693,-1.45892538643326,1.32450161653988,-0.780644709165995,"Graphic Designer","Master's","Medium"
1.46144218886559,1.52433139070266,-0.708732975275911,0.294285433735113,0.0746190586160974,-0.0242223586231903,0.77326601835818,-0.621851574335455,0.962623436466664,-1.08555230562064,0.979525514439559,0.558387345393196,0.611239052389526,-0.0749893932759655,0.615690926117802,"Mechanic","Master's","Medium"
1.27472283422228,1.52433139070266,1.22785625914531,-1.51335041548635,-0.570851262806261,0.288398904678023,0.842689871570047,-1.45416211737283,1.45032167930864,1.67844782794143,0.38522394604134,-0.0665176668598212,0.818255496271805,-0.599798521956906,-0.0126601097599064,"UX Researcher","PhD","Medium"
-0.061294312271496,1.63875064088676,1.61517410602955,1.51096340917264,-1.5390567449398,-0.927350452604472,-0.68463489909103,-0.205696302816766,-0.674649235931402,-0.420792779827228,0.42018286182947,0.905556796644873,0.818255496271805,1.07959068982211,-1.61844609033627,"Doctor","PhD","Low"
-1.18227502464959,1.40991214051856,1.01659197902663,0.120474294386895,1.36555970146081,-1.5525929792069,-0.823482605514764,0.48789581638105,1.24130814666208,1.50351111062738,0.000675872371903821,0.176500949016352,1.12878016209522,0.134934258196411,0.0920650628863784,"Truck Driver","Master's","High"
1.29073065261788,-0.306376612242962,1.01659197902663,1.44143895343335,1.00248264566074,0.0799847291438808,1.18980913762938,-1.35012329949316,0.997459025241091,-1.08555230562064,1.08440226180395,0.384802619767358,-1.07939523931575,-0.109976668521362,0.650599316999897,"Construction Worker","High School","High"
-1.3672606805497,-0.87847286316347,-0.250993701685441,1.40667672556371,0.0342771635272,0.0452490332215238,-1.51772113763344,1.45892478325799,-1.12751188999895,0.139004715577748,1.04944334601582,-0.96915824011418,0.0936979426838294,-0.914683999165471,0.929866444056657,"Software Engineer","Bachelor's","Medium"
-0.460333972999463,0.380138888861646,1.26306697249842,1.37191449769406,-1.17597968913972,0.809434343513378,0.18316326605731,-0.41377393857611,0.509760782399114,1.46852376716457,-0.27899545393314,-0.656705733987671,-0.389340426374821,-0.21493849425755,-1.47881252680789,"AI Engineer","PhD","Low"
-0.261536517111816,1.40991214051856,-0.743943688629024,0.3638098894744,-0.530509367717364,0.184191816910952,1.25923299084125,0.03706093890247,0.614267548722395,-1.43542574024875,-0.174118706568749,-1.42047852674136,0.335217127213154,-0.774734898183887,-0.710827927401805,"Marketing Manager","High School","Medium"
0.150072459504397,1.40991214051856,-0.673522261922798,0.0509498386476076,0.114960953704995,-1.48312158736218,0.530282532116645,-0.0322982730173117,0.126569305880418,1.18862501946208,-0.558666780238185,-1.14274296574002,0.162703423977922,1.56941254325765,0.0920650628863784,"Data Scientist","Bachelor's","Medium"
-1.34405801236979,-1.10731136353167,0.91095983896729,0.0857120665172512,0.235986638971687,-0.302107926002046,0.113739412845442,0.03706093890247,0.718774315045675,-0.280843405975984,-1.39768075915332,1.00970763202038,0.611239052389526,1.56941254325765,-0.222110455052476,"HR Specialist","Master's","Medium"
0.719448021752376,-0.87847286316347,-1.34252581563195,0.954767763258342,-1.74076622038429,1.4346768701158,-0.754058752302897,1.38956557133821,0.927787847692237,1.32857439331332,-1.01313268548388,0.35008567464219,-1.42442264578622,-1.05463310014706,-0.641011145637615,"Doctor","Bachelor's","Low"
0.444194451289334,0.608977389229849,1.22785625914531,1.12857890260656,0.397354219327277,0.462077384289808,0.634418311934446,1.07744911769919,0.544596371173541,-0.560742153678472,-0.418831117085662,1.39159402839722,-1.66594183031554,0.694730662122748,1.59312587081646,"UX Researcher","High School","Medium"
0.877156817426036,1.06665438996625,1.72080624608889,0.676669940301192,-0.772560738250748,1.15679130273695,-0.754058752302897,-0.171016696856875,-0.674649235931402,-0.770666214455338,-0.24403653814501,-0.413687118111498,0.438725349154294,1.07959068982211,-0.67591953651971,"Financial Analyst","Master's","Medium"
-0.902629417370426,0.608977389229849,0.594063418789273,0.607145484561905,0.639405589860661,-1.65680006697397,1.22452106423532,0.0717405448623608,0.405254016075833,-1.40043839678594,-0.24403653814501,-0.934441294989012,-0.872378795433472,-0.00501484278517327,1.10440839846713,"Lawyer","Bachelor's","Medium"
-0.906876979291281,1.52433139070266,0.312377711964368,0.155236522256539,1.24453401619412,1.64309104564995,0.217875192663243,-0.864608816054691,-0.953333946126817,0.418903463280236,0.0705937039481649,-1.6982140877427,1.12878016209522,0.694730662122748,0.580782535235707,"Truck Driver","High School","High"
1.33153036304134,-1.56498836426808,-0.497468695157232,1.54572563704228,0.599063694771764,-0.71893627707033,-1.1706018715741,-0.171016696856875,-0.500471292059267,0.663814867519913,1.64374491441404,-0.483121008361833,-1.52793086772735,1.39447616703067,-1.58353769945418,"UX Researcher","PhD","Medium"
-0.833136992746909,-1.33614986389988,0.55885270543616,1.54572563704228,-0.490167472628466,-1.58732867512926,-0.0251082935782921,-0.171016696856875,-0.604978058382548,1.64346048447862,1.11936117759208,0.558387345393196,-1.18290346125689,0.799692487858936,0.825141271410372,"Financial Analyst","PhD","Medium"
0.685062996678786,0.265719638677545,1.4743312526171,-1.13096590892028,-0.369141787361774,-1.51785728328454,1.05096143120565,0.418536604461269,-0.674649235931402,-1.15552699254626,-1.6074342538821,-1.14274296574002,-0.182323982492542,-0.879696723920075,-0.81555310004809,"Lawyer","PhD","Medium"
1.6414579083685,-1.56498836426808,0.0659027184925768,0.815718851779767,-0.772560738250748,-0.441050709691474,-0.0598202201842257,-1.07268645181404,-1.33652542264551,1.32857439331332,1.53886816704965,-1.45519547186653,-0.527351388963007,1.60439981850305,-1.4439041359258,"HR Specialist","High School","Medium"
1.46762571438302,0.265719638677545,1.65038481938266,1.68477454852086,-1.33734726949531,-1.17050032406097,-1.03175416515037,1.35488596537832,1.41548609053421,0.418903463280236,0.944566598651428,0.836122906394537,0.542233571095433,1.1495652403129,0.685507707881992,"Teacher","PhD","Low"
-1.00477316832433,1.40991214051856,-0.919997255394589,0.850481079649411,-0.0464066266505949,-0.71893627707033,1.05096143120565,0.695973452140395,1.51999285685749,-1.12053964908345,0.525059609193862,-0.899724349863845,1.37029934662455,-1.40450585260102,0.580782535235707,"Lawyer","Master's","Medium"
-0.590939278320999,0.494558139045748,-0.532679408510346,1.58048786491193,0.558721799682866,-0.71893627707033,-1.6912807706631,-0.691210786255237,-0.779156002254683,1.39854908023894,1.64374491441404,-1.48991241699169,-0.11331850119845,0.169921533441807,-1.4089957450437,"Software Engineer","Master's","Medium"
1.48447148717118,-0.420795862427064,0.523641992083047,1.61525009278157,-0.288457997183979,-0.996821844449186,0.217875192663243,0.141099756782142,0.300747249752552,-0.49076746675285,-1.71231100124649,-1.5940632523672,0.542233571095433,0.0649597077056189,1.13931678934923,"Marketing Manager","PhD","Medium"
1.42847301776562,0.494558139045748,1.12222411908597,-0.227147984309541,-0.651535052984056,1.6778267415723,0.0443155596335751,0.45321621042116,0.579431959947968,-0.455780123290039,0.874648767075167,1.28744319302172,-0.389340426374821,0.554781561141164,0.929866444056657,"Financial Analyst","Bachelor's","Medium"
-1.54268209838311,0.494558139045748,-0.603100835216572,-1.33953927613814,0.155302848793892,1.05258421496988,0.391434825692911,-1.10736605777393,0.161404894654845,1.18862501946208,-0.698502443390707,1.14857541252105,0.956266458859991,-1.68440405456418,-0.885369881812279,"Mechanic","Bachelor's","Medium"
-1.19701146396684,-0.87847286316347,0.770116985554838,1.33715226982442,1.44624349163861,-0.406315013769117,-1.10117801836223,0.90405108789974,-1.02300512367567,0.733789554445535,-1.11800943284827,-1.42047852674136,-0.872378795433472,-0.774734898183887,0.545874144353612,"Security Guard","High School","High"
1.41362099853215,1.63875064088676,-1.06084010880704,-1.61763709909529,1.32521780637192,-1.44838589143983,-0.0945321467901593,1.49360438921788,0.753609903820102,-1.43542574024875,-0.978173769695751,0.593104290518364,1.3357966059775,-1.64941677931879,1.10440839846713,"Truck Driver","Master's","High"
0.243692191637533,-0.420795862427064,0.171534858551916,1.61525009278157,-1.05495400387303,1.22626269458166,-0.511075266061362,0.175779362742033,0.405254016075833,-0.595729497141283,0.245388282888817,-0.899724349863845,-1.25190894255098,-0.459849420975322,0.860049662292467,"Nurse","Master's","Low"
0.634727943167698,-1.67940761445218,-0.145361561626102,0.502858800952974,-0.651535052984056,1.39994117419345,0.252587119269176,0.973410299819522,0.997459025241091,-0.805653557918149,0.105552619736295,1.59989569914823,-1.42442264578622,0.624756111631956,1.62803426169855,"Data Scientist","Bachelor's","Medium"
-0.538957211003866,0.265719638677545,1.26306697249842,1.51096340917264,0.397354219327277,-0.927350452604472,-0.580499119273229,-1.5928805412124,1.1368013803388,1.2585997063877,0.455141777617601,-0.517837953487001,-1.45892538643326,0.869667038349728,0.825141271410372,"Data Scientist","Bachelor's","Medium"
-1.11125116613624,0.494558139045748,0.805327698907951,1.1633411304762,0.397354219327277,0.462077384289808,-0.233379853213894,1.38956557133821,0.509760782399114,-0.315830749438795,-1.46759859072958,-0.726139624238006,0.128200683330876,-0.774734898183887,-0.955186663576469,"HR Specialist","Bachelor's","Medium"
0.673591689994571,1.52433139070266,-1.16647224886638,1.05905444686727,-0.0464066266505949,0.253663208755666,-1.20531379818003,-0.621851574335455,-0.326293348187133,1.11865033253646,0.944566598651428,-0.96915824011418,0.404222608507248,-0.914683999165471,1.73275943434484,"Financial Analyst","Bachelor's","Medium"
-0.976773933621546,0.494558139045748,0.206745571905029,0.711432168170836,0.478038009505071,0.774698647591021,0.703842165146313,1.59764320709756,0.335582838526979,0.523865493668669,1.22423792495647,0.593104290518364,0.783752755624759,-0.949671274410867,-0.431560800345046,"HR Specialist","PhD","Medium"
1.20182080207046,1.63875064088676,0.0306920051394637,-0.122861300700611,0.80077317021625,0.392605992445094,1.01624950459972,-0.587171968375564,1.1368013803388,0.453890806743047,0.699854188134514,-0.726139624238006,0.162703423977922,0.449819735404976,0.336423799061043,"Graphic Designer","High School","Medium"
-1.45952234866732,1.63875064088676,1.40390982591087,1.65001232065121,-1.13563779405082,1.64309104564995,1.15509721102345,-0.795249604134909,-0.256622170638279,-0.875628244843771,-1.74726991703462,-1.07330907548968,-1.73494731160963,0.76470521261354,-0.222110455052476,"Doctor","Bachelor's","Low"
-0.0161892499690806,0.380138888861646,0.91095983896729,1.1633411304762,-0.853244528428543,0.496813080212165,-0.129244073396093,-0.656531180295346,-0.988169534901244,-0.980590275232204,-0.313954369721271,1.70404653452373,-1.73494731160963,-1.05463310014706,-1.05991183622275,"Teacher","Bachelor's","Low"
0.448673173042617,0.151300388493443,-0.532679408510346,-0.122861300700611,-0.570851262806261,-0.336843621924403,-1.3788734312097,0.106420150822252,-1.40619660019437,1.04867564561083,0.245388282888817,0.766689016144202,-0.285832204433682,-0.424862145729926,-1.37408735416161,"Financial Analyst","PhD","Medium"
0.937402848752453,-1.67940761445218,0.0306920051394637,-0.088099072830967,-1.05495400387303,1.15679130273695,0.877401798175981,-1.24608448161349,0.405254016075833,-1.43542574024875,0.664895272346384,-0.413687118111498,-1.28641168319803,1.25452706604909,0.406240580825233,"AI Engineer","High School","Low"
0.662004803394143,0.837815889598052,-1.65942223580996,0.155236522256539,1.72863675726089,0.357870296522737,1.64106418350652,-1.24608448161349,0.231076072203698,1.08366298907365,0.105552619736295,-1.42047852674136,0.266211645919061,0.379845184914183,0.825141271410372,"Retail Worker","PhD","High"
-0.280115988643176,-1.67940761445218,0.946170552320403,0.572383256692262,-1.61974053511759,-0.336843621924403,0.981537577993782,1.56296360113766,-1.47586777774322,0.173992059040559,-0.663543527602576,-0.934441294989012,0.0246924613897364,0.379845184914183,-1.68826287210046,"AI Engineer","Bachelor's","Low"
1.34788492118558,1.40991214051856,1.12222411908597,1.65001232065121,-1.61974053511759,0.32313460060038,-0.233379853213894,-0.587171968375564,0.231076072203698,1.01368830214802,-1.67735208545836,1.63461264427339,1.05977468080113,0.869667038349728,0.929866444056657,"Nurse","Bachelor's","Low"
1.09173093187686,-1.33614986389988,0.875749125614177,-0.366196895788116,0.639405589860661,-1.10102893221626,-0.719346825696964,0.175779362742033,-0.639813647156975,-0.245856062513173,-0.0342830434162267,1.25272624789655,0.0591952020367829,-0.494836696220718,-0.850461490930185,"Software Engineer","PhD","Medium"
0.157209519330596,0.036881138309342,0.0659027184925768,0.885243307519054,-1.70042432529539,-0.962086148526829,-0.406939486243561,-0.483133150495892,-0.395964525735986,1.04867564561083,-0.628584611814446,0.00291622339051411,0.404222608507248,-0.949671274410867,0.790232880528277,"Teacher","Bachelor's","Low"
1.10172859462935,-0.87847286316347,-0.180572274979215,1.09381667473692,-0.409483682450671,1.33046978234873,0.217875192663243,0.383856998501378,1.31097932421093,1.15363767599927,0.350265030253209,0.870839851519705,-0.251329463786635,0.169921533441807,-1.51372091768999,"Software Engineer","PhD","Medium"
0.0424964524884503,1.40991214051856,1.15743483243908,-1.51335041548635,0.96214075057184,1.05258421496988,-1.72599269726904,-0.760569998175018,0.265911660978125,0.383916119817425,0.979525514439559,0.0376331685156818,0.0246924613897364,0.799692487858936,0.0222482811221885,"Construction Worker","Master's","High"
-1.57932093182287,-0.992892113347571,1.40390982591087,-0.331434667918472,-0.207774207006184,-1.72627145881868,0.391434825692911,-1.62756014717229,-0.01277304921729,1.08366298907365,0.175470451312557,-0.795573514488342,0.990769199507038,-0.809722173429283,0.825141271410372,"Financial Analyst","PhD","Medium"
-1.28589241953522,0.036881138309342,0.770116985554838,-0.957154769572057,-0.369141787361774,0.878905735358092,-1.10117801836223,-0.864608816054691,-1.68488131038978,0.803764241371157,0.42018286182947,0.662538180768699,-1.01038975802166,0.659743386877352,0.371332189943138,"Data Scientist","PhD","Medium"
-1.26965344130718,-0.420795862427064,-0.215782988332328,0.25952320586547,1.28487591128302,0.496813080212165,-1.10117801836223,0.141099756782142,-0.186950993089425,-0.105906688661929,-0.104200874992488,1.32216013814688,1.09427742144818,0.449819735404976,0.790232880528277,"Retail Worker","High School","High"
0.392732493595162,-1.10731136353167,0.840538412261064,-0.0185746170916797,-0.288457997183979,-1.23997171590569,-1.44829728442157,-1.5928805412124,-1.19718306754781,-1.6103624575628,0.804730935498906,-0.865007404738677,-0.458345907668914,1.1145779650675,-1.33917896327951,"Mechanic","High School","Medium"
1.10681411094275,-0.191957362058861,0.488431278729934,-0.540008035136334,-0.611193157895159,-1.41365019551747,-0.545787192667296,-1.24608448161349,-0.813991591029109,-1.54038777063718,0.350265030253209,-1.21217685599035,0.887260977565898,-0.984658549656263,1.06950000758504,"Data Scientist","Bachelor's","Medium"
-1.51566529296815,0.151300388493443,-0.919997255394589,0.885243307519054,1.68829486217199,1.33046978234873,0.981537577993782,-0.309735120696438,1.6593352119552,-0.385805436364417,0.490100693405731,-1.17745991086519,1.64632127180092,0.694730662122748,0.894958053174562,"Retail Worker","Bachelor's","High"
-0.310282346774964,-1.56498836426808,0.91095983896729,0.954767763258342,0.276328534060584,-0.71893627707033,-0.0251082935782921,-1.35012329949316,-0.117279815540571,-0.875628244843771,-0.523707864450054,-1.17745991086519,-0.941384276727565,-1.47448040309181,1.48840069817018,"Chef","High School","Medium"
0.168362981245223,0.608977389229849,-0.35662584174478,0.155236522256539,1.44624349163861,1.46941256603816,-1.10117801836223,-0.691210786255237,1.6593352119552,-0.420792779827228,-1.67735208545836,-1.21217685599035,-1.63143908966849,1.70936164423923,-0.7457363182839,"Security Guard","PhD","High"
0.742303950183645,-0.992892113347571,1.756016959442,0.3638098894744,0.841115065305148,-1.44838589143983,-0.0598202201842257,-0.309735120696438,0.370418427301406,-0.175881375587551,1.50390925126152,0.107067058766017,0.645741793036573,1.39447616703067,-1.19954539975113,"Security Guard","Bachelor's","High"
0.856294642549455,0.265719638677545,0.981381265673517,0.676669940301192,-0.0867485217394923,-0.267372230079689,-1.4830092110275,-1.69691935909207,0.0917337171059909,-0.245856062513173,1.04944334601582,0.141784003891185,1.50831030921273,-1.05463310014706,1.73275943434484,"Lawyer","Bachelor's","Medium"
-0.896879316538792,-0.191957362058861,0.488431278729934,0.016187610777964,-1.458372954762,-1.23997171590569,-1.2747376513919,0.730653058100286,-0.430800114510413,1.64346048447862,-0.593625696026315,1.66932958939856,-1.01038975802166,-1.40450585260102,-0.641011145637615,"Nurse","PhD","Low"
1.47487835412544,-0.306376612242962,0.0659027184925768,-1.23525259252921,-0.490167472628466,-0.649464885225616,0.322010972481044,-0.587171968375564,0.858116670143383,0.453890806743047,1.29415575653273,0.00291622339051411,-0.5963568702571,1.74434891948463,-0.46646919122714,"Data Scientist","PhD","Medium"
-0.00639385206996538,0.723396639413951,1.08701340573286,-1.40906373187742,-0.207774207006184,-1.41365019551747,-1.24002572478597,-1.73159896505196,-1.71971689916421,-0.385805436364417,1.08440226180395,0.315368729517023,0.438725349154294,0.0649597077056189,1.13931678934923,"Lawyer","PhD","Medium"
-0.768267764771943,0.265719638677545,1.22785625914531,1.09381667473692,1.00248264566074,0.32313460060038,0.28729904587511,0.106420150822252,-0.0824442267661439,-1.40043839678594,-1.39768075915332,1.39159402839722,0.438725349154294,-0.844709448674679,-0.7457363182839,"Truck Driver","Master's","High"
1.55731572936489,0.265719638677545,-0.321415128391667,-0.192385756439898,-0.732218843161851,-1.23997171590569,-0.372227559637628,0.695973452140395,-1.5803745440665,-0.560742153678472,0.699854188134514,1.00970763202038,-1.07939523931575,0.799692487858936,1.62803426169855,"Lawyer","Master's","Medium"
-0.122464982927622,0.265719638677545,1.01659197902663,0.74619439604048,1.04282454074964,0.462077384289808,0.495570605510712,-0.309735120696438,-0.047608637991717,0.698802210982724,1.57382708283778,-0.691422679112839,-0.872378795433472,0.344857909668787,-1.26936218151532,"Truck Driver","Bachelor's","High"
-0.0653973992970841,-0.535215112611165,-1.44815795569129,-0.0185746170916797,0.19564474388279,-1.48312158736218,-0.997042238544432,-0.552492362415673,-0.46563570328484,0.663814867519913,0.105552619736295,-0.413687118111498,-0.182323982492542,-1.71939132980958,0.964774834938751,"Chef","Master's","Medium"
0.714969299999093,-1.56498836426808,1.15743483243908,0.155236522256539,0.0342771635272,0.705227255746307,1.25923299084125,1.52828399517777,0.126569305880418,-1.19051433600907,1.32911467232086,-1.5940632523672,1.05977468080113,0.624756111631956,1.41858391640599,"Software Engineer","Master's","Medium"
-1.44120293194744,-1.33614986389988,-1.58900080910374,0.398572117344044,-1.70042432529539,-1.44838589143983,-0.163956000002026,-1.38480290545305,0.788445492594529,1.67844782794143,0.245388282888817,-0.899724349863845,1.16328290274227,1.21953979080369,0.825141271410372,"Research Scientist","Master's","Low"
0.751492553522638,-0.306376612242962,1.29827768585153,-1.16572813678992,0.679747484949559,1.57361965380523,1.29394491744718,-0.864608816054691,1.24130814666208,0.0340426851893152,0.315306114465078,1.18329235764621,-1.63143908966849,-0.494836696220718,1.13931678934923,"Data Scientist","PhD","Medium"
0.822660886931254,-1.10731136353167,1.22785625914531,-1.13096590892028,0.316670429149482,-1.20523601998333,1.01624950459972,-0.864608816054691,0.823281081368956,-0.105906688661929,1.7136627459903,0.280651784391855,0.438725349154294,-0.459849420975322,0.825141271410372,"Chef","Master's","Medium"
-0.152226811352663,-0.306376612242962,-1.69463294916308,0.398572117344044,0.518379904593969,-0.892614756682115,-0.962330311938498,0.383856998501378,1.10196579156437,-0.84064090138096,1.50390925126152,1.49574486377272,-1.0448924986687,-0.844709448674679,0.720416098764087,"Financial Analyst","Bachelor's","Medium"
-0.236744625083966,1.63875064088676,0.734906272201725,-0.192385756439898,-0.530509367717364,-0.128429446390261,0.391434825692911,-0.587171968375564,0.022062539557137,-1.26048902293469,-0.174118706568749,-1.42047852674136,-1.5624336083744,1.25452706604909,-0.990095054458564,"Software Engineer","Master's","Medium"
0.896660928287106,1.29549289033446,-1.23689367557261,-0.818105858093483,-1.458372954762,-1.23997171590569,-1.55243306423937,1.32020635941843,-1.71971689916421,-1.50540042717437,1.08440226180395,-0.760856569363174,0.749250014977712,-1.22956947637404,-0.885369881812279,"Nurse","Bachelor's","Low"
1.09069071263094,1.18107364015036,1.72080624608889,-1.47858818761671,-1.41803105967311,-1.58732867512926,-1.03175416515037,1.4242451772981,-1.40619660019437,1.29358704985051,-1.11800943284827,1.25272624789655,0.128200683330876,1.32450161653988,-1.19954539975113,"Research Scientist","High School","Low"
-0.148528254033823,0.494558139045748,0.629274132142386,0.155236522256539,0.478038009505071,0.531548776134522,1.32865684405312,-0.41377393857611,0.300747249752552,1.32857439331332,-1.01313268548388,-0.0318007217346536,1.57731579050683,-0.109976668521362,-0.850461490930185,"Software Engineer","Master's","Medium"
-1.46449228506451,-0.0775381118747595,0.312377711964368,1.65001232065121,0.96214075057184,1.22626269458166,0.703842165146313,0.938730693859631,-0.779156002254683,-0.700691527529716,1.43399141968526,-0.483121008361833,-1.52793086772735,0.344857909668787,-1.30427057239742,"Construction Worker","Bachelor's","High"
1.56303693521747,0.151300388493443,0.488431278729934,1.30239004195478,1.6076110719942,-1.34417880367276,-0.406939486243561,0.938730693859631,-0.291457759412706,1.67844782794143,0.839689851287036,-1.66349714261753,1.30129386533046,-1.40450585260102,-1.23445379063323,"Retail Worker","High School","High"
1.49287992607573,-0.0775381118747595,1.26306697249842,0.155236522256539,-0.328799892272877,-0.510522101536188,-0.545787192667296,-0.587171968375564,-0.91849835735239,0.418903463280236,1.39903250389712,-0.656705733987671,-1.07939523931575,1.18455251555829,0.860049662292467,"UX Researcher","PhD","Medium"
0.813501178571314,0.608977389229849,-1.16647224886638,-1.23525259252921,1.36555970146081,0.392605992445094,-0.0598202201842257,0.349177392541487,-1.12751188999895,-0.0359320017363069,0.560018524981992,-0.240102392485659,0.611239052389526,-0.179951219012154,-0.571194363873425,"Customer Support","Master's","High"
0.292726971091216,0.494558139045748,-0.321415128391667,-1.65239932696493,0.276328534060584,1.22626269458166,-0.511075266061362,-1.55820093525251,1.69417080072963,-0.805653557918149,-1.29280401178893,-0.448404063236665,0.818255496271805,-0.739747622938491,0.266607017296853,"Lawyer","Bachelor's","Medium"
-1.4509694348675,-0.992892113347571,-1.34252581563195,-0.574770263005978,-1.09529589896193,0.392605992445094,-1.30944957799783,-1.17672526969371,0.474925193624687,1.11865033253646,-0.523707864450054,0.35008567464219,-1.14840072060984,-0.669773072447699,-1.65335448121837,"Teacher","Master's","Low"
1.56589753814376,-0.992892113347571,-0.35662584174478,1.12857890260656,0.316670429149482,1.15679130273695,-0.719346825696964,-1.07268645181404,1.62449962318078,0.803764241371157,1.15432009338021,-1.6982140877427,-0.527351388963007,0.834679763104332,-1.4439041359258,"Graphic Designer","PhD","Medium"
0.536860649113707,0.151300388493443,-0.250993701685441,-1.65239932696493,-1.5793986400287,-0.753671972992687,-1.34416150460377,0.45321621042116,-0.91849835735239,-0.735678870992527,1.39903250389712,-0.101234611984989,-0.389340426374821,0.76470521261354,1.45349230728808,"Research Scientist","Master's","Low"
-0.235444351026562,-1.45056911408398,-0.180572274979215,0.398572117344044,-0.288457997183979,0.948377127202806,1.64106418350652,1.52828399517777,-0.813991591029109,-0.910615588306582,1.60878599862591,-0.135951557110156,-1.01038975802166,0.729717937368144,-0.7457363182839,"Mechanic","PhD","Medium"
-1.15161745187389,0.723396639413951,1.33348839920465,-1.16572813678992,-0.691876948072953,-0.788407668915044,0.391434825692911,-1.31544369353327,-0.117279815540571,0.488878150205858,1.22423792495647,-0.934441294989012,1.09427742144818,-0.949671274410867,0.650599316999897,"Data Scientist","Bachelor's","Medium"
-0.535229758705972,0.837815889598052,-1.37773652898506,0.74619439604048,-0.449825577539569,-1.10102893221626,-0.476363339455429,0.522575422340941,-0.953333946126817,-1.08555230562064,-1.71231100124649,-0.101234611984989,-0.251329463786635,-0.949671274410867,-1.54862930857208,"Chef","Bachelor's","Medium"
1.52868080512294,1.06665438996625,1.01659197902663,0.780956623910123,0.558721799682866,-1.69153576289633,1.64106418350652,-0.552492362415673,1.69417080072963,-0.84064090138096,-0.104200874992488,-0.517837953487001,-0.492848648315961,1.18455251555829,0.894958053174562,"HR Specialist","Master's","Medium"
1.38345464040036,1.18107364015036,0.382799138670594,-0.122861300700611,0.881456960394045,1.74729813341702,0.18316326605731,0.695973452140395,-0.326293348187133,0.20897940250337,1.53886816704965,-1.14274296574002,-0.734367832845286,-1.22956947637404,1.03459161670294,"Security Guard","High School","High"
-1.34053282492527,-1.56498836426808,-1.4833686690444,-0.679056946614908,0.0342771635272,-0.302107926002046,-1.5871449908453,1.59764320709756,1.55482844563192,-0.735678870992527,0.804730935498906,0.280651784391855,-0.906881536080518,-0.844709448674679,-0.0126601097599064,"Mechanic","Bachelor's","Medium"
0.389958575606032,-0.87847286316347,-0.743943688629024,1.09381667473692,-1.33734726949531,0.531548776134522,-1.0664660917563,0.106420150822252,-0.639813647156975,0.139004715577748,0.979525514439559,0.94027374177004,-0.527351388963007,0.659743386877352,1.55821747993436,"AI Engineer","Bachelor's","Low"
-1.66791293760071,-1.67940761445218,0.241956285258142,1.476201181303,1.20419212110522,0.462077384289808,1.36336877065905,0.314497786581596,0.370418427301406,0.803764241371157,1.32911467232086,-1.42047852674136,-0.561854129610054,-0.354887595239134,1.45349230728808,"Customer Support","Bachelor's","High"
0.0558459328111383,0.608977389229849,-1.34252581563195,-1.30477704826849,0.679747484949559,-0.684200581147973,-0.892906458726631,-1.5928805412124,-0.779156002254683,0.698802210982724,-0.24403653814501,0.0723501136408495,1.43930482791864,-1.36951857735562,-1.47881252680789,"Graphic Designer","High School","Medium"
-1.46307643109089,0.151300388493443,0.946170552320403,-0.818105858093483,-0.288457997183979,-0.649464885225616,0.530282532116645,-1.52352132929262,-0.047608637991717,-1.26048902293469,1.11936117759208,-0.413687118111498,0.0936979426838294,-1.64941677931879,-1.51372091768999,"UX Researcher","High School","Medium"
-0.970792672957484,1.06665438996625,0.946170552320403,0.74619439604048,0.357012324238379,-1.37891449959511,0.669130238540379,-1.10736605777393,-1.40619660019437,0.943713615222401,1.36407358810899,0.766689016144202,1.05977468080113,1.70936164423923,-1.26936218151532,"Financial Analyst","High School","Medium"
-1.26569482917686,-1.33614986389988,0.347588425317481,1.09381667473692,0.235986638971687,0.253663208755666,0.703842165146313,-0.621851574335455,1.45032167930864,-1.2954763663975,-0.628584611814446,-1.62878019749237,-0.803373314139379,-0.984658549656263,-1.54862930857208,"Mechanic","PhD","Medium"
-0.00130833575656044,-1.33614986389988,-0.110150848272989,-1.44382595974707,-1.5390567449398,1.57361965380523,-1.34416150460377,-0.656531180295346,-1.61521013284093,-1.19051433600907,0.699854188134514,-0.448404063236665,-0.182323982492542,-1.19458220112864,0.650599316999897,"Doctor","Bachelor's","Low"
1.54015211180715,1.06665438996625,-1.13126153551327,-1.58287487122564,-0.691876948072953,0.566284472056879,-1.24002572478597,-0.0322982730173117,-1.23201865632223,-1.12053964908345,-1.74726991703462,-0.621988788862503,-1.42442264578622,-0.38987487048453,0.371332189943138,"UX Researcher","Bachelor's","Medium"
-0.629051755692483,-0.535215112611165,0.734906272201725,0.850481079649411,1.48658538672751,1.53888395788287,-0.892906458726631,-1.07268645181404,0.370418427301406,0.348928776354614,0.0356347881600344,-1.73293103286787,0.197206164624969,1.49943799276686,-0.571194363873425,"Construction Worker","Bachelor's","High"
-0.615904540223169,-0.306376612242962,-0.497468695157232,-1.23525259252921,-0.167432311917287,-0.0242223586231903,0.460858678904778,0.00238133294257918,0.126569305880418,-1.64534980102561,-0.873297022331359,-0.656705733987671,1.68082401244797,-0.704760347693095,1.41858391640599,"Mechanic","Bachelor's","Medium"
0.541252685929829,1.29549289033446,-1.41294724233817,-0.852868085963126,-0.369141787361774,1.6778267415723,0.599706385328512,1.49360438921788,1.1368013803388,0.313941432891803,0.629936356558253,0.419519564892526,0.57673631174248,-0.844709448674679,-0.291927236816666,"Financial Analyst","Master's","Medium"
1.44607006000916,1.40991214051856,-1.62421152245685,-0.0533368449613233,-0.974270213695235,-0.0242223586231903,0.18316326605731,-1.03800684585414,0.997459025241091,-0.455780123290039,1.60878599862591,1.70404653452373,1.43930482791864,-1.47448040309181,-0.571194363873425,"Doctor","Bachelor's","Low"
-0.692360654798564,-0.420795862427064,1.05180269237974,1.44143895343335,0.114960953704995,-0.0589580545455473,-1.34416150460377,1.18148793557887,0.858116670143383,-1.50540042717437,-1.01313268548388,0.21121789414152,0.611239052389526,-1.26455675161943,-0.885369881812279,"Graphic Designer","High School","Medium"
1.44835276335438,-1.45056911408398,-0.990418682100815,1.476201181303,0.357012324238379,0.844170039435735,1.01624950459972,-0.483133150495892,0.927787847692237,1.71343517140424,0.699854188134514,-0.274819337610827,0.749250014977712,1.39447616703067,-1.26936218151532,"Financial Analyst","Bachelor's","Medium"
-1.04973375573147,-1.67940761445218,1.4743312526171,1.58048786491193,-1.33734726949531,-0.441050709691474,-0.754058752302897,0.00238133294257918,1.48515726808307,-1.19051433600907,-0.27899545393314,1.42631097352239,-0.527351388963007,0.939641588840521,-0.361744018580856,"AI Engineer","High School","Low"
1.45514308343194,0.036881138309342,1.68559553273578,-0.366196895788116,0.558721799682866,1.71256243749466,1.67577611011245,-0.240375908776656,-0.047608637991717,-0.665704184066905,-0.663543527602576,-0.0318007217346536,-1.0448924986687,0.729717937368144,0.161881844650568,"Financial Analyst","PhD","Medium"
1.64584994518463,1.40991214051856,1.08701340573286,-0.609532490875621,-0.00606473156169745,0.878905735358092,-1.0664660917563,-1.62756014717229,1.20647255788765,-1.22550167947188,1.36407358810899,1.42631097352239,-0.147821241845496,1.07959068982211,-0.46646919122714,"Lawyer","Master's","Medium"
0.605110589637925,-1.10731136353167,1.12222411908597,-1.44382595974707,1.40590159654971,0.496813080212165,-1.72599269726904,1.66700241901734,-0.326293348187133,0.104017372114937,-1.08305051706014,0.384802619767358,1.05977468080113,0.309870634423391,1.03459161670294,"Retail Worker","Bachelor's","High"
1.67179763637461,-0.191957362058861,-0.0045187082136494,-0.435721351527403,0.397354219327277,1.29573408642638,1.32865684405312,-0.933968027974472,1.38065050175979,-0.525754810215661,-0.663543527602576,0.80140596126937,-0.69986509219824,-1.579442228828,-0.431560800345046,"HR Specialist","PhD","Medium"
0.517183168378316,0.036881138309342,-0.638311548569685,-1.23525259252921,-1.82145001056208,-0.163165142312618,1.43279262387092,-0.656531180295346,-1.0578407124501,1.53849845409019,-1.36272184336519,-1.55934630724203,1.30129386533046,0.694730662122748,-0.257018845934571,"Research Scientist","Master's","Low"
1.34187476554247,1.52433139070266,0.840538412261064,-1.58287487122564,1.48658538672751,0.496813080212165,1.60635225690059,1.63232281305745,-0.430800114510413,0.348928776354614,-1.25784509600079,-1.48991241699169,-0.251329463786635,0.659743386877352,0.266607017296853,"Retail Worker","PhD","High"
1.42280960187114,-0.649634362795267,-0.779154401982137,-0.400959123657759,0.235986638971687,-0.579993493380902,1.32865684405312,-1.35012329949316,-1.61521013284093,-0.980590275232204,-0.733461359178837,-1.35104463649102,-1.49342812708031,0.904654313595124,-1.16463700886904,"Graphic Designer","PhD","Medium"
-0.190657133493734,-1.22173061371577,-0.462257981804119,0.607145484561905,-1.5793986400287,-0.892614756682115,0.252587119269176,0.210458968701924,0.927787847692237,0.943713615222401,0.594977440770123,-0.170668502235324,1.3357966059775,0.414832460159579,1.73275943434484,"Nurse","Master's","Low"
-1.29843284044441,-0.535215112611165,-1.62421152245685,-0.609532490875621,1.36555970146081,0.774698647591021,0.18316326605731,1.00808990577941,-0.779156002254683,-1.08555230562064,-1.57247533809397,0.245934839266687,0.645741793036573,-0.599798521956906,0.406240580825233,"Truck Driver","Bachelor's","High"
-1.3811591654744,-0.992892113347571,-1.41294724233817,0.711432168170836,1.16385022601633,0.601020167979236,1.15509721102345,1.21616754153876,-1.16234747877338,-0.000944658273495871,0.804730935498906,0.94027374177004,0.956266458859991,-0.949671274410867,-1.05991183622275,"Truck Driver","High School","High"
0.285965545992712,-1.33614986389988,0.840538412261064,-0.609532490875621,-1.70042432529539,0.774698647591021,-0.68463489909103,-1.14204566373382,-1.23201865632223,-0.630716840604094,0.315306114465078,-0.483121008361833,-1.66594183031554,-1.40450585260102,-0.710827927401805,"Research Scientist","Bachelor's","Low"
-0.971977367098675,0.265719638677545,-1.41294724233817,0.224760977995826,-0.611193157895159,-0.996821844449186,-1.13588994496817,-1.48884172333273,0.579431959947968,-0.105906688661929,1.15432009338021,-1.38576158161619,-1.25190894255098,-0.669773072447699,0.964774834938751,"Data Scientist","PhD","Medium"
-1.31785026636832,1.18107364015036,-0.321415128391667,-0.679056946614908,-0.691876948072953,1.53888395788287,0.18316326605731,1.00808990577941,0.544596371173541,0.0690300286521262,-1.43263967494145,0.488953455142861,-1.18290346125689,-0.319900319993738,0.476057362589423,"Chef","Bachelor's","Medium"
-1.41259690268454,-1.45056911408398,0.664484845495499,0.607145484561905,0.96214075057184,-0.510522101536188,-1.5871449908453,0.765332664060177,1.55482844563192,-0.805653557918149,-1.43263967494145,-0.0665176668598212,1.23228838403636,0.169921533441807,-1.54862930857208,"Truck Driver","High School","High"
-0.160895305068694,0.723396639413951,-0.990418682100815,-1.58287487122564,1.36555970146081,-1.27470741182804,-0.545787192667296,0.03706093890247,1.38065050175979,-1.43542574024875,0.594977440770123,-1.6982140877427,0.438725349154294,0.169921533441807,1.10440839846713,"Security Guard","Bachelor's","High"
0.238751150219396,0.380138888861646,-0.532679408510346,-0.88763031383277,-0.691876948072953,0.114720425066238,1.36336877065905,0.03706093890247,0.823281081368956,-0.665704184066905,-0.174118706568749,-0.621988788862503,-1.35541716449212,-0.284913044748342,0.929866444056657,"Financial Analyst","High School","Medium"
0.332515357247799,0.494558139045748,0.523641992083047,0.920005535388698,1.12350833092743,1.05258421496988,-0.545787192667296,-0.8299292100948,-0.988169534901244,-1.01557761869501,0.839689851287036,1.35687708327205,-0.941384276727565,-1.43949312784641,-0.641011145637615,"Security Guard","Bachelor's","High"
-0.434241806914209,0.608977389229849,-0.462257981804119,0.189998750126182,-1.05495400387303,-0.302107926002046,1.74519996332432,-0.691210786255237,1.6593352119552,-1.01557761869501,-1.36272184336519,0.870839851519705,0.680244533683619,1.07959068982211,-0.53628597299133,"Nurse","Bachelor's","Low"
0.955028785975049,1.29549289033446,-1.34252581563195,-1.61763709909529,-0.328799892272877,1.05258421496988,0.599706385328512,-0.205696302816766,-0.848827179803536,-1.50540042717437,-0.558666780238185,-0.135951557110156,0.645741793036573,0.519794285895768,1.59312587081646,"Lawyer","Master's","Medium"
1.21404337821006,1.63875064088676,-0.567890121863458,-0.0533368449613233,0.276328534060584,0.0105133372991668,1.43279262387092,0.383856998501378,-1.61521013284093,-1.33046370986031,0.874648767075167,0.766689016144202,-1.21740620190394,-1.5444549535826,0.301515408178948,"HR Specialist","Bachelor's","Medium"
1.65500965354456,-0.649634362795267,-1.27210438892572,-0.088099072830967,-1.4987148498509,1.50414826196052,-0.962330311938498,0.800012270020067,0.0568981283315639,-1.68033714448842,0.0705937039481649,-1.38576158161619,0.542233571095433,0.239896083932599,-1.68826287210046,"Doctor","High School","Low"
-0.296326071892154,-1.33614986389988,-1.72984366251619,0.850481079649411,0.357012324238379,-1.13576462813861,1.60635225690059,-0.968647633934363,-0.152115404314998,-1.33046370986031,0.350265030253209,-0.413687118111498,-0.527351388963007,1.1495652403129,-1.68826287210046,"Data Scientist","PhD","Medium"
-1.26234301160667,1.40991214051856,0.241956285258142,1.7195367763905,1.40590159654971,-1.51785728328454,-1.55243306423937,1.32020635941843,1.17163696911323,-0.49076746675285,0.42018286182947,-0.0318007217346536,1.61181853115387,1.56941254325765,1.69785104346274,"Truck Driver","High School","High"
1.29041280784829,0.151300388493443,1.43912053926399,-0.957154769572057,1.6479529670831,0.739962951668664,1.60635225690059,0.245138574661815,-1.44103218896879,0.383916119817425,0.664895272346384,-0.96915824011418,-0.389340426374821,0.344857909668787,-0.431560800345046,"Retail Worker","Master's","High"
-0.629254020545857,0.151300388493443,-1.30731510227883,1.54572563704228,-1.05495400387303,-1.72627145881868,0.946825651387848,0.834691875979958,-1.71971689916421,-0.420792779827228,0.38522394604134,-0.170668502235324,0.956266458859991,-0.249925769502946,-1.19954539975113,"Nurse","High School","Low"
-1.00644907710943,-1.56498836426808,-0.919997255394589,0.780956623910123,-0.570851262806261,-0.579993493380902,-0.19866792660796,-1.07268645181404,-0.186950993089425,-1.15552699254626,0.210429367100687,0.558387345393196,-1.52793086772735,1.28951434129448,-1.05991183622275,"Marketing Manager","Master's","Medium"
0.844476596116599,-0.87847286316347,0.55885270543616,-0.088099072830967,1.28487591128302,-1.27470741182804,1.08567335781158,0.418536604461269,-1.26685424509666,-0.420792779827228,1.08440226180395,0.245934839266687,-1.35541716449212,-0.459849420975322,-0.885369881812279,"Construction Worker","Bachelor's","High"
-0.537079037365392,-0.535215112611165,0.347588425317481,0.468096573083331,0.437696114416174,-1.20523601998333,1.64106418350652,-0.483133150495892,0.44008960485026,-0.0709193451991179,-0.104200874992488,0.697255125893867,1.68082401244797,0.554781561141164,1.03459161670294,"HR Specialist","High School","Medium"
1.22112264807815,1.52433139070266,-1.13126153551327,-0.644294718745265,0.437696114416174,-0.163165142312618,1.32865684405312,-1.2114048756536,0.022062539557137,0.55885283713148,0.0705937039481649,1.35687708327205,1.68082401244797,-1.33453130211022,-1.26936218151532,"Marketing Manager","High School","Medium"
0.0285112826265867,0.036881138309342,0.629274132142386,-0.435721351527403,0.357012324238379,-0.302107926002046,0.460858678904778,0.938730693859631,0.161404894654845,0.173992059040559,-1.43263967494145,-0.309536282735995,0.162703423977922,-0.144963943766757,1.41858391640599,"UX Researcher","Master's","Medium"
-0.974635705171591,-1.33614986389988,1.12222411908597,-0.400959123657759,-1.09529589896193,-0.336843621924403,-0.927618385332565,-0.552492362415673,-1.51070336651765,-0.560742153678472,-0.139159790780618,1.59989569914823,-0.665362351551193,1.39447616703067,-0.920278272694374,"Nurse","Bachelor's","Low"
0.817286420827314,-1.67940761445218,0.0659027184925768,0.607145484561905,-0.732218843161851,-0.962086148526829,-0.129244073396093,-0.587171968375564,0.718774315045675,0.0690300286521262,-1.18792726442453,1.35687708327205,-0.734367832845286,0.799692487858936,0.999683225820846,"HR Specialist","Master's","Medium"
1.13131705318007,-1.67940761445218,-0.0045187082136494,0.433334345213688,-0.288457997183979,0.635755863901593,-0.129244073396093,-0.205696302816766,1.24130814666208,-1.54038777063718,1.32911467232086,1.21800930277138,0.0246924613897364,-0.0400021180305694,-0.46646919122714,"HR Specialist","High School","Medium"
-1.38731379601278,0.380138888861646,-1.37773652898506,0.329047661604757,0.276328534060584,1.50414826196052,0.981537577993782,0.48789581638105,-1.33652542264551,-0.420792779827228,-1.25784509600079,1.32216013814688,0.852758236918852,0.904654313595124,0.545874144353612,"Mechanic","Bachelor's","Medium"
1.32390208857123,-0.535215112611165,-1.23689367557261,-0.574770263005978,0.921798855482943,0.774698647591021,-1.1706018715741,0.695973452140395,0.649103137496822,-0.105906688661929,-1.25784509600079,-0.656705733987671,-0.630859610904147,0.694730662122748,-1.33917896327951,"Construction Worker","Master's","High"
-0.220332276981614,0.723396639413951,-0.0749401349198756,-0.783343630223839,-0.207774207006184,-0.510522101536188,-1.51772113763344,-0.101657484937093,1.69417080072963,-0.665704184066905,0.839689851287036,0.176500949016352,-0.5963568702571,-1.43949312784641,-0.955186663576469,"Lawyer","High School","Medium"
1.22620816439156,-1.45056911408398,-0.779154401982137,-1.23525259252921,1.12350833092743,0.288398904678023,0.703842165146313,-0.37909433261622,-0.01277304921729,-0.14089403212474,-1.71231100124649,-0.344253227861162,0.300714386566108,0.239896083932599,0.894958053174562,"Customer Support","High School","High"
1.60938448161919,-0.0775381118747595,-0.779154401982137,-0.818105858093483,1.28487591128302,0.809434343513378,-1.41358535781563,1.56296360113766,0.126569305880418,-0.630716840604094,0.664895272346384,-1.5940632523672,-0.0788157605514031,-0.0400021180305694,-1.16463700886904,"Retail Worker","Master's","High"
0.269177563162665,-0.764053612979368,1.05180269237974,-1.20049036465956,1.16385022601633,-1.37891449959511,1.22452106423532,-0.621851574335455,-0.221786581863852,-0.595729497141283,-0.663543527602576,0.870839851519705,0.852758236918852,0.0649597077056189,0.580782535235707,"Security Guard","Master's","High"
-1.03522847624665,-0.87847286316347,-1.65942223580996,-1.47858818761671,1.20419212110522,0.878905735358092,1.43279262387092,-1.62756014717229,-0.46563570328484,-0.945602931769393,1.11936117759208,1.21800930277138,-1.01038975802166,0.729717937368144,0.825141271410372,"Security Guard","Bachelor's","High"
1.41440116296659,-0.0775381118747595,-0.250993701685441,0.433334345213688,-0.772560738250748,-0.336843621924403,-1.20531379818003,0.141099756782142,1.17163696911323,0.104017372114937,-1.6074342538821,-1.62878019749237,0.369719867860201,-0.599798521956906,0.266607017296853,"Software Engineer","PhD","Medium"
-1.4854122498992,-1.45056911408398,0.981381265673517,1.26762781408513,0.639405589860661,-0.684200581147973,0.564994458722579,-0.760569998175018,0.89295225891781,-1.2954763663975,0.909607682863297,-0.205385447360492,1.23228838403636,0.834679763104332,-0.396652409462951,"Marketing Manager","PhD","Medium"
-1.06409456032103,0.380138888861646,-0.779154401982137,1.65001232065121,0.437696114416174,1.71256243749466,-1.55243306423937,-0.795249604134909,0.823281081368956,1.50351111062738,-1.64239316967023,-1.73293103286787,-0.837876054786425,1.21953979080369,0.964774834938751,"Mechanic","PhD","Medium"
-0.913031609829663,-0.306376612242962,-1.7650543758693,0.189998750126182,-1.5793986400287,0.878905735358092,-0.163956000002026,0.626614240220614,1.20647255788765,0.173992059040559,-0.558666780238185,0.94027374177004,-0.803373314139379,1.35948889178527,-1.47881252680789,"Research Scientist","Bachelor's","Low"
0.694107125122512,-1.67940761445218,-1.44815795569129,-1.51335041548635,-1.458372954762,1.60835534972759,1.67577611011245,-1.03800684585414,-1.23201865632223,-0.49076746675285,-0.558666780238185,0.905556796644873,-0.216826723139589,0.974628864085917,0.894958053174562,"Nurse","Bachelor's","Low"
-1.42655317756735,-0.535215112611165,1.15743483243908,-1.02667922531134,-1.66008243020649,0.878905735358092,-0.892906458726631,-1.73159896505196,1.41548609053421,0.453890806743047,-0.209077622356879,0.80140596126937,-0.5963568702571,1.56941254325765,-1.47881252680789,"Nurse","PhD","Low"
0.519899296409339,0.837815889598052,0.981381265673517,-0.088099072830967,-1.05495400387303,1.50414826196052,0.842689871570047,-0.656531180295346,0.196240483429272,1.46852376716457,-0.174118706568749,0.627821235643532,-0.11331850119845,-1.33453130211022,-1.51372091768999,"Research Scientist","PhD","Low"
-1.28696153376019,0.380138888861646,0.382799138670594,-1.37430150400778,1.6479529670831,0.0799847291438808,0.946825651387848,-1.28076408757338,1.41548609053421,0.348928776354614,0.839689851287036,-1.62878019749237,-0.630859610904147,-0.809722173429283,1.59312587081646,"Retail Worker","Bachelor's","High"
-1.05548385656311,1.06665438996625,0.734906272201725,-1.58287487122564,-0.490167472628466,-0.545257797458545,1.01624950459972,1.00808990577941,1.55482844563192,1.50351111062738,-1.46759859072958,1.14857541252105,-0.182323982492542,1.28951434129448,-1.4089957450437,"UX Researcher","Master's","Medium"
0.170270049862749,-0.992892113347571,-1.20168296221949,-0.574770263005978,-0.772560738250748,-1.3094431077504,-0.163956000002026,1.11212872365908,0.927787847692237,-0.875628244843771,-1.22288618021266,-0.37897017298633,1.30129386533046,-1.43949312784641,0.161881844650568,"HR Specialist","High School","Medium"
-1.5501370029789,-0.649634362795267,-0.110150848272989,-1.27001482039885,-0.691876948072953,-1.0662932362939,-0.823482605514764,-0.760569998175018,0.509760782399114,-1.54038777063718,-1.46759859072958,-1.07330907548968,1.26679112468341,0.449819735404976,0.825141271410372,"Data Scientist","Master's","Medium"
-1.6123189979019,0.723396639413951,-1.02562939545393,-1.58287487122564,1.28487591128302,0.253663208755666,1.39808069726498,1.32020635941843,-0.291457759412706,-0.245856062513173,-1.18792726442453,-0.830290459613509,1.47380756856569,-1.26455675161943,1.66294265258065,"Security Guard","Bachelor's","High"
-0.682738626773769,0.494558139045748,1.40390982591087,0.641907712431549,1.40590159654971,0.739962951668664,1.15509721102345,1.32020635941843,0.474925193624687,1.39854908023894,0.140511535524426,-0.760856569363174,1.30129386533046,0.134934258196411,1.45349230728808,"Retail Worker","Bachelor's","High"
-0.887083918639677,-0.306376612242962,-0.35662584174478,1.58048786491193,1.04282454074964,1.53888395788287,1.57164033029465,1.32020635941843,0.196240483429272,0.55885283713148,1.29415575653273,0.974990686895208,0.438725349154294,1.67437436899384,0.685507707881992,"Retail Worker","Bachelor's","High"
0.533364356648241,0.952235139782153,-1.55379009575062,-1.23525259252921,-0.0867485217394923,-0.406315013769117,0.981537577993782,-1.17672526969371,1.6593352119552,-0.595729497141283,-0.24403653814501,-0.795573514488342,0.266211645919061,-1.5444549535826,-1.19954539975113,"Software Engineer","Master's","Medium"
-0.582444154479289,-0.87847286316347,-1.09605082216015,-0.88763031383277,-1.01461210878413,-1.41365019551747,-0.19866792660796,-1.66223975313218,-0.535306880833694,0.733789554445535,-1.43263967494145,1.35687708327205,1.4048020872716,-1.40450585260102,1.73275943434484,"Teacher","Master's","Low"
-0.0174317340683784,-1.10731136353167,-1.4833686690444,-1.68716155483457,-1.41803105967311,0.462077384289808,-0.580499119273229,1.18148793557887,0.753609903820102,-0.49076746675285,0.804730935498906,1.53046180889789,-1.42442264578622,-0.669773072447699,-0.117385282406191,"Research Scientist","Master's","Low"
-1.18366198364416,-0.649634362795267,0.136324145198803,-0.679056946614908,-1.13563779405082,0.531548776134522,0.28729904587511,-1.35012329949316,-0.0824442267661439,-0.455780123290039,-0.0342830434162267,1.46102791864756,-0.0788157605514031,-1.71939132980958,-0.187202064170381,"Nurse","High School","Low"
-1.5917168778368,-1.33614986389988,1.12222411908597,-0.852868085963126,-0.12709041682839,0.531548776134522,-1.1706018715741,0.834691875979958,0.649103137496822,0.173992059040559,0.245388282888817,-1.35104463649102,-0.216826723139589,-1.43949312784641,-0.641011145637615,"HR Specialist","PhD","Medium"
-0.09302099927217,-0.420795862427064,0.241956285258142,0.850481079649411,1.36555970146081,-1.0662932362939,0.322010972481044,0.90405108789974,-1.26685424509666,1.15363767599927,0.210429367100687,-1.73293103286787,0.0591952020367829,-0.354887595239134,-0.67591953651971,"Customer Support","Master's","High"
0.392154594014093,-0.992892113347571,1.40390982591087,0.920005535388698,-0.974270213695235,1.4346768701158,1.43279262387092,-1.35012329949316,-0.152115404314998,-1.71532448795123,0.0356347881600344,1.46102791864756,-1.0448924986687,0.484807010650372,0.510965753471518,"Doctor","High School","Low"
0.100344200553432,0.837815889598052,-0.919997255394589,-0.122861300700611,-1.61974053511759,0.288398904678023,-0.0598202201842257,0.0717405448623608,-1.30168983387109,0.104017372114937,-1.57247533809397,1.32216013814688,-0.561854129610054,1.25452706604909,0.720416098764087,"Doctor","High School","Low"
1.61975777909937,-0.0775381118747595,-1.16647224886638,-1.65239932696493,-1.61974053511759,0.149456120988595,-0.0598202201842257,0.00238133294257918,-0.883662768577963,0.698802210982724,0.699854188134514,-0.483121008361833,1.30129386533046,0.484807010650372,0.755324489646182,"Doctor","Bachelor's","Low"
1.59641063602419,-1.10731136353167,-1.7650543758693,1.30239004195478,-0.974270213695235,-1.3094431077504,-0.441651412849495,0.557255028300832,0.509760782399114,1.29358704985051,-1.25784509600079,-0.240102392485659,-1.38991990513917,-0.38987487048453,-1.65335448121837,"Teacher","High School","Low"
0.601065292570444,-1.22173061371577,0.10111343184569,1.23286558621549,0.841115065305148,-0.927350452604472,-0.823482605514764,-0.37909433261622,1.03229461401552,-0.350818092901606,-1.04809160127201,-1.52462936211686,-1.45892538643326,0.904654313595124,-0.187202064170381,"Construction Worker","Bachelor's","High"
0.190092005493407,-1.33614986389988,0.629274132142386,-1.23525259252921,-0.570851262806261,0.913641431280449,0.77326601835818,-0.41377393857611,-1.47586777774322,-1.68033714448842,-0.733461359178837,-1.6982140877427,-0.941384276727565,-0.284913044748342,-1.30427057239742,"HR Specialist","High School","Medium"
1.23909532504939,0.608977389229849,1.4743312526171,-1.33953927613814,-0.490167472628466,1.71256243749466,-1.65656884405717,0.03706093890247,0.0568981283315639,-0.805653557918149,0.560018524981992,1.53046180889789,-0.182323982492542,0.869667038349728,0.545874144353612,"Financial Analyst","Bachelor's","Medium"
-0.355994203637502,0.837815889598052,-1.58900080910374,0.850481079649411,-1.458372954762,-0.962086148526829,1.57164033029465,0.938730693859631,1.58966403440635,-0.805653557918149,1.18927900916834,0.384802619767358,1.64632127180092,1.56941254325765,1.66294265258065,"Teacher","High School","Low"
0.258659790787214,0.723396639413951,-1.72984366251619,0.850481079649411,1.08316643583853,0.739962951668664,1.67577611011245,-1.5928805412124,0.231076072203698,0.838751584833968,-0.873297022331359,-0.934441294989012,-1.52793086772735,-1.43949312784641,0.580782535235707,"Truck Driver","PhD","High"
1.09314678585048,0.036881138309342,-1.65942223580996,1.65001232065121,0.235986638971687,0.0799847291438808,-0.788770678908831,0.557255028300832,-0.500471292059267,0.733789554445535,0.629936356558253,-1.42047852674136,1.4048020872716,-0.0400021180305694,-0.361744018580856,"Software Engineer","Bachelor's","Medium"
0.494587294758528,-0.420795862427064,-0.215782988332328,0.780956623910123,0.235986638971687,-1.13576462813861,1.71048803671839,-0.136337090896984,-0.395964525735986,1.50351111062738,0.105552619736295,0.731972071019034,1.19778564338932,-0.914683999165471,-1.12972861798694,"Data Scientist","High School","Medium"
1.4312758307338,-1.45056911408398,1.40390982591087,-1.02667922531134,-0.328799892272877,-0.71893627707033,-0.68463489909103,0.591934634260723,1.55482844563192,-0.560742153678472,-0.313954369721271,0.94027374177004,-0.251329463786635,1.49943799276686,0.0222482811221885,"Chef","PhD","Medium"
0.46534557595645,0.494558139045748,1.65038481938266,-0.227147984309541,1.04282454074964,-1.10102893221626,1.74519996332432,0.869371481939849,-0.326293348187133,1.18862501946208,0.175470451312557,-0.621988788862503,0.818255496271805,0.869667038349728,0.0222482811221885,"Customer Support","Bachelor's","High"
1.11912337201952,0.723396639413951,-1.4833686690444,1.02429221899763,0.518379904593969,0.635755863901593,1.18980913762938,0.765332664060177,1.38065050175979,-1.19051433600907,-0.383872201297532,-0.135951557110156,-0.69986509219824,0.799692487858936,1.45349230728808,"Graphic Designer","Bachelor's","Medium"
-0.894914457963158,-1.22173061371577,1.54475267932333,0.0857120665172512,0.0342771635272,0.357870296522737,-0.788770678908831,-0.41377393857611,0.161404894654845,1.573485797553,0.490100693405731,-0.587271843737336,-1.70044457096259,1.67437436899384,-0.0126601097599064,"Lawyer","High School","Medium"
0.592281218938199,-0.0775381118747595,0.171534858551916,0.398572117344044,1.5269272818164,-0.614729189303259,0.703842165146313,0.106420150822252,0.579431959947968,1.22361236292489,-1.11800943284827,0.384802619767358,-1.5624336083744,-1.40450585260102,0.615690926117802,"Security Guard","Master's","High"
0.121004110576639,0.723396639413951,0.347588425317481,-0.957154769572057,-1.4987148498509,-1.27470741182804,-0.858194532120698,1.11212872365908,0.474925193624687,1.60847314101581,-1.57247533809397,1.00970763202038,0.680244533683619,-0.844709448674679,0.825141271410372,"AI Engineer","PhD","Low"
1.55286590259066,0.036881138309342,-0.145361561626102,0.676669940301192,-1.37768916458421,-0.545257797458545,-0.0945321467901593,1.38956557133821,-0.430800114510413,-0.315830749438795,0.38522394604134,0.870839851519705,0.783752755624759,-1.68440405456418,0.685507707881992,"Teacher","High School","Low"
1.14388636906831,-0.87847286316347,0.0659027184925768,0.224760977995826,0.357012324238379,1.15679130273695,0.530282532116645,0.210458968701924,-0.46563570328484,-1.22550167947188,1.60878599862591,-0.135951557110156,0.231708905272015,0.869667038349728,-1.47881252680789,"HR Specialist","Master's","Medium"
-1.71194888567815,-0.0775381118747595,1.05180269237974,0.954767763258342,-0.772560738250748,0.114720425066238,-1.55243306423937,0.175779362742033,0.753609903820102,-1.2954763663975,0.664895272346384,-0.170668502235324,1.05977468080113,0.099946982951015,-0.53628597299133,"Chef","PhD","Medium"
0.934195506077521,0.036881138309342,1.40390982591087,-0.157623528570254,-0.167432311917287,-1.58732867512926,-0.476363339455429,1.21616754153876,0.89295225891781,-0.945602931769393,-0.313954369721271,-1.03859213036452,1.54281304985978,0.344857909668787,0.894958053174562,"Software Engineer","Master's","Medium"
-1.40534426294213,1.18107364015036,1.29827768585153,1.58048786491193,-0.772560738250748,1.6778267415723,1.29394491744718,-0.41377393857611,1.17163696911323,0.873738928296779,1.01448443022769,-0.96915824011418,0.507730830448387,-1.64941677931879,1.24404196199551,"Chef","Bachelor's","Medium"
1.22331866648621,1.18107364015036,0.55885270543616,0.0509498386476076,0.357012324238379,-0.579993493380902,0.460858678904778,0.765332664060177,-1.26685424509666,-1.22550167947188,0.769772019710775,-0.240102392485659,1.3357966059775,-0.669773072447699,-1.58353769945418,"Lawyer","High School","Medium"
-1.19400638614529,1.63875064088676,0.629274132142386,0.189998750126182,0.276328534060584,0.0799847291438808,0.669130238540379,-1.5928805412124,-0.46563570328484,-0.980590275232204,-1.39768075915332,-0.934441294989012,-1.07939523931575,1.63938709374844,-0.710827927401805,"Data Scientist","Bachelor's","Medium"
-1.47463442271227,0.608977389229849,1.15743483243908,-0.261910212179185,-1.37768916458421,-0.197900838234975,-0.268091779819827,-0.587171968375564,-0.744320413480256,1.36356173677613,-1.18792726442453,-1.10802602061485,0.231708905272015,-0.56481124671151,-0.257018845934571,"Doctor","PhD","Low"
-0.259773923389556,0.837815889598052,1.29827768585153,0.815718851779767,0.397354219327277,1.74729813341702,1.05096143120565,1.14680832961898,1.55482844563192,-1.19051433600907,0.000675872371903821,0.280651784391855,-0.5963568702571,1.18455251555829,0.929866444056657,"HR Specialist","High School","Medium"
1.67991712548863,-1.67940761445218,1.756016959442,-0.818105858093483,0.357012324238379,0.184191816910952,-0.649922972485096,-1.17672526969371,1.38065050175979,0.383916119817425,1.11936117759208,0.176500949016352,-0.975887017374611,-0.56481124671151,-0.396652409462951,"Data Scientist","High School","Medium"
-1.23038516477356,-1.22173061371577,-1.72984366251619,1.7195367763905,0.760431275127353,1.74729813341702,-0.0598202201842257,1.59764320709756,-0.361128936961559,-1.6103624575628,-0.978173769695751,1.56517875402306,-1.70044457096259,0.169921533441807,-1.4439041359258,"Software Engineer","Bachelor's","Medium"
0.720285976144926,0.151300388493443,-1.44815795569129,1.26762781408513,0.155302848793892,1.39994117419345,0.669130238540379,1.63232281305745,0.022062539557137,0.523865493668669,0.280347198676948,-0.0665176668598212,1.19778564338932,0.484807010650372,1.06950000758504,"UX Researcher","Master's","Medium"
0.456330342491777,-0.992892113347571,-0.321415128391667,-1.16572813678992,1.32521780637192,-0.71893627707033,-0.997042238544432,0.314497786581596,1.45032167930864,1.22361236292489,-1.11800943284827,0.94027374177004,-0.941384276727565,-0.739747622938491,1.48840069817018,"Security Guard","Bachelor's","High"
-0.612350457799596,1.63875064088676,-1.16647224886638,-1.51335041548635,1.08316643583853,0.288398904678023,1.32865684405312,-1.31544369353327,-0.326293348187133,-0.770666214455338,-1.71231100124649,1.00970763202038,1.05977468080113,-0.984658549656263,-1.19954539975113,"Customer Support","High School","High"
-0.501422633213451,0.151300388493443,0.770116985554838,0.74619439604048,-1.29700537440641,0.983112823125163,0.28729904587511,-0.725890392215128,0.788445492594529,0.348928776354614,-1.71231100124649,1.39159402839722,0.162703423977922,1.28951434129448,1.3487671346418,"Nurse","Bachelor's","Low"
0.811709689870001,-0.649634362795267,0.0306920051394637,-0.261910212179185,-0.0867485217394923,1.39994117419345,1.01624950459972,-1.28076408757338,0.370418427301406,1.78340985832987,0.350265030253209,1.00970763202038,0.921763718212945,-0.529823971466114,-0.431560800345046,"Lawyer","High School","Medium"
0.31512057985763,1.52433139070266,-0.0045187082136494,0.25952320586547,1.5269272818164,0.983112823125163,-0.788770678908831,-1.2114048756536,-0.744320413480256,0.0690300286521262,-0.558666780238185,0.245934839266687,-1.5624336083744,0.0299724324602228,-0.431560800345046,"Construction Worker","Master's","High"
0.453672004418861,-1.56498836426808,-0.779154401982137,1.40667672556371,-0.530509367717364,0.635755863901593,1.46750455047685,0.141099756782142,1.31097932421093,-1.2954763663975,-0.0342830434162267,-0.135951557110156,-1.70044457096259,-0.21493849425755,-0.431560800345046,"UX Researcher","Master's","Medium"
-1.54444469210537,0.952235139782153,1.756016959442,1.58048786491193,0.155302848793892,-1.23997171590569,-0.823482605514764,-0.483133150495892,1.27614373543651,-1.12053964908345,-0.978173769695751,-0.517837953487001,1.47380756856569,-0.00501484278517327,0.545874144353612,"UX Researcher","Bachelor's","Medium"
0.304631702461232,-0.191957362058861,-1.09605082216015,-0.957154769572057,0.478038009505071,1.36520547827109,-0.0251082935782921,-0.483133150495892,1.06713020278995,0.628827524057102,-1.6074342538821,-0.517837953487001,0.611239052389526,0.239896083932599,1.69785104346274,"Financial Analyst","High School","Medium"
1.57465271679696,1.40991214051856,-1.55379009575062,0.815718851779767,-0.288457997183979,0.635755863901593,0.426146752298844,0.00238133294257918,1.20647255788765,0.768776897908346,1.36407358810899,-0.760856569363174,-0.527351388963007,0.414832460159579,1.66294265258065,"UX Researcher","Master's","Medium"
-1.70637215472083,-0.535215112611165,-1.65942223580996,-0.157623528570254,0.0746190586160974,1.05258421496988,0.807977944964114,1.59764320709756,0.962623436466664,-0.665704184066905,0.490100693405731,0.593104290518364,1.71532675309501,-1.26455675161943,-1.05991183622275,"Mechanic","Bachelor's","Medium"
1.58274331093192,0.494558139045748,0.312377711964368,-1.23525259252921,0.235986638971687,1.05258421496988,-0.233379853213894,0.210458968701924,1.41548609053421,0.278954089428992,-1.01313268548388,-0.552554898612168,0.0936979426838294,-1.22956947637404,0.406240580825233,"Lawyer","PhD","Medium"
-0.594724520576999,-1.33614986389988,0.523641992083047,-0.435721351527403,-0.288457997183979,1.50414826196052,1.29394491744718,-0.101657484937093,-0.535306880833694,0.768776897908346,-0.663543527602576,-1.31632769136586,-0.665362351551193,-0.249925769502946,-0.81555310004809,"Financial Analyst","PhD","Medium"
0.375077661393512,-0.992892113347571,-1.72984366251619,0.468096573083331,0.19564474388279,-1.0662932362939,1.53692840368872,-0.309735120696438,-1.65004572161536,-0.945602931769393,0.664895272346384,-1.03859213036452,-1.5624336083744,0.414832460159579,0.0920650628863784,"Financial Analyst","Bachelor's","Medium"
-1.1142562439578,0.151300388493443,0.946170552320403,1.61525009278157,0.841115065305148,-1.58732867512926,1.71048803671839,0.48789581638105,0.753609903820102,-1.36545105332312,-1.50255750651771,-1.17745991086519,-0.251329463786635,-1.36951857735562,-0.152293673288286,"Customer Support","High School","High"
-0.167801205062465,-1.45056911408398,-1.7650543758693,-1.33953927613814,-1.458372954762,-1.5525929792069,-1.2747376513919,-0.933968027974472,-0.256622170638279,0.768776897908346,-1.29280401178893,0.836122906394537,1.23228838403636,0.519794285895768,-1.58353769945418,"Research Scientist","High School","Low"
-0.428144966333934,-1.45056911408398,0.55885270543616,1.68477454852086,-0.853244528428543,-0.336843621924403,0.426146752298844,1.35488596537832,1.1368013803388,-0.0359320017363069,-0.838338106543229,-1.24689380111552,-0.0443130199043566,0.76470521261354,1.66294265258065,"Research Scientist","Bachelor's","Low"
0.60170098210962,0.265719638677545,1.68559553273578,1.23286558621549,1.24453401619412,0.983112823125163,-1.0664660917563,0.210458968701924,-1.51070336651765,-0.49076746675285,-0.94321485390762,0.766689016144202,-0.0443130199043566,0.869667038349728,0.0920650628863784,"Retail Worker","Master's","High"
1.27509846894997,-0.535215112611165,-1.09605082216015,0.780956623910123,-0.288457997183979,-0.579993493380902,0.842689871570047,-0.864608816054691,1.38065050175979,0.243966745966181,0.140511535524426,-0.830290459613509,1.16328290274227,0.239896083932599,-1.16463700886904,"Marketing Manager","Bachelor's","Medium"
-0.830247494841566,-0.535215112611165,-1.06084010880704,-1.51335041548635,0.0746190586160974,0.705227255746307,1.74519996332432,-0.483133150495892,1.38065050175979,-0.385805436364417,0.664895272346384,0.35008567464219,-1.5624336083744,-1.47448040309181,-1.65335448121837,"HR Specialist","Bachelor's","Medium"
0.145680422688274,0.723396639413951,0.875749125614177,-1.13096590892028,1.40590159654971,-0.71893627707033,1.05096143120565,1.0427695117393,0.962623436466664,0.104017372114937,-0.768420274966968,1.07914152227071,-1.07939523931575,-0.739747622938491,-1.09482022710485,"Retail Worker","PhD","High"
0.248228703348923,1.18107364015036,0.664484845495499,0.537621028822618,-1.41803105967311,-1.37891449959511,1.43279262387092,0.03706093890247,-0.326293348187133,0.348928776354614,-1.08305051706014,-1.28161074624069,-0.320334945080728,-0.949671274410867,-0.885369881812279,"Teacher","Bachelor's","Low"
1.37677990023902,0.952235139782153,0.10111343184569,-0.0533368449613233,-1.13563779405082,1.57361965380523,-1.34416150460377,1.14680832961898,0.265911660978125,-1.19051433600907,-0.698502443390707,-0.0665176668598212,0.645741793036573,-0.914683999165471,0.126973453768473,"Research Scientist","PhD","Low"
-0.503676441579619,0.837815889598052,-0.180572274979215,1.26762781408513,1.68829486217199,-0.0936937504679043,1.64106418350652,-1.45416211737283,-1.75455248793864,-0.385805436364417,0.350265030253209,0.454236510017693,-0.0788157605514031,-1.33453130211022,-1.12972861798694,"Truck Driver","High School","High"
-1.01430851141196,-1.56498836426808,1.29827768585153,0.607145484561905,1.48658538672751,0.357870296522737,-1.03175416515037,-0.240375908776656,0.683938726271249,0.173992059040559,-1.67735208545836,1.56517875402306,1.16328290274227,-0.844709448674679,0.441148971707328,"Retail Worker","PhD","High"
0.966355617763997,0.036881138309342,-1.41294724233817,0.016187610777964,1.24453401619412,-0.302107926002046,1.18980913762938,-0.41377393857611,-1.54553895529208,-1.47041308371156,-1.6074342538821,-0.309536282735995,0.749250014977712,-1.05463310014706,0.545874144353612,"Security Guard","Master's","High"
0.234850328047182,0.952235139782153,-0.849575828688363,0.3638098894744,0.276328534060584,-0.0936937504679043,-0.545787192667296,0.418536604461269,1.6593352119552,-0.210868719050362,-0.383872201297532,-0.135951557110156,-1.45892538643326,0.169921533441807,-0.571194363873425,"Data Scientist","Master's","Medium"
1.1631304251179,-0.420795862427064,-0.110150848272989,-1.72192378270422,-0.167432311917287,-1.34417880367276,-1.65656884405717,1.11212872365908,1.45032167930864,-0.980590275232204,0.140511535524426,-0.760856569363174,-0.0443130199043566,-0.21493849425755,-0.780644709165995,"Lawyer","Bachelor's","Medium"
0.165704643172306,-0.649634362795267,-1.30731510227883,-1.548112643356,0.437696114416174,0.601020167979236,0.00960363302764153,-0.101657484937093,-0.01277304921729,-0.175881375587551,-0.383872201297532,0.00291622339051411,0.0936979426838294,0.659743386877352,0.755324489646182,"Financial Analyst","Bachelor's","Medium"
-1.14812115940843,0.151300388493443,-0.321415128391667,-0.435721351527403,1.32521780637192,-0.163165142312618,1.36336877065905,0.695973452140395,1.38065050175979,0.768776897908346,1.64374491441404,0.488953455142861,1.57731579050683,-1.19458220112864,-1.54862930857208,"Security Guard","High School","High"
1.2164416614715,-1.22173061371577,1.68559553273578,-0.261910212179185,-0.490167472628466,0.0799847291438808,0.530282532116645,-0.621851574335455,0.718774315045675,1.71343517140424,1.39903250389712,-0.726139624238006,-0.5963568702571,-0.459849420975322,-0.361744018580856,"Data Scientist","Master's","Medium"
-0.69501899287148,1.18107364015036,0.91095983896729,-0.435721351527403,0.599063694771764,1.50414826196052,-1.65656884405717,1.70168202497723,0.718774315045675,0.104017372114937,-0.383872201297532,0.0723501136408495,-0.630859610904147,0.414832460159579,-1.4089957450437,"Data Scientist","High School","Medium"
-1.25240313881228,-0.0775381118747595,-1.06084010880704,0.676669940301192,1.00248264566074,0.218927512833309,0.530282532116645,1.38956557133821,-0.186950993089425,1.01368830214802,-1.1529683486364,-1.17745991086519,0.0591952020367829,0.344857909668787,0.476057362589423,"Security Guard","Master's","High"
-0.779941336309532,-1.45056911408398,-0.743943688629024,0.433334345213688,-1.61974053511759,-0.962086148526829,-1.4830092110275,0.869371481939849,0.022062539557137,-0.875628244843771,0.210429367100687,-0.517837953487001,1.16328290274227,0.099946982951015,-1.61844609033627,"AI Engineer","Master's","Low"
0.566160157873892,-1.22173061371577,-1.51857938239751,0.711432168170836,-0.12709041682839,-0.857879060759758,0.634418311934446,-1.28076408757338,1.24130814666208,-0.84064090138096,-0.488748948661924,0.454236510017693,-1.73494731160963,-0.109976668521362,1.38367552552389,"HR Specialist","Bachelor's","Medium"
1.54067222143011,1.40991214051856,-0.391836555097893,0.572383256692262,0.679747484949559,-1.0662932362939,0.113739412845442,-0.933968027974472,1.20647255788765,0.803764241371157,1.04944334601582,1.53046180889789,-0.941384276727565,-1.579442228828,-0.710827927401805,"Financial Analyst","PhD","Medium"
-1.61390822174984,-0.992892113347571,1.36869911255776,1.7195367763905,1.36555970146081,0.948377127202806,1.25923299084125,0.695973452140395,-1.61521013284093,-1.15552699254626,-1.50255750651771,-1.6982140877427,-0.665362351551193,-0.38987487048453,-0.885369881812279,"Customer Support","PhD","High"
-1.16372444809728,-0.992892113347571,-1.06084010880704,-1.23525259252921,-0.288457997183979,0.288398904678023,0.356722899086977,0.314497786581596,-1.33652542264551,0.383916119817425,-0.313954369721271,1.39159402839722,1.4048020872716,0.939641588840521,0.720416098764087,"Software Engineer","Master's","Medium"
1.2026009665049,-1.22173061371577,-1.4833686690444,1.19810335834585,1.24453401619412,-0.163165142312618,1.22452106423532,0.418536604461269,-1.12751188999895,-0.980590275232204,-1.71231100124649,0.731972071019034,-0.0443130199043566,1.56941254325765,0.755324489646182,"Construction Worker","PhD","High"
-1.31247580026438,-1.45056911408398,-1.20168296221949,0.016187610777964,0.679747484949559,-0.857879060759758,1.15509721102345,-0.656531180295346,-0.813991591029109,1.43353642370176,-1.57247533809397,0.558387345393196,-1.59693634902145,1.04460341457671,1.17422518023132,"Software Engineer","PhD","Medium"
0.208931531836248,1.06665438996625,-1.09605082216015,-1.30477704826849,-0.00606473156169745,-0.788407668915044,0.391434825692911,0.03706093890247,-1.26685424509666,0.873738928296779,1.04944334601582,1.59989569914823,-0.354837685727775,-0.56481124671151,-1.05991183622275,"Financial Analyst","High School","Medium"
0.504469377594804,0.952235139782153,-0.638311548569685,1.68477454852086,-1.74076622038429,-0.823143364837401,-1.41358535781563,-0.795249604134909,-1.44103218896879,0.0690300286521262,-0.209077622356879,-1.14274296574002,-1.14840072060984,0.449819735404976,-0.361744018580856,"Nurse","Master's","Low"
-0.21735609413911,0.837815889598052,1.4743312526171,-0.331434667918472,1.40590159654971,1.36520547827109,-0.337515633031694,1.11212872365908,1.41548609053421,-1.12053964908345,1.36407358810899,-1.31632769136586,-0.768870573492332,1.07959068982211,1.41858391640599,"Retail Worker","High School","High"
1.54081669632538,0.151300388493443,-1.41294724233817,0.0857120665172512,-1.25666347931752,-0.753671972992687,1.71048803671839,-0.552492362415673,-1.02300512367567,-1.33046370986031,-0.418831117085662,0.662538180768699,-0.941384276727565,0.939641588840521,-1.23445379063323,"Nurse","PhD","Low"
-0.757461042605958,0.380138888861646,0.699695558848612,-1.23525259252921,0.155302848793892,1.05258421496988,0.356722899086977,0.03706093890247,1.17163696911323,1.74842251486705,-1.11800943284827,0.662538180768699,-1.45892538643326,-1.61442950407339,-0.7457363182839,"Marketing Manager","High School","Medium"
-1.33804785672667,0.380138888861646,0.171534858551916,-0.783343630223839,0.921798855482943,1.46941256603816,-0.476363339455429,-0.656531180295346,1.24130814666208,0.383916119817425,-1.1529683486364,-0.274819337610827,1.47380756856569,1.39447616703067,-1.47881252680789,"Truck Driver","PhD","High"
-1.04765331723963,0.151300388493443,1.36869911255776,-0.088099072830967,1.6479529670831,-0.579993493380902,-0.545787192667296,1.38956557133821,-0.256622170638279,1.04867564561083,-0.90825593811949,1.56517875402306,0.231708905272015,0.904654313595124,-1.4089957450437,"Construction Worker","Master's","High"
0.638282025591271,-1.67940761445218,1.40390982591087,1.33715226982442,-0.732218843161851,-0.684200581147973,-0.19866792660796,-1.14204566373382,0.788445492594529,-1.08555230562064,-0.523707864450054,0.558387345393196,-0.0788157605514031,0.834679763104332,1.62803426169855,"Financial Analyst","Bachelor's","Medium"
-1.70879933296132,0.380138888861646,0.734906272201725,-0.922392541702414,1.20419212110522,-1.62206437105161,-1.24002572478597,-0.621851574335455,-0.570142469608121,1.43353642370176,0.839689851287036,1.63461264427339,0.335217127213154,-0.914683999165471,-0.571194363873425,"Retail Worker","PhD","High"
-0.263241320875968,0.265719638677545,-0.603100835216572,0.607145484561905,0.0342771635272,-0.37157931784676,-1.20531379818003,-1.66223975313218,-0.988169534901244,-1.33046370986031,1.01448443022769,-1.35104463649102,0.749250014977712,-0.38987487048453,-1.47881252680789,"Software Engineer","High School","Medium"
0.322373219600043,1.40991214051856,0.277166998611255,-0.88763031383277,-0.933928318606338,-1.5525929792069,-1.03175416515037,0.869371481939849,0.718774315045675,-0.700691527529716,-1.53751642230584,1.25272624789655,-0.665362351551193,-1.05463310014706,0.0920650628863784,"AI Engineer","Bachelor's","Low"
-0.485703764608381,-0.992892113347571,-1.62421152245685,0.954767763258342,0.114960953704995,-0.232636534157332,0.842689871570047,1.63232281305745,-0.953333946126817,-1.22550167947188,1.43399141968526,0.593104290518364,-0.216826723139589,0.239896083932599,0.894958053174562,"Chef","PhD","Medium"
0.971181079265921,1.40991214051856,1.4743312526171,-0.227147984309541,-0.328799892272877,0.496813080212165,-0.268091779819827,0.314497786581596,-0.291457759412706,-1.19051433600907,-0.104200874992488,0.662538180768699,1.02527194015408,-0.0400021180305694,-1.12972861798694,"Lawyer","Master's","Medium"
0.128372330235266,-1.33614986389988,1.01659197902663,-0.296672440048828,-1.13563779405082,0.0452490332215238,-0.892906458726631,1.0427695117393,-1.47586777774322,0.104017372114937,-1.01313268548388,-1.48991241699169,-0.00981027925731013,-0.00501484278517327,0.755324489646182,"AI Engineer","High School","Low"
-0.895376777628013,-1.33614986389988,-1.51857938239751,0.398572117344044,-0.732218843161851,0.531548776134522,-1.30944957799783,1.56296360113766,1.24130814666208,-1.64534980102561,0.979525514439559,0.488953455142861,-0.00981027925731013,0.344857909668787,0.650599316999897,"Graphic Designer","High School","Medium"
1.70262857902463,1.63875064088676,0.946170552320403,0.294285433735113,0.518379904593969,1.71256243749466,-0.68463489909103,-1.31544369353327,0.788445492594529,1.71343517140424,-1.32776292757706,-0.240102392485659,-1.52793086772735,0.974628864085917,1.59312587081646,"Software Engineer","Bachelor's","Medium"
-1.5627352138462,0.494558139045748,-0.321415128391667,1.44143895343335,-0.611193157895159,1.36520547827109,-0.372227559637628,0.210458968701924,0.0917337171059909,0.453890806743047,1.53886816704965,1.56517875402306,1.12878016209522,-1.08962037539245,-0.571194363873425,"Marketing Manager","High School","Medium"
-1.54574496616278,-1.67940761445218,1.43912053926399,0.0857120665172512,1.76897865234979,1.6778267415723,0.356722899086977,1.32020635941843,1.72900638950406,1.2585997063877,0.560018524981992,1.21800930277138,-1.45892538643326,0.449819735404976,-0.955186663576469,"Construction Worker","Master's","High"
-1.05788213982454,-1.67940761445218,1.36869911255776,0.502858800952974,-0.409483682450671,-0.37157931784676,1.64106418350652,1.25084714749865,-1.68488131038978,1.71343517140424,-0.453790032873793,0.697255125893867,0.714747274330666,1.42946344227607,1.38367552552389,"Data Scientist","Master's","Medium"
0.993574688032335,0.380138888861646,0.488431278729934,-0.366196895788116,1.32521780637192,0.184191816910952,-0.337515633031694,-0.136337090896984,-1.02300512367567,0.418903463280236,0.909607682863297,-0.240102392485659,1.64632127180092,-1.5444549535826,0.336423799061043,"Retail Worker","Master's","High"
-0.0868663687337879,-1.45056911408398,-1.62421152245685,-0.957154769572057,0.639405589860661,0.149456120988595,-0.19866792660796,-0.275055514736547,1.34581491298536,-0.420792779827228,1.2591968407446,-0.656705733987671,0.0936979426838294,-1.26455675161943,1.17422518023132,"Graphic Designer","High School","Medium"
-0.107497383777942,0.837815889598052,0.10111343184569,-1.61763709909529,-0.0464066266505949,-0.927350452604472,-0.302803706425761,1.25084714749865,0.927787847692237,-0.875628244843771,1.67870383020217,1.39159402839722,0.0936979426838294,0.099946982951015,1.41858391640599,"UX Researcher","Master's","Medium"
-0.984922317714615,0.952235139782153,-0.779154401982137,0.989529991127985,0.276328534060584,0.357870296522737,-1.0664660917563,-0.968647633934363,-1.5803745440665,-0.875628244843771,-0.523707864450054,1.14857541252105,-0.458345907668914,0.869667038349728,-0.187202064170381,"Software Engineer","PhD","Medium"
0.423852386035714,0.494558139045748,1.68559553273578,-0.88763031383277,0.558721799682866,0.427341688367451,1.12038528441752,0.522575422340941,-0.291457759412706,-0.910615588306582,-1.50255750651771,0.141784003891185,1.68082401244797,0.834679763104332,-0.571194363873425,"Graphic Designer","High School","Medium"
1.49172412691359,-0.649634362795267,0.946170552320403,-0.748581402354195,-1.82145001056208,-1.3094431077504,1.32865684405312,1.18148793557887,-0.709484824705829,-0.700691527529716,1.01448443022769,1.53046180889789,0.956266458859991,0.379845184914183,-0.885369881812279,"Doctor","High School","Low"
0.964246284293096,0.608977389229849,-0.955207968747702,1.09381667473692,-0.207774207006184,1.15679130273695,-0.406939486243561,1.11212872365908,-0.604978058382548,-0.175881375587551,0.42018286182947,-1.48991241699169,1.54281304985978,0.239896083932599,0.0571566720042835,"HR Specialist","Master's","Medium"
-0.724376291589772,0.265719638677545,1.29827768585153,0.0857120665172512,-0.89358642351744,-1.51785728328454,-1.34416150460377,0.349177392541487,-0.535306880833694,-0.105906688661929,-0.593625696026315,-0.344253227861162,1.09427742144818,0.309870634423391,1.76766782522693,"Nurse","Bachelor's","Low"
0.0174734006281737,-1.33614986389988,-0.81436511533525,-0.818105858093483,-1.4987148498509,1.1915269986593,-1.62185691745124,-0.933968027974472,1.38065050175979,0.523865493668669,-0.94321485390762,-0.96915824011418,1.23228838403636,1.35948889178527,-0.81555310004809,"AI Engineer","Master's","Low"
-0.642603500868545,0.494558139045748,1.15743483243908,0.954767763258342,0.518379904593969,0.0799847291438808,1.43279262387092,-0.587171968375564,-1.19718306754781,0.768776897908346,0.140511535524426,1.21800930277138,-1.45892538643326,1.18455251555829,-0.710827927401805,"Software Engineer","Bachelor's","Medium"
-0.540113010166003,0.494558139045748,-1.62421152245685,0.398572117344044,0.357012324238379,-0.441050709691474,-0.962330311938498,0.141099756782142,1.1368013803388,-0.595729497141283,-0.873297022331359,-0.760856569363174,1.54281304985978,-0.494836696220718,-1.72317126298256,"Graphic Designer","Master's","Medium"
-1.2239704794237,0.151300388493443,0.699695558848612,-1.27001482039885,1.80932054743869,0.392605992445094,0.00960363302764153,-0.41377393857611,1.38065050175979,-0.875628244843771,-0.733461359178837,-1.31632769136586,0.887260977565898,0.344857909668787,0.406240580825233,"Construction Worker","High School","High"
1.4623668281953,1.29549289033446,0.523641992083047,0.954767763258342,-0.248116102095082,1.05258421496988,-0.511075266061362,0.90405108789974,-1.65004572161536,0.20897940250337,1.64374491441404,1.66932958939856,-0.768870573492332,-0.21493849425755,-1.51372091768999,"Graphic Designer","Bachelor's","Medium"
0.738634287843858,0.837815889598052,0.347588425317481,-1.09620368105063,-0.570851262806261,-1.72627145881868,1.53692840368872,1.14680832961898,-1.47586777774322,0.383916119817425,-0.94321485390762,-0.830290459613509,1.26679112468341,-1.36951857735562,0.371332189943138,"Lawyer","PhD","Medium"
-0.422770500229995,-0.306376612242962,-1.09605082216015,-0.157623528570254,1.76897865234979,0.983112823125163,-1.2747376513919,1.21616754153876,1.51999285685749,-0.735678870992527,-0.593625696026315,-1.28161074624069,-0.561854129610054,0.58976883638656,-0.780644709165995,"Customer Support","PhD","High"
0.716038414224071,0.608977389229849,-0.567890121863458,-0.157623528570254,-1.25666347931752,0.635755863901593,-1.51772113763344,-0.101657484937093,-0.813991591029109,1.60847314101581,-0.488748948661924,-1.38576158161619,-1.59693634902145,-0.809722173429283,-1.09482022710485,"Doctor","High School","Low"
0.685900951071336,-0.420795862427064,1.22785625914531,-0.644294718745265,1.36555970146081,0.809434343513378,-0.337515633031694,-1.48884172333273,-0.953333946126817,1.36356173677613,1.11936117759208,-1.42047852674136,-0.975887017374611,0.939641588840521,-0.0126601097599064,"Construction Worker","High School","High"
0.55546901562412,-0.649634362795267,-1.02562939545393,1.58048786491193,1.6076110719942,-1.03155754037154,0.217875192663243,-1.35012329949316,-0.500471292059267,0.593840180594291,-0.593625696026315,0.558387345393196,-0.906881536080518,0.76470521261354,-0.46646919122714,"Truck Driver","Bachelor's","High"
0.141635125620793,-0.535215112611165,-1.27210438892572,-0.470483579397047,-0.0464066266505949,-0.267372230079689,-0.233379853213894,-0.205696302816766,1.69417080072963,-1.05056496215783,0.944566598651428,0.176500949016352,-0.320334945080728,0.449819735404976,1.24404196199551,"Marketing Manager","PhD","Medium"
1.33716488395676,-0.420795862427064,1.26306697249842,-1.40906373187742,0.235986638971687,-0.579993493380902,-0.372227559637628,0.245138574661815,-0.0824442267661439,-0.385805436364417,-0.663543527602576,0.419519564892526,0.0246924613897364,-0.634785797202302,-1.02500344534066,"Marketing Manager","PhD","Medium"
1.21534365226746,-0.535215112611165,1.05180269237974,-0.991916997441701,-1.5390567449398,-0.892614756682115,1.32865684405312,0.938730693859631,-1.51070336651765,1.18862501946208,-1.6074342538821,-0.865007404738677,1.43930482791864,1.25452706604909,0.999683225820846,"Doctor","High School","Low"
1.72184374009516,1.40991214051856,-0.638311548569685,1.33715226982442,0.235986638971687,-0.684200581147973,-0.129244073396093,1.32020635941843,1.38065050175979,0.593840180594291,0.804730935498906,-1.5940632523672,0.335217127213154,0.659743386877352,-1.65335448121837,"Chef","Bachelor's","Medium"
0.44870206802167,-1.10731136353167,1.50954196597021,-0.88763031383277,1.6479529670831,0.601020167979236,0.28729904587511,1.18148793557887,-0.744320413480256,1.04867564561083,-0.663543527602576,1.00970763202038,-0.182323982492542,-1.33453130211022,-0.396652409462951,"Construction Worker","Master's","High"
-1.3071880190976,1.40991214051856,-1.41294724233817,-1.33953927613814,-1.01461210878413,1.33046978234873,1.50221647708279,1.21616754153876,1.1368013803388,-1.47041308371156,1.01448443022769,0.974990686895208,-1.28641168319803,0.554781561141164,-0.152293673288286,"Teacher","Bachelor's","Low"
0.720083711291552,-0.420795862427064,0.699695558848612,1.58048786491193,-1.70042432529539,-1.58732867512926,1.64106418350652,-1.45416211737283,-0.395964525735986,0.55885283713148,1.32911467232086,-0.865007404738677,-1.63143908966849,0.0649597077056189,-0.0824768915240963,"Research Scientist","High School","Low"
-0.670862790382806,-0.649634362795267,1.29827768585153,0.885243307519054,-0.974270213695235,-1.17050032406097,0.669130238540379,1.66700241901734,0.370418427301406,-1.12053964908345,1.74862166177843,0.107067058766017,1.16328290274227,-1.22956947637404,0.615690926117802,"AI Engineer","PhD","Low"
0.77143008906951,1.06665438996625,0.10111343184569,-0.713819174484552,-0.611193157895159,-0.684200581147973,-0.511075266061362,0.730653058100286,-1.12751188999895,-1.33046370986031,-0.383872201297532,-0.135951557110156,0.438725349154294,0.729717937368144,1.38367552552389,"UX Researcher","PhD","Medium"
-0.084757035262887,0.608977389229849,0.10111343184569,-0.435721351527403,-1.82145001056208,0.288398904678023,1.12038528441752,-1.5928805412124,-1.75455248793864,0.838751584833968,0.629936356558253,-0.309536282735995,0.542233571095433,1.56941254325765,-0.850461490930185,"Nurse","Bachelor's","Low"
0.263745307100619,-0.992892113347571,-1.09605082216015,0.780956623910123,-1.458372954762,1.71256243749466,0.738554091752246,-0.448453544536001,-1.23201865632223,0.348928776354614,-0.733461359178837,1.42631097352239,-0.216826723139589,-0.739747622938491,0.336423799061043,"AI Engineer","Bachelor's","Low"
-0.274076938021007,0.494558139045748,0.206745571905029,-1.51335041548635,-1.21632158422862,0.114720425066238,0.0790274862395087,0.626614240220614,-1.61521013284093,-0.105906688661929,-0.209077622356879,-0.135951557110156,1.64632127180092,-1.26455675161943,0.685507707881992,"Research Scientist","PhD","Low"
0.592570168728734,-0.0775381118747595,0.0306920051394637,0.920005535388698,-1.66008243020649,0.913641431280449,-1.4830092110275,-0.0669778789772025,0.823281081368956,-1.05056496215783,0.944566598651428,-1.14274296574002,1.02527194015408,-0.109976668521362,0.650599316999897,"Research Scientist","Master's","Low"
0.46173370357477,-1.22173061371577,-0.321415128391667,-0.922392541702414,0.599063694771764,-1.17050032406097,0.460858678904778,1.45892478325799,0.579431959947968,-1.01557761869501,-1.22288618021266,-0.865007404738677,-0.389340426374821,-1.19458220112864,1.06950000758504,"Graphic Designer","Master's","Medium"
-0.450509680121295,0.265719638677545,1.54475267932333,1.19810335834585,1.72863675726089,-0.71893627707033,0.252587119269176,-0.621851574335455,-0.848827179803536,0.418903463280236,1.11936117759208,-1.42047852674136,-0.768870573492332,-1.01964582490166,1.06950000758504,"Truck Driver","PhD","High"
1.07257356076443,-0.306376612242962,-1.4833686690444,-0.400959123657759,-0.89358642351744,-0.545257797458545,0.738554091752246,-1.38480290545305,-0.221786581863852,0.0340426851893152,0.909607682863297,-0.726139624238006,-0.837876054786425,-0.704760347693095,0.231698626414758,"Teacher","High School","Low"
1.74129006099813,0.494558139045748,1.15743483243908,-1.51335041548635,0.599063694771764,-1.37891449959511,-0.268091779819827,0.938730693859631,-1.47586777774322,-1.57537511409999,-0.593625696026315,0.80140596126937,0.0591952020367829,-0.284913044748342,1.10440839846713,"Marketing Manager","PhD","Medium"
0.288826148919002,0.494558139045748,1.01659197902663,-0.122861300700611,-1.82145001056208,-1.13576462813861,0.842689871570047,0.869371481939849,1.62449962318078,-1.05056496215783,-1.32776292757706,-1.24689380111552,-1.1138979799628,0.099946982951015,1.69785104346274,"Doctor","Master's","Low"
0.143657774154534,-1.67940761445218,0.0659027184925768,0.607145484561905,0.881456960394045,1.12205560681459,0.530282532116645,-1.14204566373382,0.44008960485026,0.383916119817425,-1.53751642230584,-0.795573514488342,-0.389340426374821,-0.914683999165471,-0.885369881812279,"Security Guard","Bachelor's","High"
-0.29326320411249,-1.56498836426808,-0.110150848272989,0.607145484561905,0.720089380038456,0.566284472056879,0.28729904587511,1.21616754153876,0.44008960485026,-1.12053964908345,-0.663543527602576,0.80140596126937,0.818255496271805,1.70936164423923,0.476057362589423,"Graphic Designer","High School","Medium"
-0.591343808027747,-0.764053612979368,-1.58900080910374,0.25952320586547,1.72863675726089,-0.71893627707033,-1.20531379818003,-0.517812756455783,0.997459025241091,-1.43542574024875,0.350265030253209,-1.24689380111552,-0.216826723139589,1.63938709374844,-1.02500344534066,"Construction Worker","Bachelor's","High"
0.761692481128501,-0.764053612979368,-0.250993701685441,0.294285433735113,-1.5390567449398,0.149456120988595,1.57164033029465,-0.656531180295346,-0.674649235931402,-0.0359320017363069,0.0705937039481649,-1.73293103286787,0.404222608507248,1.74434891948463,-0.710827927401805,"Nurse","Master's","Low"
-0.262692316273953,-0.992892113347571,-1.7650543758693,0.3638098894744,-0.0867485217394923,0.114720425066238,0.148451339451376,-1.10736605777393,0.927787847692237,0.243966745966181,-0.803379190755098,1.53046180889789,-1.70044457096259,0.799692487858936,-0.396652409462951,"Graphic Designer","Bachelor's","Medium"
1.12201286992486,-0.306376612242962,-0.743943688629024,-0.609532490875621,0.80077317021625,0.809434343513378,0.738554091752246,0.522575422340941,1.31097932421093,1.43353642370176,0.210429367100687,0.627821235643532,-1.70044457096259,1.21953979080369,1.13931678934923,"Retail Worker","Master's","Medium"
0.203528170753256,0.380138888861646,0.136324145198803,1.44143895343335,-0.530509367717364,-0.510522101536188,-0.580499119273229,-0.483133150495892,-1.61521013284093,-0.735678870992527,-0.733461359178837,1.28744319302172,-0.527351388963007,-0.179951219012154,-0.396652409462951,"HR Specialist","High School","Medium"
-0.853768007791064,0.723396639413951,1.72080624608889,1.1633411304762,-1.25666347931752,-0.0589580545455473,0.530282532116645,-0.587171968375564,-1.5803745440665,-0.315830749438795,1.67870383020217,-1.10802602061485,0.0936979426838294,-1.71939132980958,-1.30427057239742,"Doctor","High School","Low"
-1.3458495010711,-0.764053612979368,-0.708732975275911,1.44143895343335,-0.167432311917287,-0.996821844449186,0.18316326605731,1.00808990577941,-1.68488131038978,0.0690300286521262,0.944566598651428,-1.38576158161619,1.37029934662455,-0.844709448674679,-1.12972861798694,"Financial Analyst","High School","Medium"
1.09855014693347,-0.0775381118747595,-1.13126153551327,0.641907712431549,-0.00606473156169745,-1.34417880367276,1.43279262387092,0.591934634260723,0.161404894654845,-0.420792779827228,-1.29280401178893,0.731972071019034,1.05977468080113,-1.29954402686483,-0.0126601097599064,"UX Researcher","Bachelor's","Medium"
-0.0501986403149761,0.151300388493443,-0.532679408510346,1.02429221899763,-0.651535052984056,-0.996821844449186,-1.72599269726904,-0.448453544536001,-0.744320413480256,1.32857439331332,0.874648767075167,-1.45519547186653,0.818255496271805,0.624756111631956,-0.7457363182839,"Lawyer","Bachelor's","Medium"
0.628255467859729,-0.0775381118747595,-1.34252581563195,-0.852868085963126,0.518379904593969,-0.0936937504679043,1.46750455047685,1.00808990577941,-0.744320413480256,1.2585997063877,-1.32776292757706,-1.5940632523672,0.369719867860201,-0.56481124671151,-0.571194363873425,"Graphic Designer","Bachelor's","Medium"
-0.0572201202249613,1.29549289033446,1.22785625914531,-0.609532490875621,-1.4987148498509,0.114720425066238,0.530282532116645,-1.03800684585414,1.41548609053421,0.55885283713148,0.455141777617601,1.39159402839722,1.4048020872716,-1.26455675161943,-1.19954539975113,"AI Engineer","Master's","Low"
0.311219757685416,-1.67940761445218,1.61517410602955,0.607145484561905,1.20419212110522,0.635755863901593,-0.927618385332565,1.73636163093712,-0.256622170638279,1.53849845409019,-0.24403653814501,1.49574486377272,-0.561854129610054,0.904654313595124,1.59312587081646,"Security Guard","Bachelor's","High"
0.158654268283268,-0.764053612979368,0.629274132142386,-1.37430150400778,1.28487591128302,1.36520547827109,-0.892906458726631,1.00808990577941,0.614267548722395,-0.945602931769393,-0.768420274966968,-0.240102392485659,-1.28641168319803,1.42946344227607,0.860049662292467,"Customer Support","High School","High"
-1.17178614725319,-1.22173061371577,-0.708732975275911,0.676669940301192,-0.12709041682839,-0.927350452604472,-0.233379853213894,1.28552675345854,-1.51070336651765,-0.420792779827228,1.60878599862591,-1.6982140877427,1.3357966059775,-0.459849420975322,-1.05991183622275,"HR Specialist","High School","Medium"
1.52804511558376,1.63875064088676,-1.51857938239751,-1.13096590892028,-0.772560738250748,-0.545257797458545,-1.5871449908453,0.661293846180504,1.10196579156437,1.39854908023894,0.175470451312557,1.56517875402306,-1.70044457096259,-1.29954402686483,-0.710827927401805,"Software Engineer","Master's","Medium"
1.1353334552685,1.18107364015036,1.36869911255776,0.433334345213688,-1.41803105967311,0.601020167979236,-1.10117801836223,-0.136337090896984,0.022062539557137,-1.36545105332312,-1.64239316967023,0.870839851519705,0.0936979426838294,-0.599798521956906,-0.187202064170381,"AI Engineer","High School","Low"
-1.61884926316797,0.265719638677545,-0.427047268451006,-1.37430150400778,-1.33734726949531,0.531548776134522,-1.6912807706631,-0.587171968375564,-0.395964525735986,-0.105906688661929,-0.698502443390707,0.593104290518364,1.50831030921273,1.42946344227607,0.580782535235707,"AI Engineer","Bachelor's","Low"
0.469419768002984,-1.56498836426808,1.15743483243908,1.19810335834585,0.518379904593969,-1.17050032406097,-1.62185691745124,1.66700241901734,1.58966403440635,0.243966745966181,1.7136627459903,0.94027374177004,0.0591952020367829,-0.38987487048453,0.336423799061043,"UX Researcher","Master's","Medium"
1.32734059107859,-1.10731136353167,1.72080624608889,-0.0185746170916797,0.518379904593969,1.08731991089223,-1.4830092110275,-1.41948251141294,0.544596371173541,-0.805653557918149,0.560018524981992,-1.24689380111552,-0.354837685727775,-1.40450585260102,-0.7457363182839,"Software Engineer","PhD","Medium"
-0.320626749276095,0.494558139045748,1.65038481938266,-0.331434667918472,-0.89358642351744,1.64309104564995,1.43279262387092,-0.171016696856875,0.962623436466664,-1.19051433600907,-1.43263967494145,1.32216013814688,-1.63143908966849,1.63938709374844,0.615690926117802,"Nurse","Bachelor's","Low"
1.61513458245082,1.40991214051856,-1.27210438892572,0.780956623910123,1.36555970146081,0.739962951668664,-0.268091779819827,-1.48884172333273,-0.674649235931402,-0.595729497141283,-1.71231100124649,-1.6982140877427,-0.5963568702571,0.799692487858936,0.441148971707328,"Customer Support","PhD","High"
-1.22261241540819,0.151300388493443,0.347588425317481,0.537621028822618,1.32521780637192,0.0799847291438808,-0.441651412849495,-1.31544369353327,-0.395964525735986,-0.49076746675285,0.315306114465078,1.25272624789655,-0.423843167021868,0.729717937368144,1.10440839846713,"Customer Support","Bachelor's","High"
0.836068157212049,1.18107364015036,1.40390982591087,-1.47858818761671,1.72863675726089,-1.17050032406097,-0.545787192667296,0.383856998501378,1.41548609053421,-0.805653557918149,0.909607682863297,0.731972071019034,-1.18290346125689,-0.0749893932759655,-0.0475685006420014,"Customer Support","Bachelor's","High"
0.253343114641381,-1.10731136353167,0.981381265673517,1.51096340917264,1.5269272818164,1.64309104564995,-1.55243306423937,-1.5928805412124,1.34581491298536,1.43353642370176,-1.36272184336519,-0.483121008361833,1.16328290274227,-1.29954402686483,-0.780644709165995,"Retail Worker","Master's","High"
1.61002017115836,1.18107364015036,1.68559553273578,1.05905444686727,1.5672691769053,-0.545257797458545,0.564994458722579,-1.35012329949316,1.69417080072963,-0.0359320017363069,0.490100693405731,1.32216013814688,-1.73494731160963,1.67437436899384,-0.46646919122714,"Retail Worker","Master's","High"
0.970660969642959,-0.649634362795267,-1.23689367557261,1.26762781408513,1.68829486217199,-1.65680006697397,-1.51772113763344,1.45892478325799,-1.33652542264551,0.453890806743047,0.42018286182947,1.28744319302172,0.231708905272015,-0.249925769502946,1.66294265258065,"Customer Support","Master's","High"
1.41099155543829,0.837815889598052,-0.849575828688363,-1.44382595974707,1.76897865234979,0.739962951668664,-1.6912807706631,0.695973452140395,-0.361128936961559,1.67844782794143,-0.768420274966968,0.731972071019034,0.438725349154294,-1.71939132980958,1.38367552552389,"Retail Worker","Bachelor's","High"
1.41954446923811,0.036881138309342,0.55885270543616,0.989529991127985,0.19564474388279,-1.37891449959511,1.67577611011245,-0.899288422014582,0.44008960485026,1.08366298907365,1.53886816704965,0.35008567464219,-0.837876054786425,1.18455251555829,-1.16463700886904,"Graphic Designer","Bachelor's","Medium"
-1.14552061129362,-0.992892113347571,1.43912053926399,0.294285433735113,0.881456960394045,0.288398904678023,-1.20531379818003,-1.62756014717229,-1.33652542264551,1.01368830214802,0.909607682863297,0.35008567464219,-1.01038975802166,0.834679763104332,-0.291927236816666,"Truck Driver","Bachelor's","High"
-0.296586126703635,-0.191957362058861,-0.286204415038554,0.294285433735113,-0.691876948072953,-1.23997171590569,0.564994458722579,0.0717405448623608,-1.19718306754781,0.173992059040559,1.43399141968526,-1.66349714261753,0.473228089801341,-1.5094676783372,-1.68826287210046,"Lawyer","High School","Medium"
0.732537447263583,0.608977389229849,-0.286204415038554,1.05905444686727,-0.369141787361774,0.462077384289808,-0.302803706425761,-0.933968027974472,0.022062539557137,1.08366298907365,1.15432009338021,1.21800930277138,-0.561854129610054,1.00961613933131,-0.990095054458564,"Marketing Manager","High School","Medium"
0.988026852054075,-0.535215112611165,1.57996339267644,-1.68716155483457,-0.0867485217394923,0.531548776134522,0.703842165146313,-1.10736605777393,1.62449962318078,0.453890806743047,-1.18792726442453,-1.66349714261753,0.956266458859991,-1.47448040309181,-1.23445379063323,"Marketing Manager","High School","Medium"
-1.60044316151093,-1.67940761445218,0.347588425317481,0.676669940301192,1.20419212110522,0.948377127202806,1.64106418350652,-0.795249604134909,0.683938726271249,1.53849845409019,0.664895272346384,0.627821235643532,-0.975887017374611,0.134934258196411,0.231698626414758,"Truck Driver","Bachelor's","High"
1.48712982524409,0.151300388493443,1.756016959442,-1.61763709909529,-0.691876948072953,-1.44838589143983,0.842689871570047,-1.24608448161349,0.405254016075833,-0.595729497141283,-0.139159790780618,-0.96915824011418,1.26679112468341,0.309870634423391,1.55821747993436,"Chef","High School","Medium"
-0.31470327857014,-1.56498836426808,-1.34252581563195,-1.13096590892028,0.80077317021625,0.809434343513378,-1.55243306423937,0.695973452140395,-0.326293348187133,-0.630716840604094,-1.22288618021266,1.18329235764621,-1.52793086772735,-0.739747622938491,-0.641011145637615,"Marketing Manager","High School","Medium"
0.345893732549541,-0.535215112611165,0.0306920051394637,-1.68716155483457,-0.328799892272877,1.50414826196052,-0.649922972485096,-0.483133150495892,-0.117279815540571,0.243966745966181,1.08440226180395,-1.07330907548968,1.26679112468341,0.904654313595124,0.790232880528277,"Financial Analyst","Bachelor's","Medium"
-0.154249459886403,1.29549289033446,-1.69463294916308,0.329047661604757,-0.933928318606338,0.288398904678023,-0.997042238544432,-1.41948251141294,0.683938726271249,0.803764241371157,-1.1529683486364,-1.62878019749237,-0.320334945080728,0.274883359177995,0.755324489646182,"Research Scientist","Master's","Low"
-0.663234515912699,0.265719638677545,-0.532679408510346,-0.435721351527403,-0.490167472628466,1.60835534972759,-0.129244073396093,0.245138574661815,-0.186950993089425,-0.84064090138096,1.08440226180395,-1.62878019749237,0.645741793036573,0.309870634423391,-1.23445379063323,"Mechanic","Master's","Medium"
-0.289391276919329,-1.22173061371577,0.55885270543616,-0.644294718745265,-0.369141787361774,-1.51785728328454,0.946825651387848,1.32020635941843,1.10196579156437,-0.0709193451991179,0.105552619736295,-0.899724349863845,-1.14840072060984,1.1145779650675,1.06950000758504,"Graphic Designer","High School","Medium"
0.280042075286757,-0.87847286316347,-0.145361561626102,1.26762781408513,-0.89358642351744,-0.579993493380902,-0.962330311938498,-0.136337090896984,-1.12751188999895,1.36356173677613,-0.558666780238185,0.280651784391855,0.300714386566108,0.0299724324602228,-1.16463700886904,"Nurse","Bachelor's","Low"
-1.30294045717674,-1.45056911408398,-1.16647224886638,0.885243307519054,0.478038009505071,-1.20523601998333,1.50221647708279,-0.0322982730173117,0.44008960485026,0.523865493668669,0.000675872371903821,-1.24689380111552,0.852758236918852,0.274883359177995,-1.30427057239742,"HR Specialist","Bachelor's","Medium"
-1.1465897255186,1.29549289033446,0.699695558848612,0.189998750126182,0.881456960394045,-0.510522101536188,-1.55243306423937,-0.0669778789772025,1.41548609053421,-1.71532448795123,-0.803379190755098,1.04442457714554,-1.70044457096259,-1.71939132980958,0.406240580825233,"Construction Worker","Master's","High"
0.169374305512093,-1.22173061371577,0.981381265673517,0.989529991127985,-0.248116102095082,1.33046978234873,-1.6912807706631,-0.656531180295346,-0.570142469608121,-1.12053964908345,-0.558666780238185,0.315368729517023,0.0591952020367829,-0.634785797202302,0.894958053174562,"Data Scientist","Bachelor's","Medium"
-0.739401680697559,-1.45056911408398,-0.321415128391667,0.016187610777964,0.518379904593969,1.12205560681459,1.05096143120565,-1.38480290545305,1.03229461401552,-1.2954763663975,-1.32776292757706,1.56517875402306,1.09427742144818,0.169921533441807,1.3138587437597,"Graphic Designer","High School","Medium"
0.180209922657132,1.29549289033446,0.382799138670594,0.398572117344044,0.397354219327277,-0.927350452604472,-1.13588994496817,0.90405108789974,-0.570142469608121,-1.22550167947188,-0.663543527602576,-0.483121008361833,1.61181853115387,0.694730662122748,0.126973453768473,"HR Specialist","High School","Medium"
-1.58293280420455,0.608977389229849,1.40390982591087,0.0509498386476076,0.639405589860661,-0.336843621924403,-0.927618385332565,-0.933968027974472,0.544596371173541,0.0340426851893152,0.560018524981992,0.662538180768699,-1.66594183031554,-1.579442228828,0.126973453768473,"Marketing Manager","PhD","Medium"
1.50516029217344,0.380138888861646,0.45322056537682,0.189998750126182,0.114960953704995,-0.684200581147973,0.495570605510712,1.14680832961898,1.72900638950406,1.22361236292489,0.210429367100687,-1.07330907548968,0.611239052389526,1.53442526801225,-0.990095054458564,"Financial Analyst","Master's","Medium"
0.0438834114830153,0.837815889598052,-1.23689367557261,0.850481079649411,1.20419212110522,-1.51785728328454,1.29394491744718,0.210458968701924,-0.604978058382548,-0.525754810215661,-0.733461359178837,-0.135951557110156,-0.561854129610054,0.169921533441807,0.964774834938751,"Truck Driver","Bachelor's","High"
1.11545370967973,-0.649634362795267,-0.743943688629024,0.120474294386895,0.558721799682866,-1.48312158736218,-1.44829728442157,0.210458968701924,0.474925193624687,-0.980590275232204,0.874648767075167,0.523670400268029,1.43930482791864,-1.15959492588324,0.894958053174562,"Data Scientist","High School","Medium"
1.37753116969441,0.494558139045748,0.241956285258142,0.189998750126182,1.20419212110522,1.1915269986593,-1.72599269726904,0.0717405448623608,-0.988169534901244,0.873738928296779,-1.6074342538821,1.14857541252105,1.16328290274227,1.1495652403129,-1.19954539975113,"Security Guard","Master's","High"
-1.10709028915255,1.18107364015036,-1.72984366251619,1.23286558621549,-1.09529589896193,0.114720425066238,0.807977944964114,-1.41948251141294,0.0917337171059909,-0.700691527529716,1.64374491441404,1.25272624789655,0.783752755624759,1.49943799276686,-0.501377582109235,"Doctor","PhD","Low"
-1.59252593725029,1.29549289033446,-0.603100835216572,0.815718851779767,1.5269272818164,-1.65680006697397,-0.476363339455429,-1.66223975313218,1.72900638950406,-1.2954763663975,0.140511535524426,1.00970763202038,-1.0448924986687,-0.0400021180305694,0.406240580825233,"Customer Support","Master's","High"
0.517240958336423,1.52433139070266,0.981381265673517,-0.679056946614908,1.00248264566074,0.218927512833309,-0.302803706425761,1.45892478325799,1.31097932421093,-0.0359320017363069,-0.488748948661924,-0.587271843737336,-0.803373314139379,0.134934258196411,1.06950000758504,"Truck Driver","PhD","High"
1.58901352138651,0.036881138309342,-1.09605082216015,-0.0533368449613233,-1.74076622038429,0.705227255746307,0.0790274862395087,0.00238133294257918,-0.709484824705829,1.43353642370176,-1.43263967494145,1.28744319302172,-0.423843167021868,1.32450161653988,0.825141271410372,"Nurse","PhD","Low"
0.0512516311416418,0.723396639413951,1.15743483243908,0.641907712431549,-0.772560738250748,-1.27470741182804,0.495570605510712,0.557255028300832,0.858116670143383,0.803764241371157,0.560018524981992,0.94027374177004,0.266211645919061,-0.844709448674679,1.45349230728808,"Financial Analyst","Bachelor's","Medium"
1.45592324786638,0.608977389229849,-0.462257981804119,0.815718851779767,-0.12709041682839,-1.65680006697397,-1.4830092110275,0.522575422340941,1.58966403440635,0.20897940250337,0.0356347881600344,-0.621988788862503,-0.837876054786425,-1.68440405456418,-0.780644709165995,"Graphic Designer","PhD","Medium"
-0.00824313072938536,0.151300388493443,-1.06084010880704,-1.40906373187742,1.5269272818164,1.36520547827109,1.53692840368872,0.418536604461269,-1.5803745440665,0.873738928296779,-1.36272184336519,0.593104290518364,0.956266458859991,0.799692487858936,1.59312587081646,"Construction Worker","Master's","High"
0.471557996452939,-1.67940761445218,0.664484845495499,-0.818105858093483,0.679747484949559,-1.10102893221626,1.39808069726498,-0.656531180295346,-1.30168983387109,1.18862501946208,-1.74726991703462,1.14857541252105,-0.837876054786425,1.32450161653988,0.685507707881992,"Chef","PhD","Medium"
0.160590231879848,1.29549289033446,-0.462257981804119,-1.51335041548635,0.518379904593969,-1.13576462813861,-0.441651412849495,0.349177392541487,-0.0824442267661439,-1.01557761869501,-1.25784509600079,-1.31632769136586,1.23228838403636,-1.64941677931879,1.69785104346274,"HR Specialist","High School","Medium"
-0.24619328323444,0.952235139782153,-1.37773652898506,0.294285433735113,-1.74076622038429,0.357870296522737,1.22452106423532,-1.55820093525251,1.03229461401552,-0.350818092901606,-1.18792726442453,-1.10802602061485,1.43930482791864,-1.36951857735562,1.3138587437597,"Doctor","PhD","Low"
1.34317503959987,-1.22173061371577,-1.62421152245685,-0.122861300700611,0.518379904593969,0.809434343513378,-0.0251082935782921,1.25084714749865,-1.33652542264551,1.46852376716457,1.22423792495647,0.731972071019034,1.09427742144818,0.134934258196411,0.650599316999897,"Financial Analyst","High School","Medium"
0.850775701550248,1.06665438996625,-0.497468695157232,0.25952320586547,-1.5793986400287,-0.197900838234975,-0.754058752302897,-1.31544369353327,-0.639813647156975,1.2585997063877,-0.418831117085662,0.870839851519705,-1.1138979799628,-0.284913044748342,-1.33917896327951,"AI Engineer","Master's","Low"
-0.446897807739615,0.723396639413951,0.418009852023707,0.398572117344044,-0.449825577539569,-0.0936937504679043,1.25923299084125,-1.14204566373382,-1.68488131038978,0.55885283713148,-1.57247533809397,1.66932958939856,0.369719867860201,-0.109976668521362,-0.222110455052476,"Data Scientist","PhD","Medium"
-0.278815714585771,0.952235139782153,-1.44815795569129,1.51096340917264,-1.17597968913972,-1.10102893221626,0.217875192663243,-1.28076408757338,-1.68488131038978,0.488878150205858,0.525059609193862,0.280651784391855,-1.1138979799628,0.344857909668787,-1.51372091768999,"Research Scientist","Master's","Low"
0.262502823001321,0.723396639413951,0.171534858551916,0.572383256692262,-0.933928318606338,1.22626269458166,1.67577611011245,1.66700241901734,0.927787847692237,1.64346048447862,1.29415575653273,0.80140596126937,-1.45892538643326,-1.579442228828,1.20913357111342,"Nurse","Master's","Low"
-1.55204407159643,-1.56498836426808,1.08701340573286,-0.644294718745265,-0.167432311917287,0.705227255746307,1.46750455047685,-1.41948251141294,1.24130814666208,1.04867564561083,-0.628584611814446,-0.483121008361833,-1.5624336083744,-1.68440405456418,-0.0475685006420014,"HR Specialist","High School","Medium"
0.720141501249659,-0.535215112611165,-1.09605082216015,1.23286558621549,-1.25666347931752,0.462077384289808,-1.0664660917563,1.14680832961898,1.27614373543651,0.104017372114937,1.43399141968526,1.18329235764621,0.783752755624759,0.799692487858936,-1.33917896327951,"Doctor","Master's","Low"
1.14472432346086,0.151300388493443,-1.51857938239751,-1.68716155483457,-1.66008243020649,1.33046978234873,-0.892906458726631,1.63232281305745,0.335582838526979,-0.875628244843771,0.000675872371903821,-0.96915824011418,1.64632127180092,1.21953979080369,-1.61844609033627,"Doctor","High School","Low"
1.02978009678629,-1.22173061371577,0.770116985554838,-1.44382595974707,0.276328534060584,0.531548776134522,-0.962330311938498,0.90405108789974,-1.44103218896879,-0.000944658273495871,-1.71231100124649,1.63461264427339,0.852758236918852,-1.19458220112864,-0.53628597299133,"HR Specialist","High School","Medium"
-0.549012663714462,1.06665438996625,0.946170552320403,-1.51335041548635,-0.974270213695235,1.53888395788287,0.634418311934446,-1.00332723989425,-0.500471292059267,-0.0359320017363069,0.350265030253209,0.593104290518364,0.162703423977922,-0.529823971466114,1.38367552552389,"Research Scientist","Bachelor's","Low"
-1.50743022393792,1.52433139070266,-0.110150848272989,0.989529991127985,-0.732218843161851,0.739962951668664,1.12038528441752,0.557255028300832,-1.71971689916421,-1.08555230562064,-0.558666780238185,-0.934441294989012,1.57731579050683,0.519794285895768,-0.67591953651971,"Lawyer","High School","Medium"
-0.475157097253876,-0.764053612979368,0.840538412261064,-0.748581402354195,-0.207774207006184,-1.03155754037154,1.64106418350652,0.0717405448623608,1.38065050175979,-0.49076746675285,1.2591968407446,-1.55934630724203,1.64632127180092,1.42946344227607,-0.46646919122714,"Marketing Manager","High School","Medium"
-1.35240866131623,-1.33614986389988,0.875749125614177,1.40667672556371,-0.328799892272877,-0.0936937504679043,1.25923299084125,0.973410299819522,-0.395964525735986,1.2585997063877,-1.57247533809397,0.974990686895208,-1.01038975802166,-0.739747622938491,-0.0126601097599064,"UX Researcher","PhD","Medium"
1.6935266606228,1.52433139070266,0.0659027184925768,0.155236522256539,-0.288457997183979,-1.10102893221626,0.946825651387848,-0.344414726656329,0.022062539557137,0.523865493668669,1.43399141968526,0.731972071019034,-1.5624336083744,1.18455251555829,1.73275943434484,"Data Scientist","Bachelor's","Medium"
-0.241598981564944,-1.67940761445218,1.65038481938266,0.189998750126182,-0.0867485217394923,-0.579993493380902,0.564994458722579,-0.933968027974472,-1.40619660019437,-1.6103624575628,-0.733461359178837,-0.344253227861162,0.162703423977922,-0.739747622938491,1.69785104346274,"Software Engineer","PhD","Medium"
1.71401320077168,-1.56498836426808,-0.215782988332328,-1.37430150400778,-0.409483682450671,-1.5525929792069,0.217875192663243,0.869371481939849,-1.0578407124501,-0.420792779827228,-1.67735208545836,1.18329235764621,0.956266458859991,-1.5444549535826,-0.46646919122714,"Data Scientist","PhD","Medium"
1.43439648847157,-0.535215112611165,-0.391836555097893,0.120474294386895,-0.248116102095082,0.357870296522737,1.67577611011245,1.73636163093712,0.927787847692237,-0.315830749438795,-0.0342830434162267,-0.483121008361833,1.68082401244797,0.729717937368144,-0.152293673288286,"UX Researcher","PhD","Medium"
0.629671321833347,1.52433139070266,-0.567890121863458,0.885243307519054,0.478038009505071,-0.857879060759758,0.148451339451376,0.106420150822252,-0.291457759412706,-0.910615588306582,0.699854188134514,-0.865007404738677,1.4048020872716,0.099946982951015,1.3138587437597,"Chef","Master's","Medium"
-1.4980104607665,0.723396639413951,1.08701340573286,-1.33953927613814,0.437696114416174,-0.37157931784676,-0.0945321467901593,-1.14204566373382,-1.68488131038978,0.628827524057102,0.315306114465078,0.419519564892526,-0.837876054786425,-0.914683999165471,1.17422518023132,"Data Scientist","Bachelor's","Medium"
1.04989100220748,-1.56498836426808,-0.567890121863458,0.502858800952974,-0.974270213695235,1.36520547827109,-1.6912807706631,1.07744911769919,-0.535306880833694,0.803764241371157,-0.453790032873793,0.384802619767358,0.507730830448387,-0.354887595239134,0.0571566720042835,"Doctor","Master's","Low"
1.45228248050565,0.952235139782153,-0.0749401349198756,-1.68716155483457,-0.772560738250748,0.566284472056879,1.22452106423532,1.00808990577941,-0.674649235931402,-0.0709193451991179,-0.94321485390762,1.70404653452373,-0.837876054786425,-0.284913044748342,0.650599316999897,"Chef","PhD","Medium"
-0.401503795646665,-1.45056911408398,-1.58900080910374,-0.679056946614908,-1.25666347931752,0.427341688367451,-1.4830092110275,0.557255028300832,0.0917337171059909,1.18862501946208,-0.978173769695751,-1.03859213036452,0.990769199507038,0.694730662122748,1.03459161670294,"AI Engineer","PhD","Low"
-0.133387285009822,1.52433139070266,-1.41294724233817,-0.748581402354195,-1.5390567449398,1.50414826196052,-0.0251082935782921,-1.35012329949316,-0.744320413480256,1.32857439331332,1.22423792495647,1.39159402839722,-0.389340426374821,0.484807010650372,-0.7457363182839,"Teacher","PhD","Low"
-0.63751798455514,-0.306376612242962,-1.69463294916308,-0.957154769572057,-1.21632158422862,1.39994117419345,-1.2747376513919,1.45892478325799,-0.535306880833694,-0.210868719050362,-0.488748948661924,-0.309536282735995,-0.837876054786425,0.694730662122748,0.929866444056657,"Teacher","High School","Low"
1.17517963138319,0.608977389229849,-0.567890121863458,0.920005535388698,-1.17597968913972,1.60835534972759,-0.268091779819827,1.70168202497723,0.823281081368956,1.01368830214802,-1.64239316967023,0.00291622339051411,0.0936979426838294,-1.61442950407339,-0.641011145637615,"Research Scientist","Master's","Low"
0.361410336301236,-0.535215112611165,-0.250993701685441,-1.06144145318099,0.0342771635272,-1.62206437105161,0.0790274862395087,0.314497786581596,-0.500471292059267,0.943713615222401,-1.25784509600079,1.32216013814688,1.57731579050683,-1.75437860505498,1.20913357111342,"UX Researcher","PhD","Medium"
-1.51297805991618,-1.22173061371577,-0.145361561626102,-0.88763031383277,-0.0867485217394923,1.57361965380523,-0.997042238544432,-1.10736605777393,-0.91849835735239,0.20897940250337,1.50390925126152,0.245934839266687,-0.906881536080518,-0.21493849425755,-0.361744018580856,"UX Researcher","Master's","Medium"
0.00825590231012726,-1.67940761445218,0.805327698907951,1.51096340917264,1.5672691769053,-0.197900838234975,-1.20531379818003,1.07744911769919,-0.152115404314998,-1.43542574024875,0.769772019710775,-0.726139624238006,-1.5624336083744,1.39447616703067,-0.0475685006420014,"Security Guard","Master's","High"
0.298997181545812,1.40991214051856,0.770116985554838,1.37191449769406,0.80077317021625,0.67049155982395,0.946825651387848,-1.00332723989425,-0.047608637991717,-1.40043839678594,0.874648767075167,1.21800930277138,-1.35541716449212,1.1145779650675,0.964774834938751,"Construction Worker","PhD","Medium"
0.767500371918242,-0.191957362058861,0.664484845495499,-1.72192378270422,0.679747484949559,0.184191816910952,0.426146752298844,0.557255028300832,0.196240483429272,1.29358704985051,0.38522394604134,1.42631097352239,0.266211645919061,-1.15959492588324,1.45349230728808,"Chef","PhD","Medium"
0.443269811959624,-0.191957362058861,0.699695558848612,1.7195367763905,-1.74076622038429,-0.232636534157332,-0.892906458726631,0.45321621042116,1.06713020278995,1.67844782794143,-0.174118706568749,1.00970763202038,1.43930482791864,0.624756111631956,-0.885369881812279,"Teacher","High School","Low"
-1.09079352096641,-0.306376612242962,1.65038481938266,1.7195367763905,1.44624349163861,1.36520547827109,-1.03175416515037,-0.864608816054691,1.55482844563192,-1.22550167947188,-1.08305051706014,-0.274819337610827,0.300714386566108,0.344857909668787,-0.710827927401805,"Retail Worker","High School","High"
0.845545710341576,-0.535215112611165,1.4743312526171,-0.366196895788116,-1.37768916458421,0.705227255746307,0.564994458722579,-0.41377393857611,-0.326293348187133,-0.49076746675285,-0.90825593811949,-0.135951557110156,0.645741793036573,0.834679763104332,0.999683225820846,"Research Scientist","PhD","Low"
-0.887864083074119,0.380138888861646,0.91095983896729,-1.68716155483457,1.28487591128302,1.01784851904752,0.460858678904778,-0.101657484937093,0.474925193624687,1.46852376716457,0.245388282888817,1.04442457714554,1.64632127180092,0.729717937368144,0.266607017296853,"Security Guard","Bachelor's","High"
-0.429416345412285,-0.0775381118747595,-0.462257981804119,0.25952320586547,0.478038009505071,-0.197900838234975,1.60635225690059,-0.795249604134909,0.823281081368956,-0.245856062513173,-0.0342830434162267,1.04442457714554,-0.69986509219824,-1.40450585260102,0.0920650628863784,"Graphic Designer","PhD","Medium"
0.336358389461906,0.494558139045748,1.05180269237974,1.65001232065121,-0.732218843161851,0.32313460060038,0.634418311934446,1.70168202497723,1.51999285685749,0.768776897908346,0.0705937039481649,-1.17745991086519,-0.423843167021868,0.309870634423391,0.825141271410372,"HR Specialist","Bachelor's","Medium"
1.21083603553513,0.380138888861646,0.734906272201725,-0.227147984309541,0.357012324238379,-1.23997171590569,-1.1706018715741,-1.17672526969371,1.34581491298536,-1.43542574024875,1.04944334601582,-0.934441294989012,-0.11331850119845,1.46445071752146,0.336423799061043,"Marketing Manager","Master's","Medium"
-1.19888963760532,1.52433139070266,-0.779154401982137,1.476201181303,-0.12709041682839,0.32313460060038,-0.129244073396093,-0.41377393857611,-0.988169534901244,0.698802210982724,0.769772019710775,-0.795573514488342,0.990769199507038,1.21953979080369,1.48840069817018,"Financial Analyst","Bachelor's","Medium"
0.588553766640306,0.380138888861646,-0.708732975275911,1.26762781408513,-0.490167472628466,-1.72627145881868,1.29394491744718,-0.587171968375564,-0.326293348187133,-0.14089403212474,1.22423792495647,-0.552554898612168,1.3357966059775,0.414832460159579,0.126973453768473,"Software Engineer","Bachelor's","Medium"
1.07306477540834,-0.420795862427064,-0.919997255394589,0.433334345213688,1.24453401619412,1.4346768701158,-0.0251082935782921,0.03706093890247,-0.291457759412706,1.04867564561083,-0.27899545393314,-0.795573514488342,1.23228838403636,0.344857909668787,0.336423799061043,"Customer Support","PhD","High"
-0.117437256572324,0.380138888861646,0.770116985554838,-0.644294718745265,-0.772560738250748,1.08731991089223,-1.2747376513919,0.765332664060177,-1.47586777774322,-0.385805436364417,-1.53751642230584,0.0723501136408495,0.507730830448387,-1.15959492588324,-0.431560800345046,"Financial Analyst","Bachelor's","Medium"
-1.38422203325406,-0.87847286316347,-0.215782988332328,1.05905444686727,1.72863675726089,1.64309104564995,1.39808069726498,-0.621851574335455,1.58966403440635,1.11865033253646,1.18927900916834,-1.66349714261753,1.54281304985978,0.974628864085917,0.964774834938751,"Truck Driver","Master's","High"
-0.191003873242375,-0.764053612979368,-0.955207968747702,1.61525009278157,-0.00606473156169745,-0.336843621924403,1.18980913762938,-1.41948251141294,-0.291457759412706,-0.385805436364417,-0.523707864450054,-0.656705733987671,-1.01038975802166,-1.15959492588324,0.510965753471518,"Software Engineer","High School","Medium"
1.0500065821237,-0.0775381118747595,0.0306920051394637,-0.679056946614908,-0.570851262806261,1.15679130273695,1.64106418350652,-0.517812756455783,-0.744320413480256,0.383916119817425,0.979525514439559,-0.135951557110156,0.438725349154294,0.76470521261354,1.62803426169855,"Financial Analyst","PhD","Medium"
1.20314997110691,-1.22173061371577,-0.81436511533525,-0.713819174484552,-0.732218843161851,-0.71893627707033,-1.51772113763344,1.59764320709756,0.405254016075833,-1.12053964908345,-1.32776292757706,-0.448404063236665,-0.665362351551193,-0.774734898183887,-0.0824768915240963,"Chef","High School","Medium"
-1.52520063605578,-0.0775381118747595,0.136324145198803,-0.644294718745265,-0.00606473156169745,-0.962086148526829,-1.55243306423937,0.973410299819522,0.474925193624687,-0.525754810215661,-1.57247533809397,1.28744319302172,-1.14840072060984,1.49943799276686,-0.0475685006420014,"HR Specialist","Bachelor's","Medium"
1.28281342835724,-1.67940761445218,0.840538412261064,1.33715226982442,-0.207774207006184,-0.302107926002046,-0.233379853213894,1.45892478325799,0.649103137496822,-0.84064090138096,-1.11800943284827,-0.934441294989012,-0.837876054786425,-0.949671274410867,0.580782535235707,"Mechanic","High School","Medium"
1.72785389573828,0.837815889598052,-0.391836555097893,0.468096573083331,-0.328799892272877,-1.48312158736218,-1.44829728442157,-1.28076408757338,1.17163696911323,0.593840180594291,-1.53751642230584,-0.37897017298633,-0.768870573492332,0.274883359177995,0.0920650628863784,"Lawyer","High School","Medium"
0.0718826461857959,0.036881138309342,-0.673522261922798,-1.23525259252921,1.5672691769053,1.33046978234873,1.53692840368872,-1.52352132929262,0.823281081368956,0.838751584833968,1.57382708283778,-0.865007404738677,0.818255496271805,-1.579442228828,0.476057362589423,"Construction Worker","High School","High"
0.486410015686405,0.723396639413951,0.946170552320403,1.26762781408513,-1.458372954762,0.114720425066238,-1.30944957799783,-0.275055514736547,-0.500471292059267,-1.08555230562064,1.36407358810899,-1.21217685599035,0.473228089801341,1.35948889178527,1.45349230728808,"Teacher","Master's","Low"
1.61184055483873,-1.67940761445218,-1.13126153551327,1.12857890260656,1.08316643583853,1.46941256603816,0.738554091752246,1.00808990577941,-1.44103218896879,0.313941432891803,1.11936117759208,1.25272624789655,-1.63143908966849,1.53442526801225,-1.58353769945418,"Customer Support","Master's","High"
0.359445477725603,1.06665438996625,0.277166998611255,-1.40906373187742,-1.29700537440641,-1.5525929792069,-0.719346825696964,-0.171016696856875,0.0917337171059909,1.71343517140424,1.67870383020217,-1.38576158161619,0.128200683330876,1.1145779650675,-0.885369881812279,"Research Scientist","Master's","Low"
-0.00500689307540039,0.036881138309342,1.33348839920465,0.572383256692262,-0.288457997183979,1.46941256603816,1.32865684405312,0.765332664060177,-0.500471292059267,1.04867564561083,-0.628584611814446,-0.865007404738677,0.0591952020367829,1.74434891948463,1.06950000758504,"UX Researcher","Bachelor's","Medium"
1.4968674331851,-1.45056911408398,-0.180572274979215,-0.644294718745265,-0.974270213695235,0.253663208755666,1.08567335781158,-0.0322982730173117,0.858116670143383,1.32857439331332,-0.383872201297532,-1.6982140877427,-0.872378795433472,1.42946344227607,0.685507707881992,"Teacher","Bachelor's","Low"
-1.02257247542124,0.380138888861646,-0.603100835216572,0.711432168170836,0.235986638971687,-1.10102893221626,1.64106418350652,-0.517812756455783,-0.604978058382548,-0.420792779827228,-1.43263967494145,0.419519564892526,-0.906881536080518,1.04460341457671,-0.361744018580856,"Software Engineer","High School","Medium"
-1.54776761469652,0.151300388493443,0.523641992083047,0.920005535388698,1.04282454074964,1.64309104564995,0.426146752298844,-1.69691935909207,-0.291457759412706,-0.175881375587551,1.08440226180395,-0.656705733987671,-0.5963568702571,-1.5094676783372,-0.7457363182839,"Customer Support","Master's","High"
-0.197245188717918,1.18107364015036,0.45322056537682,-1.44382595974707,-0.611193157895159,-0.406315013769117,0.842689871570047,1.14680832961898,-1.71971689916421,-0.560742153678472,-0.27899545393314,1.42631097352239,-0.00981027925731013,-0.809722173429283,-0.361744018580856,"Mechanic","High School","Medium"
-1.39809162319971,0.151300388493443,0.594063418789273,-1.58287487122564,-0.167432311917287,0.531548776134522,-0.754058752302897,0.314497786581596,-0.500471292059267,0.943713615222401,-1.53751642230584,1.46102791864756,-1.14840072060984,-1.19458220112864,1.20913357111342,"Graphic Designer","PhD","Medium"
0.794141542605511,-0.306376612242962,-1.44815795569129,1.44143895343335,-1.5390567449398,0.427341688367451,-1.4830092110275,-0.41377393857611,-0.186950993089425,0.383916119817425,0.105552619736295,-0.135951557110156,1.57731579050683,-1.08962037539245,-1.16463700886904,"Research Scientist","PhD","Low"
-0.519395310184689,0.036881138309342,-1.51857938239751,-0.0533368449613233,-0.0464066266505949,-0.649464885225616,1.50221647708279,-0.760569998175018,-0.744320413480256,-0.910615588306582,-1.22288618021266,-0.483121008361833,0.611239052389526,0.834679763104332,1.10440839846713,"Software Engineer","High School","Medium"
-1.2689599618099,0.608977389229849,-1.62421152245685,1.65001232065121,0.80077317021625,1.60835534972759,1.15509721102345,1.4242451772981,-0.395964525735986,-1.01557761869501,0.38522394604134,0.836122906394537,-1.28641168319803,1.04460341457671,-0.990095054458564,"Security Guard","High School","Medium"
-0.649018186218408,-0.420795862427064,1.26306697249842,-1.06144145318099,-0.409483682450671,-1.51785728328454,-1.20531379818003,-1.2114048756536,-1.0578407124501,-0.700691527529716,1.08440226180395,1.46102791864756,-0.320334945080728,-1.29954402686483,-0.955186663576469,"Graphic Designer","High School","Medium"
-1.57536231969255,0.494558139045748,-1.4833686690444,0.120474294386895,1.6076110719942,-1.44838589143983,1.36336877065905,0.279818180621705,1.55482844563192,-1.19051433600907,1.7136627459903,0.488953455142861,0.231708905272015,0.0649597077056189,-1.65335448121837,"Retail Worker","High School","High"
-1.34845004918591,1.40991214051856,0.488431278729934,-1.40906373187742,-0.772560738250748,-1.5525929792069,0.391434825692911,0.383856998501378,-0.01277304921729,-0.630716840604094,0.105552619736295,0.0723501136408495,-1.66594183031554,-0.774734898183887,-1.54862930857208,"Data Scientist","Bachelor's","Medium"
-0.689933476558075,0.952235139782153,0.805327698907951,1.75429900426014,-1.4987148498509,1.33046978234873,0.356722899086977,-0.171016696856875,-0.988169534901244,0.873738928296779,1.39903250389712,-0.899724349863845,-1.1138979799628,0.694730662122748,1.69785104346274,"Nurse","PhD","Low"
0.286341180720407,-1.45056911408398,-0.779154401982137,-0.261910212179185,1.20419212110522,1.22626269458166,0.946825651387848,0.314497786581596,-0.813991591029109,1.573485797553,0.525059609193862,1.63461264427339,0.266211645919061,1.1145779650675,1.10440839846713,"Truck Driver","Master's","High"
0.51729874829453,0.494558139045748,1.61517410602955,-1.65239932696493,0.437696114416174,1.64309104564995,-0.545787192667296,0.522575422340941,0.196240483429272,0.943713615222401,1.29415575653273,0.35008567464219,1.09427742144818,-0.669773072447699,-0.920278272694374,"Software Engineer","Master's","Medium"
-1.26557924926065,-1.45056911408398,0.629274132142386,-1.06144145318099,0.276328534060584,-0.37157931784676,1.05096143120565,-1.5928805412124,0.579431959947968,0.55885283713148,1.53886816704965,0.731972071019034,1.02527194015408,1.39447616703067,0.650599316999897,"Financial Analyst","High School","Medium"
1.1407946063096,0.608977389229849,1.29827768585153,0.885243307519054,-0.12709041682839,0.739962951668664,1.29394491744718,1.66700241901734,1.55482844563192,-0.560742153678472,-0.27899545393314,-1.35104463649102,-0.872378795433472,1.32450161653988,-0.46646919122714,"Graphic Designer","Bachelor's","Medium"
-0.695163467766747,1.06665438996625,0.594063418789273,0.989529991127985,-0.530509367717364,-0.684200581147973,-0.163956000002026,-0.483133150495892,1.6593352119552,1.18862501946208,-0.0692419592043573,1.32216013814688,-0.527351388963007,1.00961613933131,-0.955186663576469,"UX Researcher","Master's","Medium"
-0.0157847202623325,-0.992892113347571,-0.145361561626102,-1.33953927613814,-1.5390567449398,-0.336843621924403,0.877401798175981,-1.48884172333273,0.544596371173541,0.803764241371157,0.525059609193862,0.905556796644873,-1.1138979799628,0.309870634423391,1.55821747993436,"Doctor","PhD","Low"
-1.03800239423578,0.265719638677545,0.382799138670594,0.850481079649411,1.12350833092743,0.705227255746307,1.46750455047685,-1.69691935909207,1.27614373543651,-0.945602931769393,-0.139159790780618,1.21800930277138,1.09427742144818,1.35948889178527,1.55821747993436,"Truck Driver","Master's","High"
-0.0522501838277702,1.40991214051856,0.55885270543616,-0.366196895788116,-0.248116102095082,-0.232636534157332,0.842689871570047,0.00238133294257918,1.06713020278995,0.90872627175959,-1.67735208545836,0.454236510017693,-0.216826723139589,-0.144963943766757,1.13931678934923,"Marketing Manager","PhD","Medium"
-1.64606833343631,-1.33614986389988,1.36869911255776,0.74619439604048,-1.25666347931752,0.878905735358092,-1.5871449908453,-1.62756014717229,-1.47586777774322,-0.175881375587551,-0.90825593811949,1.66932958939856,0.128200683330876,0.554781561141164,-0.7457363182839,"Research Scientist","Master's","Low"
0.712426541842391,-1.45056911408398,-0.567890121863458,0.711432168170836,-0.0464066266505949,0.0799847291438808,0.322010972481044,0.938730693859631,-1.44103218896879,1.01368830214802,0.210429367100687,0.593104290518364,-0.5963568702571,-0.319900319993738,-0.920278272694374,"Marketing Manager","High School","Medium"
0.944539908578652,0.608977389229849,-0.0045187082136494,1.75429900426014,1.28487591128302,-0.962086148526829,0.0443155596335751,-1.5928805412124,1.38065050175979,1.15363767599927,0.804730935498906,0.384802619767358,0.266211645919061,1.74434891948463,-0.7457363182839,"Construction Worker","PhD","High"
0.925324747508116,0.151300388493443,-0.673522261922798,-0.400959123657759,-0.00606473156169745,-1.65680006697397,-1.44829728442157,-0.8299292100948,0.161404894654845,0.978700958685212,0.664895272346384,0.245934839266687,-0.354837685727775,1.28951434129448,-0.117385282406191,"UX Researcher","PhD","Medium"
-0.0554286315236482,0.036881138309342,-0.81436511533525,-0.470483579397047,-0.853244528428543,-0.892614756682115,-1.3788734312097,-1.48884172333273,-0.01277304921729,0.523865493668669,-0.593625696026315,0.662538180768699,-1.52793086772735,1.25452706604909,1.13931678934923,"Doctor","PhD","Low"
1.09349352559912,-0.87847286316347,1.54475267932333,-0.470483579397047,-1.41803105967311,0.878905735358092,-1.2747376513919,-0.656531180295346,-1.33652542264551,-0.14089403212474,0.175470451312557,-1.00387518523935,-1.63143908966849,0.76470521261354,-1.65335448121837,"Teacher","Master's","Low"
0.0144105328485094,1.63875064088676,-0.990418682100815,0.572383256692262,-0.12709041682839,-1.51785728328454,-0.0945321467901593,0.0717405448623608,1.20647255788765,0.838751584833968,-1.46759859072958,-1.00387518523935,-0.665362351551193,-1.33453130211022,-0.117385282406191,"Data Scientist","Master's","Medium"
1.4791837060044,0.494558139045748,0.0306920051394637,0.850481079649411,0.276328534060584,1.22626269458166,-0.962330311938498,0.869371481939849,1.31097932421093,-1.12053964908345,-0.523707864450054,1.63461264427339,0.956266458859991,-0.774734898183887,0.231698626414758,"Mechanic","Bachelor's","Medium"
-0.360761875181319,0.380138888861646,0.946170552320403,-0.783343630223839,0.276328534060584,-0.510522101536188,0.252587119269176,-0.41377393857611,-0.709484824705829,1.29358704985051,0.874648767075167,-0.517837953487001,-0.251329463786635,0.659743386877352,1.10440839846713,"Software Engineer","PhD","Medium"
0.15732509924681,-0.306376612242962,0.136324145198803,1.58048786491193,-1.05495400387303,-1.3094431077504,0.217875192663243,-0.309735120696438,0.997459025241091,-1.57537511409999,-0.313954369721271,-0.621988788862503,-1.25190894255098,-0.424862145729926,0.615690926117802,"AI Engineer","High School","Low"
0.0293492370191364,-1.10731136353167,0.277166998611255,0.329047661604757,0.114960953704995,0.114720425066238,-1.30944957799783,-0.968647633934363,1.03229461401552,0.0340426851893152,0.734813103922645,0.245934839266687,-1.59693634902145,1.04460341457671,-1.51372091768999,"Lawyer","Master's","Medium"
1.26995516267846,-1.33614986389988,-1.44815795569129,-0.366196895788116,-1.21632158422862,0.288398904678023,0.148451339451376,-0.552492362415673,0.718774315045675,1.18862501946208,-0.523707864450054,-1.42047852674136,-0.69986509219824,-1.26455675161943,-0.0824768915240963,"Teacher","Master's","Low"
0.871291136678188,-0.535215112611165,-0.145361561626102,-0.957154769572057,1.5269272818164,-1.62206437105161,0.18316326605731,-1.14204566373382,-1.75455248793864,1.32857439331332,0.594977440770123,-1.38576158161619,0.542233571095433,0.379845184914183,-0.0824768915240963,"Security Guard","PhD","High"
-0.771388422509714,-1.22173061371577,-1.20168296221949,-0.852868085963126,0.639405589860661,1.64309104564995,1.57164033029465,-1.07268645181404,1.38065050175979,-1.22550167947188,0.0356347881600344,0.488953455142861,-0.147821241845496,1.56941254325765,-0.571194363873425,"Data Scientist","PhD","Medium"
-1.29398301367018,0.837815889598052,-1.4833686690444,1.23286558621549,-0.12709041682839,0.705227255746307,0.634418311934446,0.626614240220614,0.022062539557137,-0.735678870992527,0.455141777617601,1.59989569914823,1.12878016209522,-1.36951857735562,-1.65335448121837,"Data Scientist","High School","Medium"
-0.604173178727473,-1.10731136353167,0.981381265673517,-0.644294718745265,0.316670429149482,1.50414826196052,-0.129244073396093,-0.899288422014582,1.45032167930864,-0.0709193451991179,-0.313954369721271,-0.517837953487001,-0.285832204433682,0.58976883638656,-0.222110455052476,"Software Engineer","Bachelor's","Medium"
-1.07833978499438,0.151300388493443,0.840538412261064,-1.02667922531134,-0.490167472628466,0.705227255746307,1.29394491744718,-0.899288422014582,-1.09267630122453,0.628827524057102,0.42018286182947,-0.170668502235324,-1.38991990513917,-1.43949312784641,0.999683225820846,"Software Engineer","Bachelor's","Medium"
0.444830140828509,1.06665438996625,1.26306697249842,0.25952320586547,0.19564474388279,1.50414826196052,-1.1706018715741,0.141099756782142,-1.54553895529208,-0.455780123290039,-1.22288618021266,-1.07330907548968,1.47380756856569,0.379845184914183,1.38367552552389,"Software Engineer","Bachelor's","Medium"
-0.695481312536335,0.608977389229849,0.347588425317481,-1.61763709909529,-0.0464066266505949,0.218927512833309,-1.65656884405717,1.00808990577941,-0.709484824705829,-0.14089403212474,0.140511535524426,1.70404653452373,-1.38991990513917,0.204908808687203,0.126973453768473,"Software Engineer","PhD","Medium"
-1.59096560838141,-1.33614986389988,0.45322056537682,-0.713819174484552,-0.651535052984056,-1.10102893221626,1.12038528441752,-1.38480290545305,-0.117279815540571,-1.01557761869501,-1.18792726442453,-1.00387518523935,-0.0443130199043566,-0.914683999165471,-1.37408735416161,"Chef","Bachelor's","Medium"
-0.565713961607349,0.723396639413951,0.136324145198803,-1.16572813678992,-1.33734726949531,-1.48312158736218,0.28729904587511,-0.552492362415673,-1.40619660019437,-1.08555230562064,-0.523707864450054,1.07914152227071,-1.14840072060984,-1.36951857735562,0.0920650628863784,"Nurse","Bachelor's","Low"
-0.267864517524518,0.952235139782153,-1.44815795569129,-0.748581402354195,1.08316643583853,-1.0662932362939,-0.615211045879163,-1.5928805412124,0.509760782399114,1.74842251486705,0.455141777617601,-0.483121008361833,0.57673631174248,0.239896083932599,1.24404196199551,"Truck Driver","Master's","High"
0.501926619438101,-0.420795862427064,0.45322056537682,-0.957154769572057,1.20419212110522,-0.545257797458545,-1.6912807706631,-0.656531180295346,-0.047608637991717,0.383916119817425,1.50390925126152,-0.899724349863845,-1.21740620190394,1.28951434129448,1.55821747993436,"Construction Worker","Master's","High"
-0.636824505057857,-0.535215112611165,-1.34252581563195,-0.0185746170916797,0.921798855482943,1.33046978234873,0.738554091752246,-0.899288422014582,1.34581491298536,0.523865493668669,1.57382708283778,1.66932958939856,-1.73494731160963,-1.33453130211022,0.196790235532663,"Security Guard","High School","High"
-0.24989184055328,0.380138888861646,1.72080624608889,0.25952320586547,-1.66008243020649,-1.17050032406097,0.912113724781914,0.314497786581596,0.161404894654845,-0.0709193451991179,0.804730935498906,1.25272624789655,-0.69986509219824,-0.984658549656263,0.615690926117802,"AI Engineer","Bachelor's","Low"
0.529116794727386,-1.10731136353167,0.347588425317481,1.68477454852086,0.720089380038456,-0.232636534157332,0.77326601835818,1.14680832961898,1.38065050175979,-1.47041308371156,-0.698502443390707,-0.621988788862503,-0.251329463786635,-1.15959492588324,0.0222482811221885,"HR Specialist","High School","Medium"
-0.93074423198942,1.52433139070266,-0.0045187082136494,0.607145484561905,-0.691876948072953,1.33046978234873,1.53692840368872,0.418536604461269,1.31097932421093,-1.26048902293469,1.04944334601582,-1.31632769136586,-0.320334945080728,-0.634785797202302,0.336423799061043,"Marketing Manager","PhD","Medium"
-1.6090249702898,0.036881138309342,0.488431278729934,-0.435721351527403,0.558721799682866,0.462077384289808,-0.962330311938498,-0.552492362415673,1.20647255788765,-0.350818092901606,0.140511535524426,0.523670400268029,-0.527351388963007,-0.739747622938491,-0.0475685006420014,"UX Researcher","High School","Medium"
-0.884049945839066,0.380138888861646,-0.779154401982137,-1.51335041548635,1.12350833092743,-0.614729189303259,1.60635225690059,0.314497786581596,0.997459025241091,-1.54038777063718,-1.36272184336519,1.07914152227071,0.404222608507248,-1.08962037539245,-0.326835627698761,"Customer Support","Master's","High"
-0.880062438729691,1.06665438996625,1.19264554579219,-1.51335041548635,0.155302848793892,0.774698647591021,1.67577611011245,1.07744911769919,-0.779156002254683,0.768776897908346,0.909607682863297,0.80140596126937,1.09427742144818,1.39447616703067,-1.37408735416161,"Graphic Designer","Master's","Medium"
1.70046145559562,-1.45056911408398,1.05180269237974,-0.852868085963126,-0.732218843161851,-0.336843621924403,1.12038528441752,-1.28076408757338,0.579431959947968,-1.71532448795123,-1.36272184336519,-0.517837953487001,-1.45892538643326,1.21953979080369,1.27895035287761,"Lawyer","PhD","Medium"
0.332515357247799,0.723396639413951,-0.919997255394589,0.0857120665172512,-0.530509367717364,-0.753671972992687,0.0790274862395087,0.834691875979958,-1.44103218896879,-0.665704184066905,1.50390925126152,-0.240102392485659,1.50831030921273,1.70936164423923,0.126973453768473,"UX Researcher","Bachelor's","Medium"
0.655445643149013,0.494558139045748,1.01659197902663,-1.16572813678992,-1.5793986400287,0.983112823125163,-0.233379853213894,-1.03800684585414,0.509760782399114,0.838751584833968,-1.29280401178893,-0.760856569363174,-0.975887017374611,-0.424862145729926,0.929866444056657,"Teacher","High School","Low"
1.2647829614279,0.151300388493443,0.55885270543616,-1.68716155483457,-0.570851262806261,-0.962086148526829,-0.788770678908831,-1.2114048756536,-0.326293348187133,-1.43542574024875,0.874648767075167,1.00970763202038,0.231708905272015,-1.43949312784641,1.38367552552389,"Software Engineer","Master's","Medium"
1.09776998249903,-1.67940761445218,0.699695558848612,1.19810335834585,0.0746190586160974,-0.614729189303259,-0.0598202201842257,0.03706093890247,-0.361128936961559,1.53849845409019,0.839689851287036,-0.899724349863845,0.300714386566108,0.659743386877352,-1.23445379063323,"Software Engineer","Master's","Medium"
1.67257780080905,0.952235139782153,1.43912053926399,0.25952320586547,1.00248264566074,-1.3094431077504,0.0790274862395087,0.175779362742033,-0.604978058382548,0.488878150205858,-1.50255750651771,-1.21217685599035,0.162703423977922,-1.5444549535826,1.3487671346418,"Security Guard","High School","High"
1.51218177208342,0.380138888861646,0.594063418789273,-0.366196895788116,-0.167432311917287,0.913641431280449,0.00960363302764153,0.800012270020067,0.022062539557137,0.348928776354614,0.909607682863297,0.384802619767358,0.404222608507248,1.00961613933131,1.59312587081646,"UX Researcher","Bachelor's","Medium"
-0.82573987810923,-1.45056911408398,0.277166998611255,-1.40906373187742,1.16385022601633,-0.302107926002046,1.18980913762938,0.03706093890247,0.788445492594529,-1.64534980102561,-0.139159790780618,1.39159402839722,-0.975887017374611,-1.64941677931879,-0.222110455052476,"Construction Worker","Bachelor's","High"
1.39726644038791,1.29549289033446,-0.180572274979215,-0.122861300700611,1.48658538672751,-0.857879060759758,0.877401798175981,-1.2114048756536,-0.361128936961559,0.593840180594291,1.15432009338021,1.00970763202038,0.749250014977712,-0.494836696220718,-1.30427057239742,"Security Guard","Bachelor's","High"
-0.867782072631981,-1.10731136353167,1.26306697249842,1.26762781408513,-0.853244528428543,-1.44838589143983,0.148451339451376,0.522575422340941,0.718774315045675,0.523865493668669,0.944566598651428,-0.483121008361833,-1.1138979799628,-1.05463310014706,-1.68826287210046,"Nurse","High School","Low"
-0.401214845856131,-1.45056911408398,-1.44815795569129,-0.609532490875621,0.19564474388279,1.36520547827109,1.18980913762938,-0.864608816054691,-1.30168983387109,-1.05056496215783,1.64374491441404,0.176500949016352,-1.1138979799628,1.18455251555829,-0.326835627698761,"HR Specialist","High School","Medium"
0.979127198505616,0.265719638677545,-0.849575828688363,-0.366196895788116,1.32521780637192,1.36520547827109,1.29394491744718,0.245138574661815,-0.988169534901244,-0.315830749438795,1.67870383020217,0.384802619767358,0.956266458859991,-0.179951219012154,0.126973453768473,"Truck Driver","Master's","High"
-1.50867270803722,-0.649634362795267,1.22785625914531,0.0509498386476076,-1.33734726949531,-0.545257797458545,-1.10117801836223,1.52828399517777,-0.639813647156975,1.08366298907365,0.769772019710775,1.00970763202038,1.50831030921273,0.414832460159579,1.41858391640599,"Teacher","Bachelor's","Low"
-1.31481629356771,-0.87847286316347,0.45322056537682,0.954767763258342,-0.369141787361774,0.844170039435735,0.981537577993782,1.14680832961898,-0.674649235931402,0.663814867519913,-0.698502443390707,0.836122906394537,-0.147821241845496,0.344857909668787,-0.257018845934571,"UX Researcher","High School","Medium"
1.52836296035335,0.608977389229849,-1.13126153551327,-1.44382595974707,1.40590159654971,1.22626269458166,-1.65656884405717,-1.48884172333273,-0.152115404314998,0.873738928296779,-1.18792726442453,-0.795573514488342,-0.941384276727565,-0.354887595239134,-0.955186663576469,"Construction Worker","Master's","High"
0.677897041873534,1.06665438996625,-0.567890121863458,-1.33953927613814,-0.732218843161851,-0.441050709691474,-1.55243306423937,-1.38480290545305,-1.26685424509666,-1.71532448795123,-1.22288618021266,0.280651784391855,1.09427742144818,-1.08962037539245,-1.4439041359258,"HR Specialist","High School","Medium"
1.01611277169402,-0.535215112611165,-1.72984366251619,0.815718851779767,0.921798855482943,-0.927350452604472,-1.30944957799783,-0.864608816054691,1.03229461401552,-1.26048902293469,1.7136627459903,-0.587271843737336,1.43930482791864,-1.08962037539245,-1.05991183622275,"Retail Worker","Bachelor's","High"
-1.00451311351285,-1.22173061371577,-0.250993701685441,-1.58287487122564,-0.570851262806261,-1.44838589143983,0.322010972481044,-1.07268645181404,-0.01277304921729,-0.420792779827228,1.04944334601582,-0.621988788862503,-0.147821241845496,0.76470521261354,-0.222110455052476,"Software Engineer","High School","Medium"
-1.38711153115941,-0.420795862427064,0.55885270543616,-0.296672440048828,-0.00606473156169745,1.64309104564995,0.564994458722579,1.38956557133821,-1.12751188999895,-0.0359320017363069,1.43399141968526,-0.621988788862503,1.61181853115387,-1.40450585260102,1.41858391640599,"Marketing Manager","Bachelor's","Medium"
0.976266595579326,0.837815889598052,-1.51857938239751,1.33715226982442,-1.5793986400287,-1.65680006697397,-1.24002572478597,0.557255028300832,1.6593352119552,-1.33046370986031,-0.139159790780618,-1.10802602061485,0.852758236918852,-1.33453130211022,-0.885369881812279,"Nurse","PhD","Low"
1.43006224161356,-0.420795862427064,0.171534858551916,1.30239004195478,1.32521780637192,-1.51785728328454,0.217875192663243,1.0427695117393,-1.30168983387109,-1.47041308371156,-1.08305051706014,0.870839851519705,0.300714386566108,0.134934258196411,-0.850461490930185,"Construction Worker","Bachelor's","High"
1.04402532145964,-0.0775381118747595,1.65038481938266,-0.88763031383277,1.72863675726089,0.288398904678023,-1.30944957799783,-0.101657484937093,1.55482844563192,-0.245856062513173,1.2591968407446,-0.830290459613509,0.231708905272015,1.18455251555829,1.48840069817018,"Security Guard","High School","High"
0.0268642688205408,0.380138888861646,0.488431278729934,-1.72192378270422,-0.409483682450671,-0.753671972992687,-1.41358535781563,-0.760569998175018,-0.639813647156975,1.67844782794143,0.594977440770123,-0.240102392485659,1.68082401244797,-1.22956947637404,-0.0475685006420014,"Data Scientist","PhD","Medium"
-0.481109462938885,-1.67940761445218,-0.0749401349198756,0.74619439604048,-1.61974053511759,0.844170039435735,0.18316326605731,-1.38480290545305,0.196240483429272,-1.47041308371156,-1.71231100124649,1.35687708327205,-0.0443130199043566,0.134934258196411,-0.7457363182839,"Research Scientist","Bachelor's","Low"
0.780358637597022,0.608977389229849,-1.16647224886638,0.885243307519054,1.6479529670831,1.26099839050402,-1.34416150460377,0.210458968701924,1.06713020278995,-1.26048902293469,-1.39768075915332,1.11385846739588,1.02527194015408,-0.179951219012154,-1.33917896327951,"Retail Worker","High School","High"
-0.49006690644545,0.723396639413951,-0.391836555097893,0.0857120665172512,-0.0867485217394923,0.253663208755666,0.807977944964114,0.938730693859631,0.509760782399114,-1.01557761869501,-0.348913285509401,-1.48991241699169,-0.182323982492542,1.63938709374844,0.510965753471518,"Data Scientist","Bachelor's","Medium"
-0.416558079733506,-1.56498836426808,-0.81436511533525,-1.51335041548635,1.00248264566074,-0.0242223586231903,-0.545787192667296,-1.03800684585414,-1.23201865632223,0.593840180594291,0.210429367100687,1.18329235764621,-1.1138979799628,1.21953979080369,0.301515408178948,"Customer Support","High School","High"
0.563444029842869,0.151300388493443,-0.81436511533525,-0.366196895788116,-1.33734726949531,-1.44838589143983,1.18980913762938,-1.31544369353327,-0.0824442267661439,-0.385805436364417,0.0356347881600344,1.35687708327205,1.68082401244797,-1.68440405456418,-0.361744018580856,"Teacher","High School","Low"
0.0337990637933657,0.494558139045748,-0.603100835216572,0.537621028822618,0.80077317021625,0.531548776134522,-1.34416150460377,1.18148793557887,1.62449962318078,0.768776897908346,-0.27899545393314,1.56517875402306,1.61181853115387,1.53442526801225,-0.291927236816666,"HR Specialist","High School","Medium"
-1.18155265017325,-0.649634362795267,0.523641992083047,-1.09620368105063,1.32521780637192,0.878905735358092,1.39808069726498,1.25084714749865,-1.23201865632223,-0.000944658273495871,-0.0692419592043573,1.39159402839722,-1.73494731160963,0.834679763104332,0.441148971707328,"Customer Support","Bachelor's","High"
-1.51112878125676,-0.535215112611165,-0.145361561626102,0.572383256692262,0.760431275127353,0.844170039435735,-1.4830092110275,-1.14204566373382,1.10196579156437,-0.560742153678472,0.734813103922645,0.697255125893867,1.68082401244797,-0.109976668521362,0.860049662292467,"Marketing Manager","Master's","Medium"
0.308330259780072,1.29549289033446,-0.145361561626102,-1.06144145318099,0.558721799682866,1.1915269986593,-0.892906458726631,-0.621851574335455,0.683938726271249,0.873738928296779,0.560018524981992,1.7387634796489,1.26679112468341,-0.284913044748342,-0.571194363873425,"Lawyer","Master's","Medium"
0.453556424502647,-0.306376612242962,1.12222411908597,-0.0533368449613233,0.397354219327277,-1.65680006697397,1.50221647708279,0.938730693859631,-0.395964525735986,-0.385805436364417,-1.39768075915332,1.11385846739588,0.921763718212945,0.449819735404976,-1.37408735416161,"Software Engineer","Master's","Medium"
-0.193026521776116,-0.649634362795267,-0.145361561626102,-0.783343630223839,-1.37768916458421,-0.927350452604472,-0.511075266061362,0.522575422340941,1.34581491298536,-0.350818092901606,0.664895272346384,-1.28161074624069,0.128200683330876,1.46445071752146,-1.61844609033627,"Teacher","High School","Low"
-0.504341026097848,0.036881138309342,-1.30731510227883,0.120474294386895,0.276328534060584,-1.51785728328454,-1.4830092110275,1.28552675345854,-0.152115404314998,-0.105906688661929,1.53886816704965,-0.621988788862503,1.37029934662455,1.63938709374844,-0.885369881812279,"Data Scientist","PhD","Medium"
-1.62124754642941,-0.420795862427064,0.10111343184569,1.30239004195478,1.12350833092743,1.05258421496988,1.64106418350652,1.18148793557887,1.41548609053421,0.768776897908346,1.39903250389712,-1.17745991086519,0.714747274330666,0.799692487858936,-0.187202064170381,"Customer Support","Bachelor's","High"
1.57982491804752,0.151300388493443,-0.250993701685441,1.68477454852086,1.00248264566074,0.739962951668664,0.113739412845442,1.11212872365908,-0.0824442267661439,1.01368830214802,1.50390925126152,0.80140596126937,0.956266458859991,-1.5094676783372,-1.02500344534066,"Construction Worker","High School","High"
-0.171615342297519,-1.22173061371577,0.805327698907951,-0.0185746170916797,-1.74076622038429,1.36520547827109,1.36336877065905,-0.621851574335455,1.41548609053421,0.943713615222401,-0.348913285509401,-0.587271843737336,1.64632127180092,0.729717937368144,-0.396652409462951,"Research Scientist","Master's","Low"
0.284000687417078,-1.33614986389988,0.241956285258142,0.0857120665172512,0.235986638971687,0.149456120988595,0.530282532116645,1.4242451772981,1.69417080072963,0.768776897908346,1.50390925126152,1.25272624789655,-0.69986509219824,1.49943799276686,-1.47881252680789,"Chef","PhD","Medium"
1.61114707534145,0.494558139045748,0.488431278729934,0.120474294386895,0.0746190586160974,1.01784851904752,-1.0664660917563,1.66700241901734,-0.221786581863852,1.60847314101581,-0.418831117085662,0.35008567464219,-0.182323982492542,0.624756111631956,-1.09482022710485,"Software Engineer","High School","Medium"
1.29789660742313,-0.764053612979368,-1.51857938239751,0.3638098894744,-0.853244528428543,-1.5525929792069,0.564994458722579,0.973410299819522,-1.02300512367567,-0.770666214455338,-1.04809160127201,-0.691422679112839,-1.35541716449212,-0.459849420975322,-0.431560800345046,"Nurse","PhD","Low"
0.329596964363402,0.723396639413951,1.05180269237974,1.05905444686727,-1.25666347931752,-0.579993493380902,-0.302803706425761,-0.621851574335455,0.265911660978125,1.573485797553,-0.768420274966968,-0.135951557110156,0.542233571095433,1.18455251555829,-0.850461490930185,"Teacher","PhD","Low"
0.334104581095738,-1.10731136353167,1.36869911255776,-1.44382595974707,-1.21632158422862,1.26099839050402,1.46750455047685,-1.69691935909207,-0.46563570328484,-0.805653557918149,0.245388282888817,0.454236510017693,1.71532675309501,0.0299724324602228,0.196790235532663,"Research Scientist","PhD","Low"
-0.863650090627339,1.18107364015036,-0.567890121863458,-1.51335041548635,-1.29700537440641,0.357870296522737,-1.6912807706631,-1.38480290545305,-1.02300512367567,-0.49076746675285,0.140511535524426,-0.726139624238006,-0.768870573492332,1.28951434129448,-1.19954539975113,"Doctor","High School","Low"
-0.815337685649992,1.29549289033446,1.57996339267644,0.468096573083331,0.357012324238379,-0.232636534157332,-1.65656884405717,0.522575422340941,0.44008960485026,-1.33046370986031,-0.139159790780618,1.46102791864756,-1.01038975802166,-0.144963943766757,-0.117385282406191,"Marketing Manager","High School","Medium"
-1.59489532553267,-0.992892113347571,1.12222411908597,0.920005535388698,-0.207774207006184,-1.48312158736218,-0.511075266061362,0.626614240220614,0.683938726271249,1.67844782794143,-0.174118706568749,0.454236510017693,0.128200683330876,-1.22956947637404,-0.117385282406191,"Marketing Manager","Master's","Medium"
-1.11610552261722,-0.306376612242962,1.57996339267644,-0.435721351527403,1.80932054743869,0.149456120988595,-0.892906458726631,-1.07268645181404,-1.26685424509666,-0.14089403212474,-1.67735208545836,-0.170668502235324,1.68082401244797,0.58976883638656,0.929866444056657,"Customer Support","Master's","High"
0.438762195227288,0.380138888861646,-0.110150848272989,-0.713819174484552,-0.933928318606338,-1.10102893221626,-0.129244073396093,0.314497786581596,0.022062539557137,1.18862501946208,-0.94321485390762,-0.413687118111498,0.990769199507038,0.099946982951015,-0.326835627698761,"Doctor","Master's","Low"
1.20982471126826,-0.0775381118747595,0.875749125614177,1.65001232065121,-1.17597968913972,1.26099839050402,0.0790274862395087,-0.933968027974472,-1.71971689916421,0.55885283713148,-0.0342830434162267,0.974990686895208,0.645741793036573,1.70936164423923,0.0571566720042835,"Doctor","Bachelor's","Low"
0.796828775657481,-0.420795862427064,-0.743943688629024,-0.0533368449613233,0.599063694771764,-1.58732867512926,1.67577611011245,1.70168202497723,0.335582838526979,-0.560742153678472,-0.978173769695751,-0.760856569363174,-1.5624336083744,-0.0749893932759655,-1.51372091768999,"Software Engineer","High School","Medium"
-0.0337573972335704,-0.0775381118747595,-0.0045187082136494,-0.540008035136334,0.19564474388279,1.1915269986593,-1.51772113763344,1.63232281305745,-1.40619660019437,0.0690300286521262,0.210429367100687,-1.24689380111552,1.43930482791864,-0.109976668521362,-1.23445379063323,"Data Scientist","PhD","Medium"
-1.27956441912251,-1.22173061371577,1.61517410602955,-1.20049036465956,-0.853244528428543,-1.41365019551747,-0.962330311938498,-0.205696302816766,1.69417080072963,-0.000944658273495871,0.175470451312557,0.662538180768699,1.61181853115387,0.974628864085917,-0.955186663576469,"Doctor","PhD","Low"
-0.174273680370435,-1.10731136353167,-1.41294724233817,0.502858800952974,-1.61974053511759,-0.823143364837401,1.36336877065905,-0.587171968375564,0.231076072203698,-0.315830749438795,-1.50255750651771,-0.483121008361833,-0.320334945080728,1.39447616703067,-0.60610275475552,"Teacher","Master's","Low"
1.07630101306233,-0.191957362058861,0.171534858551916,-0.400959123657759,0.921798855482943,0.948377127202806,1.50221647708279,1.56296360113766,0.579431959947968,-0.280843405975984,-0.0692419592043573,0.558387345393196,1.09427742144818,-0.459849420975322,1.48840069817018,"Construction Worker","High School","High"
1.12432446824914,-1.22173061371577,0.10111343184569,1.61525009278157,1.72863675726089,0.705227255746307,-0.615211045879163,-0.968647633934363,-1.47586777774322,0.768776897908346,0.000675872371903821,0.245934839266687,-0.11331850119845,-0.0749893932759655,0.266607017296853,"Retail Worker","Bachelor's","High"
0.319974936338607,-0.649634362795267,-1.65942223580996,1.05905444686727,-0.167432311917287,0.844170039435735,1.57164033029465,-0.656531180295346,-1.44103218896879,-0.910615588306582,-0.978173769695751,0.836122906394537,-1.52793086772735,-1.579442228828,0.685507707881992,"Lawyer","High School","Medium"
0.521286255403904,0.723396639413951,0.699695558848612,-0.50524580726669,-0.0867485217394923,0.218927512833309,0.669130238540379,-0.899288422014582,1.17163696911323,0.803764241371157,-0.94321485390762,1.63461264427339,0.542233571095433,-0.179951219012154,-1.16463700886904,"Chef","Bachelor's","Medium"
0.503255788474559,0.608977389229849,-1.20168296221949,-0.227147984309541,-1.41803105967311,0.774698647591021,-1.0664660917563,1.11212872365908,-0.604978058382548,-0.175881375587551,0.944566598651428,0.454236510017693,-0.665362351551193,-0.38987487048453,-0.641011145637615,"Research Scientist","PhD","Low"
-0.0918652001100325,-1.33614986389988,-0.603100835216572,0.815718851779767,0.114960953704995,-1.20523601998333,-0.649922972485096,-0.968647633934363,-0.395964525735986,0.104017372114937,0.0356347881600344,0.870839851519705,-1.07939523931575,1.56941254325765,-0.53628597299133,"Chef","High School","Medium"
0.38371726013049,0.151300388493443,0.664484845495499,1.09381667473692,-0.207774207006184,0.878905735358092,1.32865684405312,0.938730693859631,-1.65004572161536,1.18862501946208,0.944566598651428,0.593104290518364,0.887260977565898,1.67437436899384,-0.222110455052476,"Chef","High School","Medium"
1.20393013554136,1.18107364015036,0.277166998611255,0.815718851779767,-0.449825577539569,-0.823143364837401,-0.927618385332565,0.661293846180504,-0.535306880833694,-0.280843405975984,0.734813103922645,1.63461264427339,-1.18290346125689,-1.5444549535826,-1.05991183622275,"Mechanic","PhD","Medium"
-0.989054299719256,-1.45056911408398,-1.09605082216015,0.294285433735113,1.40590159654971,-0.71893627707033,-1.4830092110275,-0.344414726656329,-1.09267630122453,-1.08555230562064,0.0705937039481649,0.593104290518364,-1.45892538643326,0.274883359177995,-0.850461490930185,"Retail Worker","Master's","High"
0.674111799617533,0.837815889598052,1.08701340573286,1.09381667473692,-0.207774207006184,0.253663208755666,1.01624950459972,-1.52352132929262,0.370418427301406,1.22361236292489,-0.453790032873793,-0.135951557110156,0.680244533683619,-1.5094676783372,-0.361744018580856,"Financial Analyst","Bachelor's","Medium"
1.50504471225723,1.29549289033446,-1.69463294916308,-1.02667922531134,1.20419212110522,-1.03155754037154,0.356722899086977,-0.171016696856875,-1.61521013284093,-0.735678870992527,-1.67735208545836,-0.483121008361833,-0.837876054786425,0.659743386877352,-0.641011145637615,"Customer Support","PhD","High"
-0.961199539911743,1.06665438996625,0.805327698907951,-0.0533368449613233,0.0746190586160974,1.1915269986593,-0.997042238544432,1.70168202497723,1.38065050175979,-0.700691527529716,1.36407358810899,0.870839851519705,1.47380756856569,0.659743386877352,0.615690926117802,"Graphic Designer","High School","Medium"
0.260913599153382,-0.764053612979368,-0.110150848272989,-1.02667922531134,-0.288457997183979,1.6778267415723,-1.41358535781563,0.765332664060177,-1.16234747877338,-1.68033714448842,0.000675872371903821,-1.17745991086519,1.61181853115387,-1.05463310014706,-1.05991183622275,"Lawyer","Bachelor's","Medium"
-1.54204640884394,-0.0775381118747595,-0.603100835216572,-1.65239932696493,1.28487591128302,0.0452490332215238,-1.55243306423937,-0.899288422014582,1.1368013803388,-0.105906688661929,-0.24403653814501,0.697255125893867,0.714747274330666,0.904654313595124,1.17422518023132,"Security Guard","High School","High"
-0.240818817130501,1.18107364015036,-1.51857938239751,-0.400959123657759,-0.974270213695235,-1.44838589143983,0.28729904587511,0.695973452140395,-0.0824442267661439,-0.805653557918149,-0.593625696026315,-1.48991241699169,-0.734367832845286,-1.61442950407339,0.825141271410372,"Doctor","Bachelor's","Low"
0.214132628065867,0.608977389229849,0.45322056537682,0.572383256692262,-0.0464066266505949,-1.17050032406097,-1.6912807706631,-0.552492362415673,0.858116670143383,1.64346048447862,-0.24403653814501,-0.448404063236665,-0.182323982492542,-0.249925769502946,0.476057362589423,"UX Researcher","Bachelor's","Medium"
0.33656065431528,0.723396639413951,0.981381265673517,0.537621028822618,-1.37768916458421,1.57361965380523,0.738554091752246,-0.240375908776656,-0.186950993089425,1.15363767599927,-0.209077622356879,0.0723501136408495,-0.734367832845286,1.18455251555829,0.0920650628863784,"Nurse","PhD","Low"
0.168883090868184,0.151300388493443,0.55885270543616,-0.748581402354195,0.518379904593969,-0.649464885225616,1.71048803671839,0.383856998501378,1.17163696911323,-1.47041308371156,-0.523707864450054,0.836122906394537,0.542233571095433,-1.08962037539245,-0.46646919122714,"Lawyer","Bachelor's","Medium"
0.229735916754723,0.494558139045748,0.382799138670594,-0.540008035136334,-0.328799892272877,-0.996821844449186,-0.302803706425761,-1.03800684585414,1.58966403440635,-1.19051433600907,1.43399141968526,-0.240102392485659,-0.423843167021868,-0.949671274410867,0.510965753471518,"UX Researcher","Bachelor's","Medium"
-0.26939595141435,0.494558139045748,-0.110150848272989,-1.51335041548635,-0.89358642351744,1.6778267415723,-0.233379853213894,0.383856998501378,-0.186950993089425,-0.595729497141283,-1.46759859072958,-0.135951557110156,1.09427742144818,-1.68440405456418,0.301515408178948,"Teacher","Bachelor's","Low"
-1.18308408406309,-1.45056911408398,-0.990418682100815,-1.09620368105063,-1.05495400387303,-0.823143364837401,-1.0664660917563,-0.41377393857611,-0.395964525735986,1.32857439331332,0.42018286182947,-0.309536282735995,0.0936979426838294,1.56941254325765,-1.33917896327951,"Nurse","Master's","Low"
-0.116772672054095,1.40991214051856,1.61517410602955,1.61525009278157,-1.66008243020649,-1.20523601998333,-0.268091779819827,-1.55820093525251,0.509760782399114,-1.43542574024875,-1.53751642230584,-0.0318007217346536,1.57731579050683,-0.249925769502946,-0.46646919122714,"Teacher","High School","Low"
-1.54297104817365,-1.45056911408398,0.10111343184569,-0.400959123657759,-0.207774207006184,-1.0662932362939,0.0443155596335751,-0.205696302816766,-0.813991591029109,-1.15552699254626,-0.663543527602576,0.0376331685156818,-1.52793086772735,-1.22956947637404,1.59312587081646,"Marketing Manager","High School","Medium"
-0.639627318026041,-0.535215112611165,-1.55379009575062,0.676669940301192,-0.732218843161851,0.844170039435735,0.877401798175981,0.522575422340941,0.788445492594529,-1.40043839678594,0.804730935498906,-1.24689380111552,-0.561854129610054,1.53442526801225,0.0222482811221885,"Software Engineer","Master's","Medium"
0.667494849414296,1.18107364015036,-0.35662584174478,0.989529991127985,0.235986638971687,0.288398904678023,1.39808069726498,-1.66223975313218,-1.19718306754781,0.453890806743047,-1.50255750651771,0.488953455142861,1.64632127180092,1.32450161653988,0.336423799061043,"Financial Analyst","PhD","Medium"
1.41896656965704,1.40991214051856,-1.34252581563195,-0.157623528570254,-0.12709041682839,-0.545257797458545,-1.72599269726904,1.35488596537832,0.962623436466664,0.55885283713148,-1.29280401178893,-0.413687118111498,1.43930482791864,0.414832460159579,0.371332189943138,"Chef","Bachelor's","Medium"
-0.459669388481234,1.40991214051856,0.206745571905029,0.3638098894744,-0.248116102095082,-0.441050709691474,0.669130238540379,-0.621851574335455,0.196240483429272,-0.735678870992527,-1.1529683486364,-0.170668502235324,-0.975887017374611,1.39447616703067,-0.67591953651971,"Data Scientist","Master's","Medium"
0.82893109738585,0.494558139045748,-0.849575828688363,-0.818105858093483,-1.458372954762,1.46941256603816,-0.372227559637628,1.11212872365908,-1.0578407124501,-1.54038777063718,0.979525514439559,0.141784003891185,-0.00981027925731013,-0.809722173429283,-1.47881252680789,"Doctor","Bachelor's","Low"
-0.360241765558357,-0.306376612242962,1.29827768585153,-1.30477704826849,0.679747484949559,-0.788407668915044,0.113739412845442,-1.48884172333273,-0.256622170638279,-1.26048902293469,-1.57247533809397,1.63461264427339,0.783752755624759,0.76470521261354,-1.4089957450437,"Software Engineer","High School","Medium"
0.345835942591434,0.036881138309342,1.22785625914531,-1.68716155483457,-0.328799892272877,1.74729813341702,-0.233379853213894,1.35488596537832,-0.604978058382548,0.139004715577748,1.22423792495647,0.384802619767358,0.783752755624759,-0.949671274410867,-1.16463700886904,"Data Scientist","High School","Medium"
0.86516540111886,1.29549289033446,-0.0397294215667625,1.05905444686727,1.16385022601633,0.218927512833309,1.05096143120565,-0.899288422014582,1.31097932421093,1.60847314101581,-1.6074342538821,-1.52462936211686,-1.42442264578622,0.974628864085917,-1.05991183622275,"Security Guard","Master's","High"
0.580289802631023,1.29549289033446,-0.215782988332328,1.19810335834585,1.6076110719942,1.60835534972759,-0.858194532120698,-0.933968027974472,-1.65004572161536,-0.280843405975984,-0.139159790780618,1.59989569914823,1.12878016209522,-1.15959492588324,1.06950000758504,"Customer Support","PhD","High"
0.218986984546844,-0.992892113347571,-1.4833686690444,1.19810335834585,0.760431275127353,-1.41365019551747,1.08567335781158,1.25084714749865,-1.33652542264551,-0.735678870992527,0.804730935498906,1.07914152227071,-0.527351388963007,-1.19458220112864,0.545874144353612,"Software Engineer","Master's","Medium"
-1.30938403750566,-1.10731136353167,-0.0045187082136494,-1.23525259252921,0.558721799682866,0.531548776134522,1.29394491744718,1.49360438921788,1.06713020278995,1.64346048447862,1.57382708283778,0.419519564892526,0.783752755624759,0.694730662122748,0.441148971707328,"Software Engineer","High School","Medium"
-0.843365815331826,1.52433139070266,-0.497468695157232,-1.37430150400778,1.12350833092743,-1.48312158736218,1.46750455047685,-0.171016696856875,-1.09267630122453,0.313941432891803,-1.04809160127201,1.04442457714554,-0.665362351551193,-0.669773072447699,1.3138587437597,"Retail Worker","High School","High"
-0.738997150990811,1.06665438996625,0.629274132142386,-0.713819174484552,-0.772560738250748,-1.03155754037154,-0.337515633031694,-1.14204566373382,-1.09267630122453,-0.350818092901606,1.60878599862591,0.905556796644873,-0.630859610904147,1.56941254325765,0.545874144353612,"Data Scientist","Bachelor's","Medium"
-1.05698639547389,-0.992892113347571,-0.110150848272989,-0.296672440048828,-0.449825577539569,-0.37157931784676,0.113739412845442,0.106420150822252,0.89295225891781,-0.455780123290039,0.769772019710775,0.280651784391855,1.57731579050683,-0.38987487048453,1.41858391640599,"HR Specialist","High School","Medium"
1.3712031692817,0.036881138309342,0.488431278729934,0.537621028822618,-1.74076622038429,1.57361965380523,-1.34416150460377,0.210458968701924,-0.604978058382548,-0.210868719050362,0.38522394604134,1.42631097352239,-0.147821241845496,1.70936164423923,0.336423799061043,"AI Engineer","High School","Low"
-1.59610891465292,-0.306376612242962,-1.09605082216015,0.780956623910123,-1.78110811547318,-0.0589580545455473,-1.20531379818003,-0.240375908776656,0.858116670143383,-0.105906688661929,-1.18792726442453,-0.865007404738677,-0.458345907668914,-1.5094676783372,0.301515408178948,"Nurse","PhD","Low"
0.811680794890948,0.494558139045748,-1.55379009575062,-0.331434667918472,1.20419212110522,-0.579993493380902,0.217875192663243,-0.517812756455783,-0.291457759412706,1.08366298907365,-1.18792726442453,0.419519564892526,0.0246924613897364,-0.669773072447699,0.825141271410372,"Security Guard","High School","High"
-0.42693137721369,-0.306376612242962,-0.0749401349198756,0.607145484561905,-1.01461210878413,1.64309104564995,0.460858678904778,1.28552675345854,-1.75455248793864,0.139004715577748,-1.01313268548388,-1.42047852674136,0.0936979426838294,0.869667038349728,-0.291927236816666,"AI Engineer","High School","Low"
-1.40918729515623,1.06665438996625,-0.0397294215667625,-0.192385756439898,-0.328799892272877,-0.406315013769117,-0.511075266061362,0.522575422340941,-1.33652542264551,-1.40043839678594,0.560018524981992,0.176500949016352,-0.251329463786635,-1.22956947637404,-0.291927236816666,"HR Specialist","High School","Medium"
0.508427989725125,0.837815889598052,0.699695558848612,-1.51335041548635,-1.13563779405082,-0.892614756682115,-0.615211045879163,-1.03800684585414,0.962623436466664,0.55885283713148,0.38522394604134,0.593104290518364,-0.906881536080518,-0.21493849425755,0.476057362589423,"Teacher","Master's","Low"
1.7431682346366,1.29549289033446,1.01659197902663,-0.713819174484552,0.437696114416174,-0.197900838234975,0.599706385328512,-0.136337090896984,1.55482844563192,-1.08555230562064,0.629936356558253,0.280651784391855,-1.14840072060984,-1.5094676783372,1.06950000758504,"Graphic Designer","PhD","Medium"
-0.331780211190721,1.29549289033446,-1.09605082216015,1.68477454852086,-1.09529589896193,-0.857879060759758,0.322010972481044,0.106420150822252,1.17163696911323,0.838751584833968,1.15432009338021,-1.00387518523935,0.473228089801341,-1.61442950407339,-1.47881252680789,"Doctor","High School","Low"
1.51865424739139,-1.10731136353167,-1.69463294916308,0.294285433735113,-0.974270213695235,-0.406315013769117,-1.5871449908453,0.730653058100286,1.48515726808307,0.803764241371157,0.280347198676948,-0.934441294989012,-1.66594183031554,0.659743386877352,-0.920278272694374,"Research Scientist","Bachelor's","Low"
-0.676034991633372,-1.45056911408398,-0.110150848272989,0.120474294386895,0.397354219327277,0.983112823125163,0.495570605510712,1.52828399517777,1.6593352119552,1.60847314101581,1.11936117759208,0.731972071019034,0.542233571095433,-1.40450585260102,-0.780644709165995,"Financial Analyst","Bachelor's","Medium"
-0.231630213791508,-0.87847286316347,-1.27210438892572,-0.192385756439898,-0.570851262806261,1.39994117419345,1.08567335781158,-1.48884172333273,-0.883662768577963,1.15363767599927,1.04944334601582,1.56517875402306,1.71532675309501,1.67437436899384,-0.291927236816666,"Marketing Manager","High School","Medium"
1.17185670879204,-1.67940761445218,0.91095983896729,-0.679056946614908,-1.01461210878413,0.114720425066238,1.01624950459972,-0.760569998175018,0.022062539557137,0.243966745966181,1.53886816704965,-0.795573514488342,1.50831030921273,1.04460341457671,0.825141271410372,"Nurse","Bachelor's","Low"
-1.09070683602925,-1.56498836426808,0.382799138670594,-0.88763031383277,1.00248264566074,1.29573408642638,0.807977944964114,-1.00332723989425,0.405254016075833,-0.14089403212474,-1.18792726442453,0.107067058766017,-0.768870573492332,-1.40450585260102,-0.0824768915240963,"Truck Driver","Bachelor's","High"
0.849157582723256,0.608977389229849,-1.58900080910374,-0.331434667918472,-0.409483682450671,-1.62206437105161,-1.2747376513919,-1.24608448161349,-1.12751188999895,1.08366298907365,-0.209077622356879,-1.21217685599035,-1.38991990513917,-0.704760347693095,1.06950000758504,"Chef","High School","Medium"
0.633572144005561,1.40991214051856,-1.20168296221949,-0.331434667918472,0.0746190586160974,-1.62206437105161,0.460858678904778,-0.344414726656329,-1.71971689916421,0.628827524057102,0.734813103922645,0.454236510017693,-0.561854129610054,0.099946982951015,-0.361744018580856,"Software Engineer","High School","Medium"
0.14917671515374,-1.56498836426808,0.699695558848612,-0.991916997441701,-0.369141787361774,0.253663208755666,-0.163956000002026,0.834691875979958,-0.430800114510413,1.29358704985051,-0.24403653814501,-1.5940632523672,-1.66594183031554,0.519794285895768,0.161881844650568,"UX Researcher","High School","Medium"
0.770274289907372,-1.56498836426808,1.01659197902663,-0.400959123657759,1.80932054743869,1.57361965380523,-1.6912807706631,1.38956557133821,0.614267548722395,0.0340426851893152,0.280347198676948,1.18329235764621,1.54281304985978,0.204908808687203,-1.09482022710485,"Truck Driver","Master's","High"
0.0218076474861893,1.06665438996625,-1.4833686690444,0.502858800952974,1.6076110719942,-0.510522101536188,-1.4830092110275,0.661293846180504,-0.570142469608121,-0.84064090138096,0.664895272346384,1.63461264427339,0.852758236918852,-0.0400021180305694,0.371332189943138,"Security Guard","PhD","High"
-0.976513878810065,-0.87847286316347,1.08701340573286,0.3638098894744,0.760431275127353,1.6778267415723,-0.511075266061362,1.70168202497723,1.58966403440635,0.523865493668669,-0.593625696026315,0.870839851519705,-0.803373314139379,0.449819735404976,-1.65335448121837,"Software Engineer","High School","Medium"
-0.196465024283475,1.06665438996625,1.57996339267644,-0.88763031383277,1.5672691769053,-0.71893627707033,0.738554091752246,0.695973452140395,-1.12751188999895,0.383916119817425,1.2591968407446,-0.413687118111498,0.714747274330666,0.58976883638656,-0.81555310004809,"Construction Worker","High School","High"
-1.29071788103714,-1.33614986389988,0.206745571905029,-0.470483579397047,-1.66008243020649,-0.0936937504679043,0.807977944964114,0.418536604461269,0.788445492594529,1.04867564561083,-0.209077622356879,0.0723501136408495,1.68082401244797,1.63938709374844,-0.291927236816666,"Doctor","PhD","Low"
-0.675254827198929,-1.45056911408398,0.946170552320403,0.537621028822618,-0.328799892272877,-0.0242223586231903,-1.5871449908453,-1.07268645181404,-0.291457759412706,1.18862501946208,-0.0692419592043573,0.315368729517023,1.26679112468341,-0.669773072447699,0.720416098764087,"Financial Analyst","High School","Medium"
-1.28918644714731,-0.420795862427064,-1.06084010880704,-0.470483579397047,-0.853244528428543,1.6778267415723,-0.962330311938498,-1.48884172333273,-0.813991591029109,-0.315830749438795,-0.209077622356879,0.419519564892526,1.37029934662455,-0.599798521956906,1.24404196199551,"Research Scientist","High School","Low"
-1.27115598021796,0.608977389229849,-1.62421152245685,0.016187610777964,-0.732218843161851,-0.37157931784676,1.39808069726498,-0.899288422014582,0.718774315045675,-0.665704184066905,-1.6074342538821,0.21121789414152,1.12878016209522,-0.319900319993738,0.441148971707328,"Graphic Designer","Bachelor's","Medium"
1.43526333784317,-0.992892113347571,-1.09605082216015,0.815718851779767,1.32521780637192,0.878905735358092,-0.0251082935782921,-1.28076408757338,0.231076072203698,-0.000944658273495871,0.0705937039481649,1.32216013814688,1.3357966059775,-0.179951219012154,-0.117385282406191,"Truck Driver","High School","High"
0.731988442661568,1.63875064088676,0.0659027184925768,1.58048786491193,0.235986638971687,-0.753671972992687,0.113739412845442,0.45321621042116,0.474925193624687,0.348928776354614,-1.11800943284827,-1.62878019749237,-0.561854129610054,-0.249925769502946,-1.51372091768999,"Data Scientist","Master's","Medium"
1.50261753401674,0.151300388493443,-0.567890121863458,1.44143895343335,-1.66008243020649,-1.51785728328454,-0.0598202201842257,-1.07268645181404,1.51999285685749,-1.68033714448842,-0.313954369721271,1.49574486377272,-0.423843167021868,-1.43949312784641,-0.67591953651971,"Nurse","PhD","Low"
1.33153036304134,0.151300388493443,-1.09605082216015,-0.088099072830967,1.6479529670831,1.29573408642638,-1.55243306423937,-1.17672526969371,-0.779156002254683,0.348928776354614,-0.488748948661924,1.18329235764621,0.749250014977712,-1.40450585260102,0.441148971707328,"Construction Worker","PhD","High"
-0.967094115638644,0.952235139782153,-0.849575828688363,-1.09620368105063,-1.66008243020649,0.427341688367451,0.217875192663243,-1.10736605777393,1.69417080072963,-0.245856062513173,-1.39768075915332,-1.31632769136586,0.266211645919061,1.67437436899384,0.266607017296853,"Research Scientist","Master's","Low"
-0.992146062477974,0.723396639413951,-0.215782988332328,-0.192385756439898,1.32521780637192,0.705227255746307,-0.441651412849495,1.25084714749865,-1.65004572161536,-0.175881375587551,0.0356347881600344,0.384802619767358,-0.768870573492332,-0.249925769502946,-0.0475685006420014,"Retail Worker","High School","High"
0.807230968116718,-0.764053612979368,0.946170552320403,0.850481079649411,-0.248116102095082,1.74729813341702,1.22452106423532,-0.8299292100948,-1.0578407124501,-0.630716840604094,-0.174118706568749,1.21800930277138,0.956266458859991,1.21953979080369,-0.780644709165995,"Financial Analyst","PhD","Medium"
0.318992507050791,0.723396639413951,-0.779154401982137,-1.33953927613814,0.276328534060584,-1.23997171590569,0.599706385328512,0.522575422340941,1.06713020278995,-1.22550167947188,0.979525514439559,1.7387634796489,1.19778564338932,0.869667038349728,0.580782535235707,"Software Engineer","Bachelor's","Medium"
-1.64580827862483,0.151300388493443,1.19264554579219,0.155236522256539,0.397354219327277,1.01784851904752,0.0443155596335751,0.141099756782142,-1.0578407124501,-0.875628244843771,1.39903250389712,1.18329235764621,-1.70044457096259,1.28951434129448,-1.61844609033627,"Financial Analyst","Bachelor's","Medium"
1.47499393404165,-0.0775381118747595,-0.743943688629024,-0.0533368449613233,-0.167432311917287,1.50414826196052,-1.5871449908453,0.626614240220614,1.20647255788765,1.64346048447862,-1.11800943284827,0.107067058766017,-1.59693634902145,-0.00501484278517327,-1.26936218151532,"Mechanic","PhD","Medium"
-0.964984782167743,0.265719638677545,-1.37773652898506,0.0509498386476076,-1.29700537440641,1.64309104564995,0.530282532116645,-0.725890392215128,-0.91849835735239,-1.26048902293469,0.909607682863297,0.662538180768699,0.369719867860201,-1.61442950407339,0.929866444056657,"Research Scientist","Master's","Low"
-0.305861414979788,1.18107364015036,1.61517410602955,0.329047661604757,-1.4987148498509,-0.406315013769117,-1.10117801836223,0.765332664060177,0.718774315045675,-1.01557761869501,-1.18792726442453,-1.45519547186653,1.4048020872716,-0.949671274410867,-0.53628597299133,"Doctor","Master's","Low"
0.449193282665578,-1.22173061371577,-0.321415128391667,0.74619439604048,1.68829486217199,-1.10102893221626,0.669130238540379,-0.517812756455783,1.6593352119552,-0.665704184066905,-1.71231100124649,0.0723501136408495,-1.21740620190394,-1.61442950407339,0.720416098764087,"Security Guard","High School","High"
0.830693691108109,1.18107364015036,-0.145361561626102,0.641907712431549,1.32521780637192,0.462077384289808,0.356722899086977,0.591934634260723,-1.0578407124501,-0.770666214455338,-0.209077622356879,-0.170668502235324,0.921763718212945,-0.459849420975322,-1.16463700886904,"Retail Worker","Master's","High"
-1.57550679458782,-0.535215112611165,-1.02562939545393,0.815718851779767,1.28487591128302,0.739962951668664,-0.268091779819827,1.35488596537832,1.6593352119552,0.628827524057102,1.2591968407446,0.0376331685156818,1.47380756856569,1.1495652403129,1.73275943434484,"Truck Driver","PhD","High"
0.3123466618685,-0.306376612242962,0.981381265673517,0.155236522256539,1.04282454074964,-0.510522101536188,1.36336877065905,-1.52352132929262,0.300747249752552,-0.420792779827228,-0.383872201297532,1.32216013814688,1.19778564338932,0.344857909668787,-0.780644709165995,"Retail Worker","PhD","High"
1.13802068832047,-0.0775381118747595,-0.321415128391667,-0.50524580726669,-0.651535052984056,0.149456120988595,-0.68463489909103,0.557255028300832,-0.639813647156975,-0.210868719050362,-1.57247533809397,1.70404653452373,0.0246924613897364,-1.68440405456418,0.161881844650568,"Software Engineer","PhD","Medium"
1.16191683599766,-0.87847286316347,0.946170552320403,0.711432168170836,-0.570851262806261,0.566284472056879,0.946825651387848,0.245138574661815,1.34581491298536,-0.735678870992527,-0.90825593811949,1.28744319302172,0.438725349154294,-1.75437860505498,-0.501377582109235,"UX Researcher","Bachelor's","Medium"
-0.863852355480713,-1.10731136353167,-1.65942223580996,-1.72192378270422,1.08316643583853,1.4346768701158,1.39808069726498,0.0717405448623608,0.161404894654845,-0.560742153678472,-0.90825593811949,1.11385846739588,-1.35541716449212,-0.0400021180305694,0.476057362589423,"Construction Worker","Master's","High"
-0.216489244767507,-1.33614986389988,0.0659027184925768,0.294285433735113,-1.05495400387303,-0.927350452604472,-0.719346825696964,0.245138574661815,1.6593352119552,-0.945602931769393,1.7136627459903,0.731972071019034,1.12878016209522,-1.43949312784641,-0.67591953651971,"Research Scientist","Master's","Low"
1.70222404931788,1.18107364015036,-0.462257981804119,1.68477454852086,-1.70042432529539,0.218927512833309,-1.6912807706631,0.730653058100286,-1.0578407124501,-1.26048902293469,-0.558666780238185,0.94027374177004,-1.35541716449212,-0.949671274410867,-1.68826287210046,"AI Engineer","Bachelor's","Low"
-1.64641507318495,1.06665438996625,0.312377711964368,0.780956623910123,0.235986638971687,-1.23997171590569,0.322010972481044,-1.28076408757338,-0.361128936961559,0.278954089428992,0.210429367100687,-1.31632769136586,-1.63143908966849,1.04460341457671,0.825141271410372,"Lawyer","PhD","Medium"
-1.55718737786794,-1.56498836426808,-1.30731510227883,1.37191449769406,1.5672691769053,1.74729813341702,-0.858194532120698,-0.0322982730173117,-0.91849835735239,0.453890806743047,-1.32776292757706,-1.28161074624069,-1.49342812708031,0.659743386877352,-0.0126601097599064,"Retail Worker","High School","High"
1.37715553496671,1.52433139070266,1.33348839920465,0.850481079649411,-0.0867485217394923,1.6778267415723,-0.129244073396093,-1.35012329949316,1.69417080072963,-1.64534980102561,0.175470451312557,-0.656705733987671,-0.00981027925731013,0.204908808687203,-0.885369881812279,"Data Scientist","Bachelor's","Medium"
-1.15612506860623,0.608977389229849,0.629274132142386,1.19810335834585,-1.33734726949531,1.15679130273695,0.981537577993782,0.591934634260723,-0.186950993089425,-0.770666214455338,1.2591968407446,0.523670400268029,1.02527194015408,0.169921533441807,-1.12972861798694,"AI Engineer","Master's","Low"
-0.873387698568347,-0.649634362795267,-1.62421152245685,1.51096340917264,-1.61974053511759,1.4346768701158,-1.51772113763344,1.56296360113766,-1.0578407124501,-0.665704184066905,-0.0342830434162267,-0.413687118111498,0.57673631174248,1.63938709374844,0.406240580825233,"Teacher","Bachelor's","Low"
0.685669791238908,1.29549289033446,0.875749125614177,1.19810335834585,0.679747484949559,0.288398904678023,0.981537577993782,-0.0322982730173117,-1.61521013284093,-1.15552699254626,-1.29280401178893,-1.14274296574002,-1.70044457096259,1.25452706604909,0.231698626414758,"Financial Analyst","PhD","Medium"
-1.49107566579367,0.837815889598052,-0.321415128391667,-0.122861300700611,-0.691876948072953,-0.788407668915044,1.22452106423532,0.834691875979958,0.196240483429272,-0.0359320017363069,-0.838338106543229,-0.101234611984989,0.335217127213154,0.729717937368144,-1.12972861798694,"UX Researcher","PhD","Medium"
1.08548961640132,-0.649634362795267,-0.0045187082136494,0.398572117344044,1.28487591128302,0.253663208755666,-1.34416150460377,-0.240375908776656,-0.779156002254683,-1.40043839678594,-1.08305051706014,0.35008567464219,-1.0448924986687,-1.12460765063785,0.196790235532663,"Customer Support","High School","High"
-0.611021288763138,-0.420795862427064,1.01659197902663,1.44143895343335,1.40590159654971,-0.302107926002046,0.807977944964114,-0.8299292100948,-1.47586777774322,-0.525754810215661,-0.698502443390707,0.627821235643532,0.162703423977922,-1.26455675161943,1.45349230728808,"Retail Worker","PhD","High"
0.293102605818911,0.723396639413951,-0.145361561626102,1.54572563704228,0.881456960394045,1.01784851904752,-0.476363339455429,0.695973452140395,1.48515726808307,0.104017372114937,-1.67735208545836,-1.62878019749237,-0.5963568702571,0.974628864085917,-0.710827927401805,"Customer Support","PhD","High"
1.56820913646804,1.29549289033446,0.981381265673517,-1.30477704826849,1.6479529670831,-0.788407668915044,-1.55243306423937,-1.31544369353327,1.55482844563192,-0.14089403212474,-0.838338106543229,0.0723501136408495,0.611239052389526,-0.634785797202302,0.825141271410372,"Security Guard","Bachelor's","High"
1.29616290867993,0.723396639413951,-1.37773652898506,0.189998750126182,-0.570851262806261,1.53888395788287,-1.72599269726904,0.90405108789974,-0.779156002254683,1.2585997063877,-1.53751642230584,1.56517875402306,-1.38991990513917,1.00961613933131,0.0920650628863784,"Graphic Designer","Master's","Medium"
-1.04615077832885,0.837815889598052,-0.779154401982137,1.19810335834585,-0.490167472628466,0.774698647591021,-0.163956000002026,1.73636163093712,0.370418427301406,-1.36545105332312,-0.27899545393314,-1.48991241699169,-0.734367832845286,-0.56481124671151,1.24404196199551,"Lawyer","High School","Medium"
-1.05756429505496,1.63875064088676,-1.72984366251619,0.120474294386895,-0.449825577539569,-0.614729189303259,-1.65656884405717,0.869371481939849,1.55482844563192,-0.945602931769393,-0.558666780238185,-1.00387518523935,1.47380756856569,-1.71939132980958,0.301515408178948,"UX Researcher","PhD","Medium"
-0.982957459138981,1.63875064088676,-1.09605082216015,0.329047661604757,-1.78110811547318,1.08731991089223,-0.788770678908831,1.70168202497723,1.45032167930864,0.838751584833968,0.000675872371903821,0.94027374177004,-1.28641168319803,-0.669773072447699,-1.61844609033627,"Teacher","Bachelor's","Low"
-1.08154712766931,-0.87847286316347,1.08701340573286,1.58048786491193,0.276328534060584,0.809434343513378,1.39808069726498,1.52828399517777,-0.047608637991717,-1.33046370986031,-0.104200874992488,0.21121789414152,0.438725349154294,1.70936164423923,1.48840069817018,"Lawyer","Bachelor's","Medium"
-1.48000888881621,-0.992892113347571,-1.37773652898506,-0.991916997441701,-0.530509367717364,-0.475786405613831,1.32865684405312,-0.205696302816766,0.231076072203698,-1.08555230562064,-0.0342830434162267,1.28744319302172,0.921763718212945,-1.47448040309181,1.27895035287761,"HR Specialist","High School","Medium"
1.31127498272488,-1.33614986389988,0.594063418789273,-1.20049036465956,0.276328534060584,-1.58732867512926,0.356722899086977,0.522575422340941,-0.91849835735239,1.573485797553,-1.57247533809397,1.35687708327205,-0.423843167021868,0.729717937368144,0.545874144353612,"Graphic Designer","Master's","Medium"
-1.36705841569632,-1.10731136353167,-0.638311548569685,0.120474294386895,0.558721799682866,1.57361965380523,-1.65656884405717,-0.517812756455783,0.579431959947968,0.139004715577748,1.53886816704965,-1.66349714261753,-0.216826723139589,0.58976883638656,-0.955186663576469,"HR Specialist","High School","Medium"
-0.376278478933015,-0.306376612242962,-1.4833686690444,-0.157623528570254,0.276328534060584,-0.788407668915044,-1.4830092110275,1.59764320709756,1.41548609053421,1.53849845409019,1.67870383020217,-1.10802602061485,-1.18290346125689,-1.64941677931879,1.38367552552389,"HR Specialist","High School","Medium"
0.302117839283583,1.40991214051856,0.45322056537682,1.51096340917264,0.114960953704995,-1.27470741182804,-1.10117801836223,-1.28076408757338,-0.674649235931402,-0.385805436364417,1.04944334601582,-1.07330907548968,0.783752755624759,-0.0400021180305694,1.76766782522693,"Financial Analyst","Bachelor's","Medium"
-1.51086872644528,-0.420795862427064,1.65038481938266,-0.540008035136334,-0.611193157895159,0.0452490332215238,-1.30944957799783,-0.0322982730173117,-0.813991591029109,-0.000944658273495871,1.57382708283778,-0.726139624238006,1.68082401244797,-0.949671274410867,-0.990095054458564,"Graphic Designer","Bachelor's","Medium"
0.671655726397991,1.29549289033446,1.19264554579219,0.885243307519054,0.357012324238379,-0.753671972992687,-1.65656884405717,-1.17672526969371,-0.535306880833694,1.67844782794143,1.46895033547339,-1.03859213036452,0.783752755624759,0.274883359177995,-1.54862930857208,"Chef","High School","Medium"
-1.52814792391923,-1.10731136353167,-1.51857938239751,-1.33953927613814,1.44624349163861,0.913641431280449,-0.615211045879163,-0.0322982730173117,1.55482844563192,1.60847314101581,-0.663543527602576,1.07914152227071,0.300714386566108,1.67437436899384,-0.0475685006420014,"Security Guard","Bachelor's","High"
0.536080484679264,0.494558139045748,0.946170552320403,0.016187610777964,0.478038009505071,-0.823143364837401,-1.30944957799783,-0.240375908776656,1.51999285685749,0.0340426851893152,0.490100693405731,0.419519564892526,-1.28641168319803,-0.38987487048453,0.755324489646182,"Software Engineer","PhD","Medium"
-1.06617499881288,1.40991214051856,-1.16647224886638,-0.296672440048828,-0.651535052984056,-0.892614756682115,-0.406939486243561,0.141099756782142,-0.953333946126817,-0.910615588306582,0.979525514439559,1.59989569914823,-0.630859610904147,0.659743386877352,-0.81555310004809,"Mechanic","Master's","Medium"
-1.18753391083732,-0.420795862427064,0.594063418789273,1.05905444686727,0.841115065305148,0.357870296522737,0.113739412845442,-0.725890392215128,-0.848827179803536,0.313941432891803,0.734813103922645,-1.62878019749237,0.231708905272015,-1.15959492588324,-1.23445379063323,"Truck Driver","Bachelor's","High"
-0.279595879020214,1.52433139070266,-0.673522261922798,-0.192385756439898,-0.248116102095082,0.531548776134522,-0.0945321467901593,1.59764320709756,-0.535306880833694,0.873738928296779,-0.838338106543229,0.0376331685156818,0.162703423977922,-0.599798521956906,-0.0824768915240963,"Marketing Manager","PhD","Medium"
-0.191755142697765,0.723396639413951,-1.72984366251619,-0.957154769572057,0.316670429149482,0.948377127202806,-0.754058752302897,-0.309735120696438,-1.61521013284093,-0.875628244843771,0.979525514439559,0.384802619767358,-1.01038975802166,-0.844709448674679,1.13931678934923,"UX Researcher","PhD","Medium"
-0.688662097479724,-0.649634362795267,-0.603100835216572,0.572383256692262,-1.25666347931752,-0.128429446390261,1.39808069726498,-0.968647633934363,0.823281081368956,-1.15552699254626,0.42018286182947,1.28744319302172,-0.147821241845496,0.76470521261354,1.13931678934923,"Doctor","Bachelor's","Low"
-0.526965794696689,-0.649634362795267,0.734906272201725,1.476201181303,0.114960953704995,-1.0662932362939,-1.2747376513919,-0.8299292100948,-1.40619660019437,0.0690300286521262,-1.50255750651771,-0.96915824011418,-0.216826723139589,-0.109976668521362,0.266607017296853,"Marketing Manager","Bachelor's","Medium"
0.523424483853858,-1.33614986389988,-1.58900080910374,-1.44382595974707,-0.732218843161851,-0.267372230079689,-1.5871449908453,0.869371481939849,-0.988169534901244,1.573485797553,-0.0342830434162267,-0.170668502235324,0.956266458859991,0.729717937368144,0.406240580825233,"Lawyer","Bachelor's","Medium"
1.64486751589681,-0.992892113347571,0.488431278729934,0.155236522256539,0.155302848793892,0.635755863901593,-1.13588994496817,-0.691210786255237,0.823281081368956,-1.15552699254626,-0.558666780238185,0.593104290518364,1.50831030921273,-1.47448040309181,0.0920650628863784,"UX Researcher","Bachelor's","Medium"
1.59496588707152,0.837815889598052,-0.427047268451006,-1.09620368105063,0.235986638971687,0.913641431280449,-0.858194532120698,0.730653058100286,-0.186950993089425,-0.735678870992527,0.0705937039481649,-0.413687118111498,-0.941384276727565,0.904654313595124,1.06950000758504,"Chef","Master's","Medium"
0.675585443549259,-1.56498836426808,-0.427047268451006,-1.13096590892028,0.558721799682866,-0.579993493380902,0.877401798175981,1.11212872365908,0.927787847692237,-0.350818092901606,1.53886816704965,0.558387345393196,0.266211645919061,0.694730662122748,-1.58353769945418,"Software Engineer","Master's","Medium"
-0.221228021332271,1.29549289033446,1.33348839920465,-1.16572813678992,-0.12709041682839,-0.302107926002046,-0.476363339455429,0.210458968701924,1.72900638950406,-0.805653557918149,0.699854188134514,0.905556796644873,0.266211645919061,-1.40450585260102,0.266607017296853,"Software Engineer","Master's","Medium"
-1.24601734844147,0.494558139045748,-0.567890121863458,0.502858800952974,-0.853244528428543,1.05258421496988,0.669130238540379,1.63232281305745,-1.16234747877338,0.978700958685212,-0.313954369721271,-0.483121008361833,0.0591952020367829,-1.64941677931879,-0.641011145637615,"AI Engineer","PhD","Low"
0.365051103661969,0.265719638677545,-1.27210438892572,-0.540008035136334,-1.01461210878413,-1.03155754037154,0.113739412845442,0.869371481939849,-0.91849835735239,1.50351111062738,1.29415575653273,-0.865007404738677,1.68082401244797,0.58976883638656,-0.710827927401805,"Doctor","Bachelor's","Low"
-0.824526288988985,-1.10731136353167,0.594063418789273,0.398572117344044,-1.09529589896193,-0.788407668915044,1.67577611011245,1.25084714749865,0.858116670143383,-1.6103624575628,0.315306114465078,0.731972071019034,1.19778564338932,1.56941254325765,1.48840069817018,"Doctor","Master's","Low"
-0.653901437678439,-1.33614986389988,0.347588425317481,-0.088099072830967,-0.288457997183979,-0.441050709691474,-0.441651412849495,1.63232281305745,-0.953333946126817,1.15363767599927,0.734813103922645,-1.6982140877427,1.68082401244797,0.904654313595124,0.650599316999897,"Data Scientist","High School","Medium"
0.859877619952081,-0.535215112611165,0.206745571905029,-0.852868085963126,-0.772560738250748,1.1915269986593,1.39808069726498,-1.17672526969371,0.997459025241091,0.873738928296779,-1.11800943284827,-0.274819337610827,-0.285832204433682,0.904654313595124,1.20913357111342,"Graphic Designer","PhD","Medium"
0.523713433644393,1.63875064088676,0.206745571905029,0.920005535388698,0.437696114416174,-1.20523601998333,0.113739412845442,1.25084714749865,-0.639813647156975,-0.210868719050362,1.04944334601582,-1.42047852674136,1.23228838403636,-0.669773072447699,-1.72317126298256,"Mechanic","PhD","Medium"
-0.912627080122915,-0.0775381118747595,0.629274132142386,-0.609532490875621,-0.611193157895159,0.427341688367451,-0.962330311938498,0.626614240220614,1.17163696911323,-1.2954763663975,-0.209077622356879,-0.205385447360492,0.438725349154294,-0.599798521956906,-0.257018845934571,"HR Specialist","PhD","Medium"
-0.712558245156916,0.494558139045748,0.523641992083047,-0.748581402354195,0.478038009505071,0.601020167979236,0.530282532116645,-0.275055514736547,1.58966403440635,-0.770666214455338,0.280347198676948,-0.656705733987671,0.818255496271805,-1.579442228828,-1.54862930857208,"Mechanic","PhD","Medium"
-0.608334055711168,-0.992892113347571,-0.250993701685441,-0.540008035136334,0.155302848793892,0.705227255746307,-1.03175416515037,-1.07268645181404,1.58966403440635,0.348928776354614,-0.383872201297532,1.04442457714554,0.0936979426838294,-0.914683999165471,-0.990095054458564,"Financial Analyst","Master's","Medium"
-0.638095884136209,0.837815889598052,1.26306697249842,-1.51335041548635,1.00248264566074,1.36520547827109,-1.30944957799783,0.45321621042116,-1.02300512367567,0.418903463280236,-0.418831117085662,-1.38576158161619,0.266211645919061,0.624756111631956,0.650599316999897,"Retail Worker","PhD","High"
-0.414130901493017,-1.22173061371577,-0.0045187082136494,0.0857120665172512,0.19564474388279,0.67049155982395,0.530282532116645,0.314497786581596,-1.19718306754781,-0.980590275232204,-0.838338106543229,1.46102791864756,0.887260977565898,0.169921533441807,-0.850461490930185,"UX Researcher","Master's","Medium"
0.910588308190863,-1.56498836426808,1.40390982591087,1.37191449769406,0.921798855482943,1.05258421496988,-0.163956000002026,-0.621851574335455,0.823281081368956,0.418903463280236,0.979525514439559,-1.48991241699169,-0.630859610904147,-0.634785797202302,-0.571194363873425,"Truck Driver","Bachelor's","High"
-0.729721862714658,-1.10731136353167,-0.779154401982137,-0.192385756439898,-0.207774207006184,0.844170039435735,0.356722899086977,0.522575422340941,-1.02300512367567,-0.560742153678472,-1.67735208545836,-1.35104463649102,-0.803373314139379,-1.5094676783372,0.371332189943138,"Financial Analyst","PhD","Medium"
1.04047123903606,-0.191957362058861,-1.41294724233817,1.12857890260656,-0.611193157895159,0.601020167979236,0.495570605510712,1.38956557133821,-1.37136101141994,-0.595729497141283,-1.43263967494145,-0.309536282735995,1.4048020872716,0.974628864085917,0.790232880528277,"Graphic Designer","High School","Medium"
-0.786702761408036,1.29549289033446,1.33348839920465,-0.157623528570254,0.96214075057184,1.1915269986593,-0.754058752302897,-1.55820093525251,-1.30168983387109,0.418903463280236,0.38522394604134,-0.830290459613509,0.783752755624759,0.939641588840521,1.48840069817018,"Customer Support","Master's","High"
-0.836864445044803,-0.764053612979368,0.981381265673517,0.885243307519054,-0.409483682450671,-0.649464885225616,-0.0598202201842257,-1.66223975313218,-0.709484824705829,-0.0709193451991179,-1.36272184336519,-1.28161074624069,-0.147821241845496,0.799692487858936,1.17422518023132,"Financial Analyst","PhD","Medium"
0.609011411810139,0.723396639413951,-0.110150848272989,-0.400959123657759,1.00248264566074,-1.20523601998333,1.01624950459972,-0.101657484937093,0.997459025241091,0.733789554445535,-1.08305051706014,0.0376331685156818,-0.216826723139589,-0.284913044748342,0.161881844650568,"Truck Driver","High School","High"
1.54064332645106,0.380138888861646,-0.673522261922798,-0.540008035136334,0.0342771635272,-0.649464885225616,1.36336877065905,-0.205696302816766,-0.744320413480256,-1.15552699254626,0.594977440770123,-1.62878019749237,-0.182323982492542,0.169921533441807,-0.53628597299133,"Financial Analyst","Master's","Medium"
-1.6098340297033,0.265719638677545,0.629274132142386,1.65001232065121,1.32521780637192,0.149456120988595,-0.858194532120698,-0.37909433261622,-1.65004572161536,0.698802210982724,-0.663543527602576,0.141784003891185,-0.872378795433472,0.414832460159579,-0.152293673288286,"Security Guard","PhD","High"
0.59346591307939,-0.649634362795267,1.54475267932333,0.74619439604048,-1.5390567449398,0.0105133372991668,-0.0945321467901593,1.0427695117393,1.1368013803388,-0.735678870992527,1.11936117759208,-1.10802602061485,0.887260977565898,-0.879696723920075,-0.67591953651971,"Doctor","PhD","Low"
0.806913123347131,1.52433139070266,-0.286204415038554,1.7195367763905,-0.570851262806261,-0.128429446390261,0.807977944964114,-1.69691935909207,-1.23201865632223,-1.64534980102561,1.7136627459903,0.905556796644873,-0.458345907668914,-1.19458220112864,-1.4089957450437,"Mechanic","PhD","Medium"
0.310381803292866,-0.0775381118747595,1.68559553273578,0.607145484561905,-1.458372954762,0.0105133372991668,1.74519996332432,0.0717405448623608,1.58966403440635,-1.64534980102561,0.769772019710775,0.454236510017693,0.645741793036573,0.239896083932599,-1.58353769945418,"Nurse","PhD","Low"
1.73452863589962,0.380138888861646,1.4743312526171,-0.922392541702414,-0.812902633339646,0.635755863901593,-0.19866792660796,1.45892478325799,0.997459025241091,-0.210868719050362,-1.50255750651771,1.28744319302172,0.921763718212945,1.00961613933131,0.860049662292467,"Nurse","High School","Low"
0.340605951382762,-1.33614986389988,-1.7650543758693,-0.88763031383277,-0.732218843161851,-1.34417880367276,0.113739412845442,-1.5928805412124,-1.12751188999895,-0.910615588306582,0.560018524981992,-0.101234611984989,-0.147821241845496,0.939641588840521,-0.117385282406191,"Lawyer","High School","Medium"
-0.658177894578347,0.952235139782153,0.523641992083047,-1.20049036465956,0.19564474388279,1.22626269458166,-1.30944957799783,1.38956557133821,-1.47586777774322,-0.49076746675285,0.38522394604134,0.21121789414152,-1.38991990513917,1.04460341457671,1.66294265258065,"Chef","High School","Medium"
0.134960385459449,-1.10731136353167,1.40390982591087,0.224760977995826,0.679747484949559,-1.10102893221626,1.01624950459972,-1.52352132929262,1.31097932421093,0.628827524057102,-0.453790032873793,-1.07330907548968,1.09427742144818,0.344857909668787,-0.46646919122714,"Chef","PhD","Medium"
0.603839210559574,0.723396639413951,1.15743483243908,-0.540008035136334,-1.74076622038429,1.4346768701158,-0.372227559637628,-0.517812756455783,-1.0578407124501,1.43353642370176,-0.978173769695751,0.488953455142861,1.30129386533046,-1.64941677931879,1.17422518023132,"Nurse","High School","Low"
0.260653544341901,1.63875064088676,0.55885270543616,-0.435721351527403,-1.13563779405082,-0.857879060759758,-1.65656884405717,1.56296360113766,-1.68488131038978,1.15363767599927,-1.1529683486364,-0.37897017298633,1.09427742144818,-1.01964582490166,1.3138587437597,"Nurse","High School","Low"
0.423765701098554,1.29549289033446,-0.462257981804119,0.572383256692262,-1.458372954762,-0.510522101536188,0.807977944964114,-0.656531180295346,-1.0578407124501,1.11865033253646,1.08440226180395,0.00291622339051411,0.0936979426838294,0.694730662122748,0.0571566720042835,"Nurse","Master's","Low"
0.425210450051226,-0.420795862427064,1.72080624608889,-1.20049036465956,0.155302848793892,1.36520547827109,0.669130238540379,1.32020635941843,-0.570142469608121,-0.770666214455338,1.22423792495647,-0.37897017298633,0.714747274330666,-1.22956947637404,0.929866444056657,"Lawyer","PhD","Medium"
-1.47602138170683,1.40991214051856,-0.81436511533525,-0.0185746170916797,0.316670429149482,-1.69153576289633,0.495570605510712,0.141099756782142,-0.988169534901244,0.90872627175959,-0.698502443390707,-0.760856569363174,-0.11331850119845,0.624756111631956,1.52330908905227,"Marketing Manager","PhD","Medium"
-0.0866641038804138,0.151300388493443,-0.391836555097893,1.44143895343335,-0.933928318606338,-1.03155754037154,-0.406939486243561,0.210458968701924,1.20647255788765,0.139004715577748,1.64374491441404,1.04442457714554,1.54281304985978,0.799692487858936,1.3487671346418,"Research Scientist","PhD","Low"
-0.4577045299056,1.06665438996625,-0.884786542041476,-0.922392541702414,0.599063694771764,-1.44838589143983,-0.302803706425761,1.11212872365908,1.06713020278995,-1.22550167947188,-0.0342830434162267,-0.0665176668598212,-0.630859610904147,1.46445071752146,0.545874144353612,"Chef","Master's","Medium"
1.2521847505606,1.52433139070266,-1.51857938239751,-0.366196895788116,-0.974270213695235,-0.267372230079689,-0.823482605514764,1.73636163093712,1.27614373543651,0.20897940250337,0.210429367100687,-1.6982140877427,1.64632127180092,1.07959068982211,-1.58353769945418,"Nurse","High School","Low"
1.60291200631122,0.723396639413951,-0.532679408510346,0.120474294386895,-1.21632158422862,0.392605992445094,0.807977944964114,0.557255028300832,-1.51070336651765,-0.105906688661929,0.560018524981992,-0.691422679112839,-0.665362351551193,-1.33453130211022,-0.257018845934571,"Nurse","PhD","Low"
0.0254773098259758,-0.764053612979368,-0.743943688629024,0.120474294386895,-1.05495400387303,-1.69153576289633,1.39808069726498,-0.37909433261622,1.27614373543651,-1.57537511409999,-1.22288618021266,-0.621988788862503,-0.527351388963007,1.21953979080369,-1.68826287210046,"Nurse","Bachelor's","Low"
-1.10243819752494,-0.0775381118747595,1.19264554579219,-0.713819174484552,-0.974270213695235,-0.0589580545455473,-1.10117801836223,1.0427695117393,-0.430800114510413,0.768776897908346,1.18927900916834,1.59989569914823,-1.42442264578622,-1.71939132980958,0.196790235532663,"Nurse","Bachelor's","Low"
0.737594068597935,0.494558139045748,-0.110150848272989,-1.47858818761671,-0.00606473156169745,-1.3094431077504,1.18980913762938,0.90405108789974,-1.51070336651765,1.22361236292489,-0.628584611814446,-0.517837953487001,-1.1138979799628,1.18455251555829,-0.326835627698761,"Graphic Designer","Master's","Medium"
-0.754080330056705,0.608977389229849,1.65038481938266,-0.818105858093483,1.72863675726089,-0.684200581147973,1.15509721102345,0.557255028300832,1.24130814666208,1.71343517140424,1.29415575653273,-0.344253227861162,1.05977468080113,0.729717937368144,-1.51372091768999,"Retail Worker","PhD","High"
-0.280578308308031,0.380138888861646,-0.110150848272989,-1.27001482039885,-0.12709041682839,0.357870296522737,0.252587119269176,0.245138574661815,-0.848827179803536,0.488878150205858,1.43399141968526,-0.37897017298633,0.438725349154294,-0.914683999165471,-1.54862930857208,"Graphic Designer","High School","Medium"
-0.786356021659395,0.608977389229849,-1.58900080910374,0.780956623910123,-1.13563779405082,-0.441050709691474,-0.302803706425761,1.45892478325799,-1.71971689916421,0.243966745966181,1.46895033547339,1.42631097352239,0.266211645919061,-0.424862145729926,-1.37408735416161,"Doctor","High School","Low"
0.407757882702949,-1.67940761445218,0.629274132142386,-1.65239932696493,-0.933928318606338,0.32313460060038,-1.55243306423937,-0.899288422014582,0.300747249752552,-1.57537511409999,0.979525514439559,1.46102791864756,1.57731579050683,0.799692487858936,1.27895035287761,"Research Scientist","Master's","Low"
0.792812373569053,-1.22173061371577,-0.145361561626102,0.74619439604048,-1.5793986400287,-1.34417880367276,0.912113724781914,1.59764320709756,0.265911660978125,-0.0359320017363069,0.105552619736295,-0.0665176668598212,-0.216826723139589,1.56941254325765,-0.0475685006420014,"Doctor","Master's","Low"
0.423679016161393,0.494558139045748,0.946170552320403,-0.366196895788116,1.5269272818164,0.288398904678023,0.738554091752246,-1.52352132929262,-1.65004572161536,-0.385805436364417,0.664895272346384,-0.96915824011418,-0.251329463786635,1.67437436899384,-0.990095054458564,"Security Guard","Bachelor's","High"
-0.157630172435655,0.265719638677545,1.15743483243908,1.37191449769406,0.679747484949559,0.0452490332215238,0.634418311934446,0.418536604461269,-0.674649235931402,-0.735678870992527,-0.558666780238185,-0.96915824011418,0.887260977565898,1.60439981850305,1.3138587437597,"Financial Analyst","Master's","Medium"
0.0687619884480247,1.63875064088676,-1.58900080910374,0.920005535388698,-0.167432311917287,1.12205560681459,0.981537577993782,0.45321621042116,-0.848827179803536,-1.36545105332312,-0.873297022331359,0.0376331685156818,1.64632127180092,-1.5444549535826,-1.02500344534066,"UX Researcher","PhD","Medium"
0.910010408609794,-1.33614986389988,-0.708732975275911,1.26762781408513,0.921798855482943,1.60835534972759,1.43279262387092,1.35488596537832,-1.16234747877338,-0.560742153678472,1.04944334601582,1.07914152227071,0.714747274330666,-0.179951219012154,-0.641011145637615,"Retail Worker","Bachelor's","High"
-0.936147593072413,-0.992892113347571,-1.27210438892572,-1.58287487122564,0.80077317021625,0.983112823125163,-1.51772113763344,0.141099756782142,-0.46563570328484,-1.19051433600907,0.839689851287036,-1.52462936211686,-0.630859610904147,0.204908808687203,-0.326835627698761,"Security Guard","High School","Medium"
1.1933545732078,0.151300388493443,1.50954196597021,1.51096340917264,-0.12709041682839,-0.37157931784676,-0.649922972485096,1.25084714749865,0.231076072203698,-1.40043839678594,1.22423792495647,0.107067058766017,-0.285832204433682,-0.56481124671151,-1.37408735416161,"Financial Analyst","Bachelor's","Medium"
-0.897052686413113,-0.191957362058861,0.840538412261064,-1.27001482039885,-1.29700537440641,0.218927512833309,-1.13588994496817,-0.240375908776656,0.509760782399114,-0.735678870992527,-0.593625696026315,-1.31632769136586,-0.320334945080728,0.274883359177995,-1.30427057239742,"AI Engineer","Master's","Low"
-0.754571544700614,0.837815889598052,-0.35662584174478,0.641907712431549,-1.4987148498509,0.253663208755666,0.391434825692911,0.661293846180504,0.89295225891781,-1.22550167947188,1.64374491441404,1.18329235764621,0.197206164624969,1.35948889178527,-0.396652409462951,"Doctor","PhD","Low"
0.185064279138109,1.40991214051856,0.805327698907951,1.54572563704228,-0.570851262806261,0.496813080212165,1.08567335781158,1.4242451772981,-0.779156002254683,-1.26048902293469,-0.873297022331359,0.280651784391855,1.43930482791864,0.274883359177995,1.48840069817018,"Lawyer","PhD","Medium"
0.455232333287747,-0.0775381118747595,0.347588425317481,-1.65239932696493,-0.288457997183979,-1.51785728328454,-0.615211045879163,-1.52352132929262,-1.16234747877338,-0.280843405975984,0.0356347881600344,-0.96915824011418,0.783752755624759,0.309870634423391,0.685507707881992,"UX Researcher","Bachelor's","Medium"
-0.708686317963756,0.265719638677545,0.805327698907951,1.54572563704228,-1.5793986400287,-0.788407668915044,-1.41358535781563,0.314497786581596,-0.361128936961559,0.0340426851893152,-1.1529683486364,0.523670400268029,0.404222608507248,-0.844709448674679,-0.0824768915240963,"Teacher","Bachelor's","Low"
0.000714312777180165,-0.420795862427064,0.946170552320403,-0.922392541702414,0.599063694771764,-1.48312158736218,-0.302803706425761,-1.45416211737283,1.45032167930864,-1.57537511409999,-1.22288618021266,1.46102791864756,0.266211645919061,1.04460341457671,-1.65335448121837,"Lawyer","Bachelor's","Medium"
1.72048567607965,0.723396639413951,1.68559553273578,0.294285433735113,-0.974270213695235,1.60835534972759,0.669130238540379,-0.587171968375564,-0.674649235931402,-1.47041308371156,-0.24403653814501,1.46102791864756,-0.0788157605514031,1.42946344227607,1.13931678934923,"Teacher","Bachelor's","Low"
1.47889475621387,0.151300388493443,1.57996339267644,0.74619439604048,-0.933928318606338,0.878905735358092,0.703842165146313,0.765332664060177,0.753609903820102,-0.385805436364417,-0.27899545393314,-0.726139624238006,-1.21740620190394,-0.144963943766757,1.41858391640599,"Research Scientist","High School","Low"
0.716038414224071,1.52433139070266,-1.55379009575062,1.09381667473692,0.679747484949559,1.15679130273695,0.807977944964114,-1.2114048756536,-0.535306880833694,0.278954089428992,-1.46759859072958,-1.35104463649102,1.47380756856569,0.694730662122748,-0.7457363182839,"Financial Analyst","PhD","Medium"
1.39140075964006,1.40991214051856,1.05180269237974,-0.574770263005978,-0.248116102095082,-0.545257797458545,0.00960363302764153,0.695973452140395,0.927787847692237,-0.350818092901606,0.560018524981992,0.766689016144202,-0.69986509219824,-1.40450585260102,1.38367552552389,"Graphic Designer","PhD","Medium"
1.0722846109739,-0.0775381118747595,0.523641992083047,-1.51335041548635,-1.01461210878413,0.253663208755666,1.22452106423532,1.63232281305745,1.58966403440635,1.29358704985051,-1.71231100124649,1.35687708327205,-1.45892538643326,1.21953979080369,-0.7457363182839,"Nurse","PhD","Low"
1.00848449722391,1.29549289033446,-0.0397294215667625,-1.27001482039885,0.679747484949559,-0.614729189303259,-1.0664660917563,-0.0669778789772025,-1.61521013284093,-0.84064090138096,-1.50255750651771,-1.28161074624069,-1.35541716449212,1.28951434129448,1.52330908905227,"UX Researcher","High School","Medium"
-1.17701613846187,0.837815889598052,0.45322056537682,0.711432168170836,-0.167432311917287,-0.441050709691474,0.634418311934446,-0.41377393857611,0.265911660978125,0.104017372114937,0.0705937039481649,1.14857541252105,0.680244533683619,1.60439981850305,1.03459161670294,"HR Specialist","PhD","Medium"
-0.468395672155372,-0.992892113347571,0.840538412261064,0.607145484561905,0.235986638971687,-0.0589580545455473,-1.51772113763344,1.56296360113766,1.20647255788765,-0.000944658273495871,-1.18792726442453,1.11385846739588,-0.251329463786635,-0.38987487048453,0.615690926117802,"Software Engineer","High School","Medium"
-0.672307539335478,1.52433139070266,-1.55379009575062,0.954767763258342,-1.09529589896193,0.32313460060038,-0.545787192667296,-1.17672526969371,-1.40619660019437,-1.71532448795123,-1.01313268548388,-0.309536282735995,-0.906881536080518,-0.669773072447699,-0.361744018580856,"Teacher","High School","Low"
-1.18834297025081,-0.535215112611165,0.770116985554838,-0.0185746170916797,-1.82145001056208,-0.927350452604472,0.738554091752246,-0.691210786255237,1.45032167930864,0.768776897908346,-0.733461359178837,0.0723501136408495,0.57673631174248,-1.08962037539245,-0.850461490930185,"AI Engineer","High School","Low"
-0.0838612909122304,-0.420795862427064,1.4743312526171,-0.540008035136334,1.20419212110522,-1.0662932362939,0.322010972481044,0.834691875979958,-0.221786581863852,0.90872627175959,-0.698502443390707,0.731972071019034,-0.837876054786425,0.974628864085917,1.17422518023132,"Security Guard","Master's","High"
1.3488673504734,-0.306376612242962,-0.990418682100815,0.676669940301192,0.0746190586160974,1.71256243749466,-0.476363339455429,0.938730693859631,-0.46563570328484,-0.315830749438795,-1.36272184336519,-0.899724349863845,-1.18290346125689,-1.19458220112864,-1.68826287210046,"Marketing Manager","Bachelor's","Medium"
0.587975867059237,1.40991214051856,-0.110150848272989,1.05905444686727,1.40590159654971,1.15679130273695,0.00960363302764153,-1.41948251141294,0.405254016075833,0.663814867519913,0.455141777617601,1.04442457714554,0.783752755624759,-0.249925769502946,1.13931678934923,"Retail Worker","PhD","High"
0.0318631001967854,-1.45056911408398,-1.34252581563195,0.155236522256539,0.357012324238379,0.184191816910952,1.57164033029465,-1.38480290545305,0.753609903820102,1.15363767599927,0.699854188134514,-0.37897017298633,-0.389340426374821,0.309870634423391,-0.326835627698761,"Software Engineer","Master's","Medium"
-1.18325745393741,1.06665438996625,-1.37773652898506,0.502858800952974,0.921798855482943,0.149456120988595,0.77326601835818,-1.14204566373382,0.683938726271249,-1.22550167947188,0.42018286182947,0.0376331685156818,-0.69986509219824,-1.36951857735562,0.860049662292467,"Truck Driver","Master's","High"
-0.433201587668286,0.036881138309342,-0.603100835216572,-0.991916997441701,-0.369141787361774,-0.232636534157332,-1.10117801836223,1.59764320709756,-1.37136101141994,1.74842251486705,1.18927900916834,-0.274819337610827,0.818255496271805,0.58976883638656,-0.990095054458564,"Data Scientist","Master's","Medium"
0.740483566503278,-0.535215112611165,0.241956285258142,0.502858800952974,0.720089380038456,-0.37157931784676,-0.68463489909103,-1.5928805412124,-1.23201865632223,-1.33046370986031,-0.558666780238185,0.384802619767358,-1.5624336083744,0.799692487858936,-0.326835627698761,"Chef","Bachelor's","Medium"
-1.2756635969503,-0.992892113347571,0.241956285258142,0.954767763258342,1.68829486217199,1.36520547827109,0.0790274862395087,-0.344414726656329,0.196240483429272,-0.315830749438795,-0.90825593811949,-0.621988788862503,-0.941384276727565,-0.809722173429283,-1.4089957450437,"Construction Worker","High School","High"
-0.464350375087891,-0.535215112611165,-0.919997255394589,-0.157623528570254,1.6076110719942,-0.163165142312618,1.57164033029465,-1.2114048756536,1.20647255788765,-0.84064090138096,1.50390925126152,-0.934441294989012,0.852758236918852,-1.5444549535826,0.476057362589423,"Construction Worker","High School","High"
0.241871807957167,-0.87847286316347,0.594063418789273,0.502858800952974,1.72863675726089,0.462077384289808,-0.302803706425761,-1.07268645181404,0.544596371173541,-1.2954763663975,1.15432009338021,-0.865007404738677,0.0591952020367829,0.344857909668787,-0.46646919122714,"Construction Worker","Bachelor's","High"
1.37545073120256,1.29549289033446,-0.884786542041476,-1.61763709909529,0.720089380038456,-0.614729189303259,0.738554091752246,0.03706093890247,0.579431959947968,-1.33046370986031,0.0705937039481649,-0.37897017298633,-0.182323982492542,1.63938709374844,-1.23445379063323,"Data Scientist","Master's","Medium"
-1.65814643468065,-0.87847286316347,-0.603100835216572,-0.713819174484552,-0.369141787361774,-0.510522101536188,-0.476363339455429,-0.795249604134909,0.579431959947968,-1.54038777063718,-0.593625696026315,-0.760856569363174,0.852758236918852,-1.22956947637404,1.55821747993436,"Graphic Designer","High School","Medium"
0.381839086492016,0.265719638677545,-0.462257981804119,-1.02667922531134,-0.369141787361774,0.913641431280449,-0.0598202201842257,-1.17672526969371,-1.5803745440665,-0.910615588306582,1.57382708283778,1.21800930277138,-0.216826723139589,-0.0749893932759655,1.41858391640599,"Marketing Manager","Bachelor's","Medium"
-0.937361182192657,-0.420795862427064,-0.427047268451006,-1.27001482039885,-1.01461210878413,1.53888395788287,-0.372227559637628,0.800012270020067,-0.326293348187133,0.0340426851893152,1.18927900916834,-1.45519547186653,0.0936979426838294,-1.01964582490166,-0.53628597299133,"Doctor","Bachelor's","Low"
0.72233751965772,-1.33614986389988,-1.65942223580996,0.329047661604757,-1.5390567449398,0.601020167979236,-1.24002572478597,0.834691875979958,0.509760782399114,1.67844782794143,1.43399141968526,-0.760856569363174,-1.63143908966849,0.554781561141164,0.371332189943138,"Teacher","PhD","Low"
1.26140224887864,-1.45056911408398,-1.34252581563195,0.294285433735113,-0.89358642351744,1.4346768701158,-1.20531379818003,-0.41377393857611,-1.61521013284093,-0.0709193451991179,0.874648767075167,1.00970763202038,-0.00981027925731013,-1.40450585260102,-0.396652409462951,"Nurse","Master's","Low"
-1.27193614465241,-1.67940761445218,0.55885270543616,1.02429221899763,-1.13563779405082,1.01784851904752,0.28729904587511,1.25084714749865,0.161404894654845,-0.910615588306582,0.140511535524426,0.731972071019034,0.507730830448387,-0.914683999165471,-1.58353769945418,"Research Scientist","PhD","Low"
-0.618418403400818,0.494558139045748,1.68559553273578,-1.09620368105063,1.28487591128302,0.496813080212165,1.32865684405312,0.90405108789974,1.41548609053421,0.383916119817425,1.29415575653273,-0.830290459613509,-0.251329463786635,1.18455251555829,-0.571194363873425,"Construction Worker","PhD","High"
-0.930946496842794,0.036881138309342,-0.497468695157232,-0.470483579397047,-0.328799892272877,0.184191816910952,-1.2747376513919,-1.5928805412124,1.38065050175979,1.53849845409019,-1.46759859072958,0.176500949016352,0.128200683330876,-0.459849420975322,0.266607017296853,"Data Scientist","PhD","Medium"
0.763426179871707,1.18107364015036,-0.0397294215667625,0.920005535388698,0.0342771635272,-0.614729189303259,0.28729904587511,0.48789581638105,0.544596371173541,0.453890806743047,0.560018524981992,-0.656705733987671,-0.182323982492542,0.58976883638656,0.894958053174562,"Marketing Manager","Bachelor's","Medium"
-1.33489830400985,-1.56498836426808,-0.990418682100815,-0.0185746170916797,1.24453401619412,1.46941256603816,-0.476363339455429,1.52828399517777,-0.152115404314998,1.64346048447862,0.839689851287036,1.14857541252105,-1.38991990513917,0.309870634423391,-1.23445379063323,"Truck Driver","PhD","High"
-0.0303188947262113,0.494558139045748,0.418009852023707,0.815718851779767,-0.732218843161851,0.114720425066238,0.252587119269176,-1.45416211737283,-0.01277304921729,0.768776897908346,-1.57247533809397,0.905556796644873,0.266211645919061,1.1495652403129,-0.955186663576469,"Financial Analyst","High School","Medium"
0.981352111892731,0.837815889598052,-0.849575828688363,-0.470483579397047,-0.00606473156169745,1.01784851904752,-1.13588994496817,-1.35012329949316,-1.23201865632223,-0.945602931769393,-1.53751642230584,1.49574486377272,-0.630859610904147,-1.12460765063785,0.510965753471518,"Data Scientist","PhD","Medium"
-0.621105636452788,0.837815889598052,-0.497468695157232,0.0509498386476076,-1.33734726949531,0.357870296522737,1.60635225690059,1.35488596537832,-1.37136101141994,-0.770666214455338,1.15432009338021,1.11385846739588,-0.768870573492332,0.799692487858936,0.615690926117802,"Doctor","PhD","Low"
-0.0749327423847183,-0.0775381118747595,-1.06084010880704,1.37191449769406,-1.13563779405082,-1.13576462813861,0.703842165146313,0.834691875979958,1.34581491298536,-0.945602931769393,1.7136627459903,-1.21217685599035,0.335217127213154,0.554781561141164,-0.257018845934571,"Nurse","PhD","Low"
-1.58119910546134,-1.33614986389988,-1.65942223580996,-1.58287487122564,1.24453401619412,0.566284472056879,-0.372227559637628,1.73636163093712,-1.0578407124501,-1.68033714448842,-1.08305051706014,1.35687708327205,-1.21740620190394,-0.0749893932759655,-0.257018845934571,"Construction Worker","PhD","High"
0.130366083789953,-1.33614986389988,-1.58900080910374,0.572383256692262,-0.248116102095082,1.50414826196052,1.22452106423532,-0.344414726656329,1.69417080072963,-1.54038777063718,1.01448443022769,-0.240102392485659,-0.251329463786635,-1.15959492588324,0.0571566720042835,"Lawyer","PhD","Medium"
-1.50413619632583,-1.67940761445218,0.418009852023707,-0.88763031383277,0.357012324238379,0.392605992445094,0.877401798175981,0.869371481939849,-1.0578407124501,-1.71532448795123,-0.453790032873793,1.46102791864756,0.266211645919061,0.799692487858936,1.3487671346418,"Lawyer","High School","Medium"
0.999035839073434,-0.306376612242962,0.594063418789273,0.433334345213688,0.679747484949559,0.0799847291438808,-0.0945321467901593,-1.00332723989425,0.89295225891781,-1.22550167947188,-0.0342830434162267,-0.274819337610827,0.542233571095433,1.46445071752146,1.59312587081646,"Chef","Master's","Medium"
-0.0245110039364705,-0.649634362795267,-0.849575828688363,1.09381667473692,-1.29700537440641,-0.163165142312618,0.738554091752246,0.349177392541487,1.62449962318078,0.313941432891803,-0.104200874992488,0.141784003891185,1.05977468080113,0.379845184914183,0.545874144353612,"Teacher","High School","Low"
-1.30190023793082,1.52433139070266,0.418009852023707,-0.400959123657759,-1.13563779405082,0.566284472056879,-1.6912807706631,-0.101657484937093,0.823281081368956,0.0340426851893152,0.979525514439559,-0.170668502235324,1.64632127180092,-0.739747622938491,-1.4089957450437,"Nurse","Master's","Low"
0.657930611347608,-0.87847286316347,0.136324145198803,-0.50524580726669,1.04282454074964,0.601020167979236,-0.406939486243561,0.45321621042116,0.962623436466664,0.943713615222401,-0.418831117085662,0.245934839266687,-0.182323982492542,1.28951434129448,1.3487671346418,"Retail Worker","PhD","High"
1.02769965829444,0.837815889598052,-1.44815795569129,-1.13096590892028,1.16385022601633,0.218927512833309,0.564994458722579,-0.587171968375564,0.579431959947968,1.573485797553,0.525059609193862,-1.17745991086519,0.266211645919061,0.134934258196411,1.3138587437597,"Customer Support","High School","High"
1.0513068561811,0.151300388493443,1.22785625914531,-0.783343630223839,1.6479529670831,-0.232636534157332,0.356722899086977,1.00808990577941,-1.61521013284093,1.15363767599927,-1.25784509600079,-0.483121008361833,-0.11331850119845,1.39447616703067,-1.65335448121837,"Customer Support","High School","High"
-1.04360802017215,0.723396639413951,-0.638311548569685,-0.713819174484552,1.28487591128302,-1.0662932362939,-0.0945321467901593,0.938730693859631,1.20647255788765,-0.350818092901606,0.42018286182947,-1.73293103286787,0.162703423977922,1.67437436899384,-0.641011145637615,"Retail Worker","Bachelor's","High"
0.64827968834376,-1.22173061371577,0.418009852023707,0.294285433735113,1.00248264566074,1.05258421496988,-1.5871449908453,1.07744911769919,-1.65004572161536,0.593840180594291,-1.46759859072958,-0.865007404738677,0.749250014977712,-0.774734898183887,0.0571566720042835,"Retail Worker","High School","High"
1.52362418378859,-0.0775381118747595,-1.58900080910374,1.09381667473692,-0.691876948072953,-1.27470741182804,-1.30944957799783,1.70168202497723,-1.12751188999895,1.43353642370176,1.7136627459903,-0.413687118111498,0.438725349154294,0.974628864085917,-0.361744018580856,"Financial Analyst","PhD","Medium"
-0.482034102268594,-1.10731136353167,-0.250993701685441,0.954767763258342,-1.01461210878413,-0.927350452604472,-1.13588994496817,1.45892478325799,-1.61521013284093,0.838751584833968,-1.57247533809397,1.18329235764621,1.4048020872716,-0.704760347693095,-1.47881252680789,"Nurse","High School","Low"
-1.44672187294665,1.18107364015036,-0.708732975275911,-0.261910212179185,1.48658538672751,-0.996821844449186,-0.476363339455429,0.973410299819522,0.474925193624687,-0.560742153678472,0.560018524981992,0.94027374177004,0.300714386566108,-0.914683999165471,-1.72317126298256,"Customer Support","High School","High"
1.1618301510605,-1.33614986389988,1.12222411908597,0.711432168170836,-0.691876948072953,0.32313460060038,1.12038528441752,-0.37909433261622,-1.0578407124501,0.348928776354614,1.15432009338021,-1.55934630724203,0.335217127213154,0.484807010650372,0.371332189943138,"HR Specialist","PhD","Medium"
-0.564991587131013,-1.22173061371577,0.45322056537682,-1.27001482039885,-0.449825577539569,0.427341688367451,-1.65656884405717,0.45321621042116,0.579431959947968,-0.875628244843771,0.350265030253209,0.107067058766017,-0.837876054786425,-0.144963943766757,1.45349230728808,"Software Engineer","Master's","Medium"
1.51850977249613,0.952235139782153,-0.321415128391667,1.33715226982442,1.24453401619412,1.29573408642638,-1.2747376513919,0.48789581638105,0.614267548722395,0.593840180594291,-0.174118706568749,0.627821235643532,-0.906881536080518,0.344857909668787,0.196790235532663,"Truck Driver","Bachelor's","High"
-0.392026242517138,0.494558139045748,0.981381265673517,-1.44382595974707,-1.66008243020649,-0.0936937504679043,1.36336877065905,0.279818180621705,1.17163696911323,0.104017372114937,1.01448443022769,-0.587271843737336,1.09427742144818,-0.354887595239134,0.231698626414758,"Research Scientist","Bachelor's","Low"
-0.637026769911231,0.036881138309342,1.4743312526171,0.711432168170836,1.6479529670831,-0.996821844449186,-1.4830092110275,-0.552492362415673,0.0568981283315639,1.08366298907365,-0.348913285509401,-0.795573514488342,-0.458345907668914,0.694730662122748,-0.53628597299133,"Construction Worker","High School","High"
-0.582184099667808,0.380138888861646,-1.16647224886638,0.885243307519054,0.155302848793892,-0.927350452604472,0.877401798175981,-0.171016696856875,0.614267548722395,0.593840180594291,-1.36272184336519,1.18329235764621,0.611239052389526,0.974628864085917,-0.152293673288286,"HR Specialist","Bachelor's","Medium"
1.24811055851406,-1.22173061371577,-1.7650543758693,0.711432168170836,0.0746190586160974,-0.996821844449186,-0.927618385332565,1.07744911769919,-0.01277304921729,0.733789554445535,-0.174118706568749,-0.899724349863845,1.61181853115387,0.239896083932599,-1.26936218151532,"Data Scientist","Bachelor's","Medium"
1.15709137449574,0.952235139782153,-0.603100835216572,-0.991916997441701,-0.89358642351744,1.33046978234873,-1.03175416515037,-0.517812756455783,0.89295225891781,-0.980590275232204,0.315306114465078,0.697255125893867,0.507730830448387,0.729717937368144,0.755324489646182,"Teacher","Master's","Low"
1.16388169457329,1.52433139070266,-0.532679408510346,1.33715226982442,-0.772560738250748,-0.71893627707033,-1.55243306423937,0.522575422340941,-1.40619660019437,1.2585997063877,0.525059609193862,-1.62878019749237,0.714747274330666,1.25452706604909,0.580782535235707,"Mechanic","High School","Medium"
-0.892111644994975,-0.535215112611165,1.26306697249842,0.815718851779767,-0.207774207006184,-0.579993493380902,-0.0598202201842257,1.28552675345854,-0.883662768577963,-1.36545105332312,1.2591968407446,-1.62878019749237,1.4048020872716,-0.669773072447699,0.0571566720042835,"Software Engineer","Bachelor's","Medium"
-1.48971760177816,0.265719638677545,1.40390982591087,0.885243307519054,1.72863675726089,0.635755863901593,-1.10117801836223,-0.656531180295346,-0.047608637991717,0.418903463280236,1.50390925126152,-0.413687118111498,0.680244533683619,1.60439981850305,-1.19954539975113,"Truck Driver","Master's","High"
-0.702098262739572,0.837815889598052,-0.286204415038554,0.815718851779767,-0.328799892272877,-0.579993493380902,-1.62185691745124,1.63232281305745,1.06713020278995,-1.40043839678594,1.74862166177843,0.384802619767358,1.19778564338932,-1.5094676783372,-0.361744018580856,"Lawyer","Bachelor's","Medium"
-1.23084748443842,1.63875064088676,-1.37773652898506,-0.0185746170916797,-0.0867485217394923,-0.962086148526829,-0.68463489909103,1.63232281305745,-0.744320413480256,-0.980590275232204,0.140511535524426,0.593104290518364,0.783752755624759,0.869667038349728,-1.58353769945418,"Mechanic","PhD","Medium"
1.08999723313365,-0.0775381118747595,0.946170552320403,1.40667672556371,0.155302848793892,-1.5525929792069,-0.337515633031694,-1.48884172333273,0.858116670143383,-1.50540042717437,-1.08305051706014,-0.274819337610827,-0.147821241845496,-0.319900319993738,-0.117385282406191,"Software Engineer","High School","Medium"
-0.122753932718157,0.380138888861646,-0.462257981804119,0.189998750126182,-1.4987148498509,-0.510522101536188,0.391434825692911,-0.0322982730173117,0.753609903820102,0.243966745966181,1.04944334601582,-0.205385447360492,-0.0443130199043566,0.58976883638656,-0.955186663576469,"AI Engineer","Master's","Low"
-1.18897865978999,0.837815889598052,0.418009852023707,-1.61763709909529,-1.37768916458421,0.357870296522737,1.64106418350652,1.32020635941843,-0.779156002254683,0.0690300286521262,-1.53751642230584,-0.899724349863845,0.921763718212945,-1.33453130211022,-0.81555310004809,"Nurse","Bachelor's","Low"
-0.258647019206472,-0.649634362795267,1.12222411908597,0.989529991127985,0.599063694771764,0.878905735358092,-1.30944957799783,0.0717405448623608,-0.221786581863852,-0.630716840604094,1.15432009338021,-0.135951557110156,-1.52793086772735,-0.809722173429283,-0.920278272694374,"Chef","High School","Medium"
1.72375080871269,0.494558139045748,0.523641992083047,0.224760977995826,-0.00606473156169745,0.531548776134522,0.877401798175981,0.175779362742033,1.51999285685749,1.71343517140424,1.74862166177843,0.593104290518364,1.47380756856569,-0.354887595239134,1.27895035287761,"Marketing Manager","PhD","Medium"
1.40275648640806,1.63875064088676,1.40390982591087,1.1633411304762,1.20419212110522,-1.17050032406097,-0.580499119273229,0.938730693859631,-0.953333946126817,-0.0359320017363069,0.245388282888817,0.35008567464219,1.50831030921273,0.554781561141164,1.03459161670294,"Truck Driver","High School","High"
1.15634010504035,-0.191957362058861,-0.0045187082136494,-1.37430150400778,-0.409483682450671,-0.510522101536188,0.495570605510712,-0.864608816054691,-0.953333946126817,-0.700691527529716,0.315306114465078,-0.0318007217346536,1.16328290274227,0.694730662122748,0.615690926117802,"Graphic Designer","Master's","Medium"
0.45517454332964,1.63875064088676,-1.55379009575062,0.0509498386476076,-0.691876948072953,-0.475786405613831,-1.62185691745124,-1.10736605777393,-1.37136101141994,1.08366298907365,-0.523707864450054,-1.45519547186653,-0.803373314139379,0.624756111631956,0.894958053174562,"Marketing Manager","Master's","Medium"
1.08930375363637,0.608977389229849,0.55885270543616,-0.644294718745265,-0.369141787361774,1.08731991089223,1.67577611011245,0.938730693859631,0.0568981283315639,-0.175881375587551,0.140511535524426,-0.135951557110156,-0.00981027925731013,-1.05463310014706,1.41858391640599,"UX Researcher","Master's","Medium"
0.568182806407633,-1.56498836426808,0.629274132142386,1.58048786491193,-1.5390567449398,-1.44838589143983,1.15509721102345,1.73636163093712,0.265911660978125,-1.50540042717437,0.979525514439559,-1.48991241699169,0.128200683330876,-0.774734898183887,1.48840069817018,"AI Engineer","Master's","Low"
-0.877606365510149,-1.10731136353167,1.40390982591087,-0.679056946614908,1.20419212110522,1.57361965380523,-1.03175416515037,0.279818180621705,-0.395964525735986,0.978700958685212,-1.29280401178893,-0.205385447360492,0.680244533683619,-0.319900319993738,-1.51372091768999,"Security Guard","Bachelor's","High"
-1.266850628339,0.837815889598052,-0.0045187082136494,-1.68716155483457,1.40590159654971,1.46941256603816,-1.34416150460377,0.314497786581596,0.788445492594529,-1.47041308371156,-1.67735208545836,-0.135951557110156,0.990769199507038,-1.19458220112864,1.20913357111342,"Truck Driver","High School","High"
1.02498353026342,0.036881138309342,-0.603100835216572,0.0857120665172512,1.76897865234979,-0.962086148526829,0.00960363302764153,0.418536604461269,-1.26685424509666,-1.57537511409999,-1.71231100124649,-0.621988788862503,-1.49342812708031,1.04460341457671,1.76766782522693,"Security Guard","PhD","High"
1.32742727601575,1.52433139070266,-0.250993701685441,-1.61763709909529,0.921798855482943,-0.614729189303259,-0.372227559637628,1.52828399517777,-0.361128936961559,0.0340426851893152,-0.873297022331359,-1.73293103286787,1.37029934662455,-1.47448040309181,1.62803426169855,"Security Guard","High School","High"
0.176424680401132,0.837815889598052,0.347588425317481,1.75429900426014,-1.70042432529539,-0.267372230079689,0.981537577993782,-1.62756014717229,0.649103137496822,-1.43542574024875,-0.90825593811949,-1.17745991086519,1.4048020872716,-1.12460765063785,-1.58353769945418,"Nurse","High School","Low"
-0.51058234157339,-0.764053612979368,-0.532679408510346,-0.296672440048828,-0.611193157895159,0.878905735358092,0.356722899086977,-0.483133150495892,-1.16234747877338,0.348928776354614,0.979525514439559,-0.656705733987671,-1.63143908966849,-1.01964582490166,0.650599316999897,"Graphic Designer","Bachelor's","Medium"
0.973637152485463,1.18107364015036,-1.72984366251619,-0.644294718745265,0.881456960394045,-0.614729189303259,-0.302803706425761,1.45892478325799,-1.47586777774322,1.01368830214802,-0.348913285509401,1.07914152227071,0.0246924613897364,-1.61442950407339,1.59312587081646,"Retail Worker","Master's","High"
-1.60255249498183,-0.191957362058861,0.347588425317481,1.33715226982442,0.881456960394045,0.184191816910952,1.12038528441752,1.70168202497723,0.753609903820102,-0.735678870992527,0.699854188134514,0.731972071019034,0.680244533683619,1.21953979080369,-1.4089957450437,"Construction Worker","Bachelor's","High"
0.941737095610468,-0.0775381118747595,0.488431278729934,1.58048786491193,-0.0464066266505949,1.60835534972759,1.53692840368872,1.38956557133821,1.41548609053421,1.43353642370176,1.11936117759208,0.662538180768699,-1.66594183031554,-1.29954402686483,-1.26936218151532,"Lawyer","PhD","Medium"
-0.321984813291606,0.151300388493443,-1.34252581563195,1.476201181303,0.276328534060584,-0.649464885225616,1.01624950459972,-0.0322982730173117,-1.26685424509666,1.36356173677613,-0.558666780238185,0.697255125893867,-0.734367832845286,-0.00501484278517327,1.13931678934923,"Data Scientist","Master's","Medium"
-0.654999446882469,0.380138888861646,1.68559553273578,-1.47858818761671,1.32521780637192,1.46941256603816,1.57164033029465,-0.933968027974472,-1.26685424509666,0.803764241371157,-1.6074342538821,-0.0318007217346536,1.02527194015408,0.204908808687203,-1.05991183622275,"Construction Worker","PhD","High"
0.0555569830206039,0.608977389229849,1.4743312526171,0.433334345213688,1.5269272818164,-0.545257797458545,-1.0664660917563,-0.8299292100948,0.0917337171059909,-0.735678870992527,0.140511535524426,0.731972071019034,0.783752755624759,-1.19458220112864,0.894958053174562,"Retail Worker","Bachelor's","High"
0.726989611285323,-1.67940761445218,-1.72984366251619,-1.51335041548635,1.44624349163861,-0.406315013769117,-1.20531379818003,-1.5928805412124,-1.19718306754781,1.64346048447862,0.804730935498906,0.107067058766017,1.50831030921273,0.414832460159579,0.825141271410372,"Customer Support","Bachelor's","High"
1.15113900881073,1.40991214051856,-1.27210438892572,-0.331434667918472,-1.78110811547318,-0.962086148526829,-1.4830092110275,-0.37909433261622,1.17163696911323,-0.385805436364417,1.15432009338021,0.558387345393196,0.0246924613897364,-0.914683999165471,1.48840069817018,"Research Scientist","Master's","Low"
-1.51832363104106,-0.306376612242962,0.664484845495499,0.433334345213688,-1.37768916458421,-0.892614756682115,-0.233379853213894,1.28552675345854,1.17163696911323,1.573485797553,-0.663543527602576,-0.37897017298633,-1.66594183031554,1.53442526801225,-0.571194363873425,"Nurse","PhD","Low"
0.708699089544498,1.52433139070266,1.43912053926399,0.120474294386895,-1.25666347931752,-1.10102893221626,0.00960363302764153,1.45892478325799,0.196240483429272,-0.805653557918149,-1.64239316967023,-0.552554898612168,0.231708905272015,-1.61442950407339,0.406240580825233,"Nurse","Master's","Low"
-0.8658461090354,-1.67940761445218,0.981381265673517,-1.61763709909529,0.437696114416174,0.0799847291438808,-0.441651412849495,1.63232281305745,-1.19718306754781,0.173992059040559,-0.628584611814446,0.107067058766017,0.162703423977922,-1.43949312784641,0.580782535235707,"Chef","Bachelor's","Medium"
0.896227503601305,1.52433139070266,0.946170552320403,-1.40906373187742,-1.5390567449398,0.531548776134522,-1.24002572478597,0.626614240220614,-1.54553895529208,-0.560742153678472,1.22423792495647,0.94027374177004,0.473228089801341,1.28951434129448,0.755324489646182,"Doctor","Master's","Low"
1.63036223641198,0.952235139782153,1.68559553273578,0.676669940301192,-1.21632158422862,-0.302107926002046,1.39808069726498,-0.691210786255237,-1.71971689916421,-1.01557761869501,-1.36272184336519,-0.621988788862503,1.12878016209522,0.519794285895768,-1.12972861798694,"Teacher","PhD","Low"
-1.29851952538157,-1.67940761445218,-0.0045187082136494,0.0509498386476076,-0.248116102095082,1.26099839050402,-0.615211045879163,-1.41948251141294,-0.709484824705829,0.803764241371157,0.560018524981992,-1.07330907548968,-1.35541716449212,0.554781561141164,0.650599316999897,"Financial Analyst","High School","Medium"
0.911368472625306,1.29549289033446,1.65038481938266,0.607145484561905,1.72863675726089,-1.27470741182804,1.67577611011245,-1.62756014717229,0.0917337171059909,-0.700691527529716,1.08440226180395,-0.96915824011418,-1.70044457096259,-0.319900319993738,-1.51372091768999,"Construction Worker","High School","High"
1.13773173852993,0.723396639413951,0.488431278729934,-0.713819174484552,-0.409483682450671,-1.17050032406097,-1.24002572478597,0.106420150822252,0.614267548722395,-0.14089403212474,-1.32776292757706,0.523670400268029,0.197206164624969,-0.424862145729926,-0.571194363873425,"UX Researcher","Bachelor's","Medium"
0.382012456366337,0.837815889598052,-1.23689367557261,-0.540008035136334,-0.732218843161851,-0.197900838234975,0.356722899086977,1.52828399517777,0.44008960485026,0.453890806743047,-0.453790032873793,-1.28161074624069,-0.182323982492542,0.344857909668787,0.790232880528277,"Mechanic","Master's","Medium"
-0.914996468405297,-0.306376612242962,-0.849575828688363,-0.88763031383277,-1.25666347931752,0.253663208755666,-0.962330311938498,0.314497786581596,-0.535306880833694,0.523865493668669,-0.733461359178837,0.315368729517023,0.921763718212945,1.67437436899384,1.45349230728808,"Teacher","Master's","Low"
-1.03176107876024,0.723396639413951,-0.250993701685441,-0.540008035136334,1.00248264566074,0.357870296522737,1.57164033029465,-0.483133150495892,1.31097932421093,-1.19051433600907,1.53886816704965,-0.517837953487001,-0.423843167021868,-0.144963943766757,0.790232880528277,"Security Guard","High School","High"
0.570985619375816,1.06665438996625,-0.0749401349198756,0.0857120665172512,-0.772560738250748,-0.684200581147973,-0.511075266061362,0.210458968701924,0.196240483429272,0.768776897908346,0.769772019710775,-0.899724349863845,0.921763718212945,-1.68440405456418,0.790232880528277,"HR Specialist","PhD","Medium"
-0.434675231600011,-1.10731136353167,0.805327698907951,0.120474294386895,-0.12709041682839,0.67049155982395,-1.5871449908453,-0.968647633934363,0.405254016075833,1.2585997063877,-0.418831117085662,-0.830290459613509,0.0591952020367829,0.414832460159579,-0.257018845934571,"Data Scientist","Master's","Medium"
-1.50523420552986,-0.649634362795267,0.0659027184925768,-1.58287487122564,-0.449825577539569,-0.163165142312618,0.703842165146313,-0.968647633934363,1.6593352119552,-0.595729497141283,0.105552619736295,-1.66349714261753,1.30129386533046,1.00961613933131,-1.02500344534066,"Marketing Manager","High School","Medium"
-0.579323496741517,-0.649634362795267,-0.638311548569685,0.676669940301192,0.518379904593969,0.844170039435735,1.46750455047685,1.25084714749865,1.69417080072963,-1.08555230562064,-0.698502443390707,0.488953455142861,0.783752755624759,0.099946982951015,-1.47881252680789,"Chef","High School","Medium"
-0.228798505844271,0.380138888861646,1.61517410602955,-0.296672440048828,-0.449825577539569,-1.65680006697397,-0.892906458726631,0.695973452140395,1.41548609053421,-1.40043839678594,0.175470451312557,0.697255125893867,-0.768870573492332,0.239896083932599,0.790232880528277,"Graphic Designer","High School","Medium"
-0.260236243054411,0.036881138309342,-0.180572274979215,0.885243307519054,1.12350833092743,-0.996821844449186,-1.0664660917563,-0.483133150495892,-1.61521013284093,-0.735678870992527,0.525059609193862,0.523670400268029,-1.49342812708031,-0.739747622938491,0.266607017296853,"Construction Worker","Master's","High"
-0.517112606839467,-1.67940761445218,-0.286204415038554,0.74619439604048,-0.812902633339646,-0.753671972992687,-1.24002572478597,-1.28076408757338,1.58966403440635,-0.385805436364417,0.105552619736295,0.80140596126937,-1.5624336083744,-0.914683999165471,1.17422518023132,"Software Engineer","PhD","Low"
0.967338047051814,-0.420795862427064,-0.462257981804119,-0.435721351527403,0.397354219327277,-0.684200581147973,-1.30944957799783,-0.8299292100948,-0.395964525735986,-1.54038777063718,-0.0692419592043573,0.836122906394537,0.0246924613897364,-1.5094676783372,-0.187202064170381,"Mechanic","High School","Medium"
-0.253243658123479,0.265719638677545,-1.55379009575062,-1.51335041548635,-0.207774207006184,-1.0662932362939,1.50221647708279,0.279818180621705,-0.744320413480256,0.733789554445535,-0.453790032873793,-1.28161074624069,-0.906881536080518,0.484807010650372,-1.54862930857208,"Software Engineer","High School","Medium"
0.0813601993153233,1.06665438996625,-0.884786542041476,0.294285433735113,-1.13563779405082,-0.649464885225616,0.669130238540379,-0.552492362415673,0.44008960485026,0.488878150205858,-0.768420274966968,0.488953455142861,-0.423843167021868,-0.56481124671151,-0.710827927401805,"AI Engineer","Master's","Low"
-1.32241567305876,1.63875064088676,1.50954196597021,-0.366196895788116,-0.732218843161851,0.739962951668664,-0.719346825696964,-0.864608816054691,-0.639813647156975,0.803764241371157,1.11936117759208,0.315368729517023,-0.630859610904147,-0.669773072447699,-1.30427057239742,"Marketing Manager","High School","Medium"
-0.167714520125305,1.63875064088676,0.488431278729934,-1.61763709909529,-1.13563779405082,-0.163165142312618,1.64106418350652,1.11212872365908,-1.16234747877338,0.803764241371157,-0.0342830434162267,-1.07330907548968,0.680244533683619,0.169921533441807,-1.61844609033627,"Teacher","PhD","Low"
-0.223481829698439,0.723396639413951,0.45322056537682,-1.23525259252921,-0.248116102095082,0.32313460060038,-1.24002572478597,1.21616754153876,-1.65004572161536,-1.36545105332312,-1.32776292757706,0.107067058766017,0.404222608507248,-0.354887595239134,-0.710827927401805,"UX Researcher","High School","Medium"
0.980600842437341,1.18107364015036,-1.51857938239751,-0.748581402354195,0.841115065305148,-1.69153576289633,-0.511075266061362,-1.07268645181404,-0.813991591029109,1.15363767599927,-1.18792726442453,0.974990686895208,0.611239052389526,-0.599798521956906,0.196790235532663,"Retail Worker","High School","High"
-0.707906153529313,1.06665438996625,-1.30731510227883,1.44143895343335,0.114960953704995,1.33046978234873,1.12038528441752,-1.45416211737283,-1.02300512367567,-1.19051433600907,1.15432009338021,1.25272624789655,0.0936979426838294,-1.40450585260102,-1.23445379063323,"Chef","Master's","Medium"
-0.323429562244278,0.380138888861646,1.50954196597021,-1.02667922531134,-1.82145001056208,-0.579993493380902,-1.62185691745124,1.14680832961898,-0.047608637991717,0.523865493668669,-0.313954369721271,-0.517837953487001,-0.975887017374611,0.939641588840521,0.720416098764087,"Teacher","Master's","Low"
-0.324585361406415,-0.420795862427064,-0.638311548569685,-1.72192378270422,-1.74076622038429,0.427341688367451,0.0443155596335751,-0.240375908776656,1.1368013803388,0.0340426851893152,-0.418831117085662,-1.17745991086519,1.09427742144818,0.274883359177995,-1.4089957450437,"Research Scientist","Bachelor's","Low"
-1.32706776468636,-0.420795862427064,-0.250993701685441,1.09381667473692,-0.89358642351744,0.357870296522737,0.807977944964114,-1.52352132929262,0.196240483429272,0.943713615222401,0.000675872371903821,0.315368729517023,1.37029934662455,-1.05463310014706,-1.37408735416161,"Teacher","Bachelor's","Low"
-1.67802618026941,-0.992892113347571,1.12222411908597,1.23286558621549,0.235986638971687,1.15679130273695,0.703842165146313,-1.41948251141294,0.89295225891781,-1.08555230562064,-0.90825593811949,-0.37897017298633,-0.665362351551193,-0.634785797202302,-1.12972861798694,"Chef","PhD","Medium"
0.430267071385577,-1.22173061371577,-1.69463294916308,-0.088099072830967,0.437696114416174,1.26099839050402,1.12038528441752,-0.275055514736547,0.788445492594529,-0.700691527529716,-1.53751642230584,0.627821235643532,0.507730830448387,1.04460341457671,0.441148971707328,"Data Scientist","High School","Medium"
-1.62165207613616,-1.45056911408398,1.33348839920465,-1.40906373187742,-0.89358642351744,1.50414826196052,0.807977944964114,1.38956557133821,0.927787847692237,0.139004715577748,0.350265030253209,0.454236510017693,-1.28641168319803,-1.08962037539245,0.0920650628863784,"Teacher","Master's","Low"
1.31985679150375,0.723396639413951,1.61517410602955,0.0509498386476076,-1.41803105967311,-1.17050032406097,-0.268091779819827,-0.691210786255237,-1.44103218896879,1.67844782794143,-0.838338106543229,0.662538180768699,-1.42442264578622,1.42946344227607,0.336423799061043,"Research Scientist","Master's","Low"
-0.269973850995419,0.952235139782153,0.594063418789273,0.954767763258342,0.760431275127353,1.36520547827109,1.01624950459972,0.661293846180504,0.231076072203698,-1.2954763663975,-1.1529683486364,1.11385846739588,1.02527194015408,0.379845184914183,-0.187202064170381,"HR Specialist","Bachelor's","Medium"
-1.57209718705951,-0.764053612979368,-0.603100835216572,-0.261910212179185,1.28487591128302,1.50414826196052,-1.34416150460377,0.0717405448623608,-0.46563570328484,1.74842251486705,1.2591968407446,-0.205385447360492,1.71532675309501,0.0299724324602228,-1.12972861798694,"Security Guard","Bachelor's","High"
1.70054814053278,-0.420795862427064,-0.955207968747702,0.502858800952974,-0.89358642351744,1.01784851904752,-0.788770678908831,-0.691210786255237,-1.51070336651765,-0.700691527529716,-1.43263967494145,0.00291622339051411,0.714747274330666,0.869667038349728,-1.51372091768999,"Doctor","High School","Low"
0.840431299049118,1.40991214051856,-0.743943688629024,-1.37430150400778,-0.248116102095082,-0.684200581147973,0.460858678904778,1.32020635941843,-0.186950993089425,0.90872627175959,-1.22288618021266,1.35687708327205,-1.21740620190394,-1.08962037539245,-1.33917896327951,"UX Researcher","Bachelor's","Medium"
0.473609539965733,-0.992892113347571,0.171534858551916,1.7195367763905,1.6076110719942,-0.406315013769117,0.28729904587511,0.418536604461269,1.10196579156437,0.873738928296779,0.245388282888817,0.593104290518364,0.852758236918852,-1.29954402686483,-1.02500344534066,"Security Guard","PhD","High"
0.291426697033811,0.151300388493443,1.22785625914531,-0.296672440048828,1.76897865234979,-0.962086148526829,-0.268091779819827,-0.41377393857611,1.48515726808307,-0.700691527529716,-0.104200874992488,-1.07330907548968,0.0591952020367829,1.25452706604909,-0.67591953651971,"Security Guard","Bachelor's","High"
-1.5850710326545,-0.420795862427064,1.43912053926399,-1.47858818761671,-1.05495400387303,-0.823143364837401,-1.10117801836223,0.349177392541487,0.718774315045675,-0.350818092901606,-1.6074342538821,1.42631097352239,0.783752755624759,-0.809722173429283,0.0222482811221885,"Nurse","Bachelor's","Low"
0.989182651216212,-0.649634362795267,-0.567890121863458,0.0857120665172512,-1.29700537440641,-0.996821844449186,0.981537577993782,-0.691210786255237,0.265911660978125,-0.770666214455338,-0.24403653814501,-1.00387518523935,0.438725349154294,-0.249925769502946,-1.65335448121837,"Teacher","Master's","Low"
1.73331504677938,-1.67940761445218,-0.110150848272989,-1.09620368105063,0.114960953704995,-0.302107926002046,0.530282532116645,1.56296360113766,0.0917337171059909,1.04867564561083,0.874648767075167,1.46102791864756,-1.01038975802166,1.1495652403129,1.45349230728808,"Data Scientist","PhD","Medium"
-1.49858836034757,1.52433139070266,-0.673522261922798,1.58048786491193,0.19564474388279,-0.406315013769117,1.01624950459972,-0.691210786255237,-1.12751188999895,0.173992059040559,0.245388282888817,1.14857541252105,-0.147821241845496,1.07959068982211,-0.641011145637615,"Financial Analyst","Bachelor's","Medium"
0.803445725860718,-1.22173061371577,-1.02562939545393,-0.366196895788116,0.558721799682866,-0.962086148526829,1.08567335781158,-0.760569998175018,-1.65004572161536,-1.33046370986031,0.874648767075167,-0.830290459613509,0.507730830448387,0.694730662122748,-0.501377582109235,"Data Scientist","PhD","Medium"
-1.16482245730131,-1.67940761445218,-0.35662584174478,1.58048786491193,-0.288457997183979,-1.10102893221626,-0.441651412849495,0.591934634260723,0.683938726271249,1.50351111062738,1.32911467232086,-0.726139624238006,-0.147821241845496,0.869667038349728,1.48840069817018,"Marketing Manager","Bachelor's","Medium"
-0.870816045432592,-0.420795862427064,-0.215782988332328,1.40667672556371,-1.458372954762,-0.0589580545455473,1.39808069726498,1.0427695117393,-0.91849835735239,-0.595729497141283,-0.523707864450054,1.42631097352239,1.71532675309501,0.939641588840521,-0.0475685006420014,"Teacher","High School","Low"
-0.293465468965864,0.723396639413951,0.699695558848612,-0.366196895788116,-1.17597968913972,0.392605992445094,-0.0598202201842257,1.52828399517777,-1.68488131038978,0.768776897908346,-0.313954369721271,0.731972071019034,0.611239052389526,-1.71939132980958,-0.710827927401805,"Teacher","Bachelor's","Low"
-1.14375801757136,0.608977389229849,-1.16647224886638,0.815718851779767,-1.5793986400287,-0.0936937504679043,-0.858194532120698,0.279818180621705,0.753609903820102,-0.560742153678472,0.350265030253209,1.11385846739588,-1.42442264578622,0.729717937368144,-0.60610275475552,"Teacher","Master's","Low"
0.514293670472972,0.723396639413951,-1.69463294916308,-0.261910212179185,1.48658538672751,0.0799847291438808,0.356722899086977,-0.587171968375564,-1.12751188999895,1.11865033253646,1.43399141968526,0.0376331685156818,-0.665362351551193,0.0299724324602228,1.3487671346418,"Retail Worker","High School","High"
-1.70276028233915,0.723396639413951,1.26306697249842,-0.574770263005978,-1.09529589896193,0.531548776134522,0.252587119269176,0.106420150822252,0.161404894654845,1.2585997063877,1.46895033547339,-1.35104463649102,0.231708905272015,1.46445071752146,-1.26936218151532,"Teacher","PhD","Low"
0.465836790600358,-0.87847286316347,-1.44815795569129,-1.33953927613814,0.639405589860661,-0.163165142312618,0.669130238540379,-1.24608448161349,-1.68488131038978,1.39854908023894,0.245388282888817,-1.66349714261753,1.68082401244797,-0.0400021180305694,-0.0475685006420014,"Mechanic","Bachelor's","Medium"
-1.27546133209693,-1.67940761445218,-1.72984366251619,0.25952320586547,0.19564474388279,-0.684200581147973,0.807977944964114,-0.41377393857611,0.753609903820102,-1.22550167947188,1.43399141968526,1.32216013814688,-1.21740620190394,1.53442526801225,0.231698626414758,"UX Researcher","High School","Medium"
0.771285614174242,-0.649634362795267,1.19264554579219,-1.44382595974707,0.96214075057184,-0.71893627707033,-0.0598202201842257,-0.517812756455783,0.022062539557137,-1.05056496215783,0.629936356558253,-1.52462936211686,-0.492848648315961,-1.12460765063785,0.825141271410372,"Truck Driver","PhD","High"
0.377475944654947,0.494558139045748,-1.4833686690444,1.02429221899763,0.639405589860661,1.64309104564995,0.28729904587511,-0.587171968375564,-0.639813647156975,-0.385805436364417,0.38522394604134,-0.0318007217346536,0.507730830448387,-1.61442950407339,-1.33917896327951,"Lawyer","PhD","Medium"
-0.783524313712158,1.18107364015036,1.756016959442,0.885243307519054,-0.409483682450671,1.57361965380523,-0.997042238544432,0.800012270020067,-1.33652542264551,0.55885283713148,0.909607682863297,1.25272624789655,0.783752755624759,1.46445071752146,0.0920650628863784,"HR Specialist","PhD","Medium"
-0.793319711611273,-0.535215112611165,1.05180269237974,-0.748581402354195,-0.369141787361774,1.15679130273695,-1.20531379818003,0.418536604461269,1.58966403440635,1.22361236292489,-1.53751642230584,-0.621988788862503,-1.25190894255098,1.56941254325765,1.73275943434484,"UX Researcher","Master's","Medium"
-0.763528988207179,-0.992892113347571,0.594063418789273,1.19810335834585,-0.449825577539569,-1.0662932362939,-1.6912807706631,-0.309735120696438,1.38065050175979,1.43353642370176,-1.29280401178893,-1.03859213036452,-0.320334945080728,0.974628864085917,0.406240580825233,"Lawyer","PhD","Medium"
1.42249175710156,0.952235139782153,0.312377711964368,-1.37430150400778,-0.0464066266505949,1.71256243749466,-1.41358535781563,0.0717405448623608,-0.709484824705829,0.173992059040559,0.245388282888817,0.280651784391855,1.19778564338932,-0.38987487048453,0.0920650628863784,"Lawyer","Master's","Medium"
-1.33062184710994,-1.33614986389988,1.01659197902663,-0.818105858093483,1.6076110719942,-0.788407668915044,-1.6912807706631,-1.2114048756536,1.69417080072963,-0.595729497141283,-1.36272184336519,-1.31632769136586,-0.665362351551193,-1.61442950407339,0.0571566720042835,"Construction Worker","PhD","High"
1.55084325405692,-0.0775381118747595,0.0659027184925768,-1.23525259252921,1.24453401619412,0.357870296522737,-1.51772113763344,-0.344414726656329,-0.709484824705829,-0.875628244843771,0.350265030253209,0.315368729517023,0.438725349154294,-1.19458220112864,-0.710827927401805,"Retail Worker","High School","High"
1.14143029584877,-0.87847286316347,0.136324145198803,-0.122861300700611,1.12350833092743,1.01784851904752,-1.41358535781563,1.63232281305745,-1.33652542264551,0.978700958685212,-0.453790032873793,1.28744319302172,-1.49342812708031,-0.459849420975322,-0.53628597299133,"Construction Worker","Bachelor's","High"
1.19997152341104,1.40991214051856,1.72080624608889,-1.06144145318099,-1.17597968913972,0.149456120988595,-1.20531379818003,-1.14204566373382,1.69417080072963,-0.14089403212474,-1.29280401178893,-1.00387518523935,-0.803373314139379,0.0299724324602228,-0.53628597299133,"AI Engineer","Master's","Low"
1.41370768346931,-1.45056911408398,-1.16647224886638,-0.574770263005978,-1.74076622038429,1.36520547827109,-1.03175416515037,0.90405108789974,-0.535306880833694,-0.0709193451991179,-0.733461359178837,0.697255125893867,1.16328290274227,-0.739747622938491,-0.885369881812279,"Teacher","Master's","Low"
-0.0689225867416034,-0.649634362795267,-1.06084010880704,0.502858800952974,0.881456960394045,0.427341688367451,0.0443155596335751,-1.35012329949316,0.509760782399114,-0.14089403212474,-0.978173769695751,-0.517837953487001,-0.0443130199043566,-1.43949312784641,1.62803426169855,"Construction Worker","High School","High"
-1.18259286941918,1.29549289033446,-1.41294724233817,1.12857890260656,1.12350833092743,0.357870296522737,-0.754058752302897,0.800012270020067,0.753609903820102,0.20897940250337,-0.90825593811949,-0.865007404738677,-0.423843167021868,-1.22956947637404,-0.53628597299133,"Construction Worker","High School","High"
-1.29927079483696,-1.67940761445218,1.08701340573286,-0.331434667918472,1.5672691769053,-1.37891449959511,1.32865684405312,-0.725890392215128,-0.361128936961559,1.08366298907365,0.490100693405731,-0.656705733987671,-0.941384276727565,1.60439981850305,-1.4089957450437,"Retail Worker","PhD","High"
-1.51520297330329,-1.33614986389988,0.594063418789273,0.398572117344044,1.5269272818164,0.809434343513378,1.25923299084125,1.45892478325799,0.962623436466664,-0.910615588306582,-0.139159790780618,0.488953455142861,0.128200683330876,-1.19458220112864,0.336423799061043,"Construction Worker","PhD","High"
1.20436356022716,-1.67940761445218,-0.286204415038554,0.607145484561905,0.19564474388279,-0.406315013769117,0.252587119269176,-1.00332723989425,0.161404894654845,1.08366298907365,0.909607682863297,-0.483121008361833,-1.35541716449212,1.04460341457671,-0.780644709165995,"Software Engineer","Master's","Medium"
-1.19308174681558,0.494558139045748,-0.180572274979215,0.850481079649411,0.478038009505071,1.6778267415723,-1.0664660917563,-0.725890392215128,0.370418427301406,1.11865033253646,-0.94321485390762,-0.309536282735995,-0.320334945080728,0.939641588840521,-0.885369881812279,"Graphic Designer","Master's","Medium"
-0.654017017594652,0.380138888861646,0.0306920051394637,-0.748581402354195,-1.5390567449398,-1.65680006697397,0.669130238540379,0.973410299819522,-1.65004572161536,0.348928776354614,0.979525514439559,-0.413687118111498,-0.251329463786635,-0.494836696220718,-0.60610275475552,"AI Engineer","High School","Low"
1.05679690220126,-0.764053612979368,-1.16647224886638,-0.192385756439898,-0.853244528428543,-1.62206437105161,-1.1706018715741,0.973410299819522,-1.30168983387109,-0.770666214455338,-0.174118706568749,1.53046180889789,-1.1138979799628,1.46445071752146,0.790232880528277,"Teacher","High School","Low"
-1.42554185330048,1.18107364015036,0.770116985554838,-1.61763709909529,-0.651535052984056,-0.579993493380902,-1.4830092110275,1.70168202497723,0.265911660978125,-0.000944658273495871,1.01448443022769,1.66932958939856,1.57731579050683,1.00961613933131,-0.396652409462951,"Software Engineer","Master's","Medium"
-0.349203883559944,0.952235139782153,-1.41294724233817,-1.72192378270422,0.80077317021625,1.53888395788287,1.50221647708279,0.591934634260723,0.788445492594529,0.0690300286521262,-0.90825593811949,1.42631097352239,-0.768870573492332,0.834679763104332,-0.850461490930185,"Truck Driver","High School","Medium"
-1.62705543721915,-1.56498836426808,0.523641992083047,0.502858800952974,0.881456960394045,-0.267372230079689,0.0790274862395087,-0.725890392215128,1.31097932421093,1.22361236292489,-0.0342830434162267,-0.552554898612168,1.02527194015408,-1.05463310014706,-1.47881252680789,"Construction Worker","Master's","High"
1.47048631730932,-0.306376612242962,-1.62421152245685,-0.0185746170916797,-0.409483682450671,0.67049155982395,0.530282532116645,0.141099756782142,-0.535306880833694,1.2585997063877,0.734813103922645,-0.795573514488342,-0.00981027925731013,-1.19458220112864,-0.571194363873425,"Lawyer","High School","Medium"
-0.619516412604849,-0.649634362795267,-0.990418682100815,0.711432168170836,-0.409483682450671,1.53888395788287,-0.649922972485096,-0.517812756455783,0.300747249752552,0.348928776354614,0.280347198676948,0.245934839266687,-0.665362351551193,-0.249925769502946,0.336423799061043,"Marketing Manager","Master's","Medium"
-1.03597974570204,1.06665438996625,-0.884786542041476,0.711432168170836,0.679747484949559,0.913641431280449,-1.44829728442157,-0.101657484937093,-0.221786581863852,-0.525754810215661,-0.0342830434162267,-0.205385447360492,-1.70044457096259,-0.914683999165471,-0.990095054458564,"UX Researcher","Bachelor's","Medium"
0.317576653077172,-0.420795862427064,-1.16647224886638,-1.47858818761671,-0.490167472628466,1.22626269458166,1.05096143120565,-0.205696302816766,1.31097932421093,-0.910615588306582,0.280347198676948,-1.24689380111552,1.12878016209522,-1.29954402686483,-1.61844609033627,"Data Scientist","Bachelor's","Medium"
-0.880178018645905,-0.764053612979368,1.40390982591087,-1.27001482039885,-1.4987148498509,-0.614729189303259,1.05096143120565,-0.275055514736547,0.370418427301406,-0.315830749438795,0.175470451312557,-1.52462936211686,-0.458345907668914,1.25452706604909,0.685507707881992,"Nurse","High School","Low"
0.45887310064848,0.494558139045748,1.01659197902663,-0.157623528570254,0.276328534060584,0.983112823125163,-0.788770678908831,-1.52352132929262,-0.326293348187133,-1.22550167947188,-0.768420274966968,1.56517875402306,1.19778564338932,0.309870634423391,-0.326835627698761,"HR Specialist","High School","Medium"
0.470344407332694,-1.10731136353167,0.241956285258142,0.120474294386895,0.437696114416174,1.50414826196052,-0.580499119273229,-1.00332723989425,-0.361128936961559,-0.175881375587551,-1.6074342538821,1.25272624789655,1.71532675309501,1.46445071752146,1.27895035287761,"Data Scientist","Master's","Medium"
0.279261910852314,1.18107364015036,1.43912053926399,0.676669940301192,-1.66008243020649,-1.17050032406097,-1.55243306423937,-0.309735120696438,1.06713020278995,-0.000944658273495871,-0.453790032873793,-1.35104463649102,-1.5624336083744,-0.354887595239134,-1.37408735416161,"Nurse","Bachelor's","Low"
-1.46374101560912,1.29549289033446,-0.35662584174478,0.016187610777964,1.00248264566074,0.635755863901593,-0.268091779819827,-1.41948251141294,0.474925193624687,-0.455780123290039,-1.57247533809397,1.56517875402306,0.231708905272015,-0.0749893932759655,1.27895035287761,"Construction Worker","Master's","High"
-1.29756599107281,-0.649634362795267,-0.990418682100815,1.09381667473692,-0.974270213695235,-1.5525929792069,0.738554091752246,-1.52352132929262,0.300747249752552,0.628827524057102,-0.453790032873793,1.32216013814688,1.02527194015408,1.49943799276686,-0.641011145637615,"AI Engineer","PhD","Low"
-0.113854279169698,-1.67940761445218,1.08701340573286,-0.957154769572057,1.28487591128302,1.12205560681459,-0.962330311938498,-0.656531180295346,-0.221786581863852,-0.770666214455338,-0.139159790780618,-1.6982140877427,-1.01038975802166,1.1495652403129,-0.291927236816666,"Customer Support","Bachelor's","High"
1.10334671345634,-0.191957362058861,1.36869911255776,1.12857890260656,-1.25666347931752,-0.0936937504679043,0.530282532116645,-0.101657484937093,0.474925193624687,-0.630716840604094,1.18927900916834,0.697255125893867,-0.5963568702571,1.1495652403129,-0.0126601097599064,"Nurse","Master's","Low"
0.429226852139653,-0.535215112611165,-1.4833686690444,0.711432168170836,0.599063694771764,1.08731991089223,0.564994458722579,-1.24608448161349,-1.44103218896879,-0.49076746675285,1.22423792495647,1.59989569914823,-0.906881536080518,0.904654313595124,0.266607017296853,"Graphic Designer","High School","Medium"
-0.716227907496703,0.723396639413951,0.136324145198803,1.09381667473692,1.08316643583853,1.39994117419345,-0.892906458726631,-1.45416211737283,-1.19718306754781,1.22361236292489,-0.27899545393314,1.04442457714554,0.0936979426838294,-0.0749893932759655,1.10440839846713,"Retail Worker","Bachelor's","High"
1.47435824450248,0.380138888861646,1.05180269237974,-1.37430150400778,0.19564474388279,0.705227255746307,1.39808069726498,-0.968647633934363,0.335582838526979,-0.210868719050362,-0.418831117085662,-1.35104463649102,-1.28641168319803,1.18455251555829,0.894958053174562,"UX Researcher","PhD","Medium"
0.38279262080078,-0.764053612979368,1.15743483243908,-1.44382595974707,1.44624349163861,1.29573408642638,1.18980913762938,-0.448453544536001,0.858116670143383,-0.210868719050362,1.18927900916834,0.107067058766017,0.887260977565898,-1.47448040309181,0.336423799061043,"Truck Driver","Master's","High"
0.98126542695557,-0.764053612979368,0.382799138670594,0.711432168170836,-0.89358642351744,1.01784851904752,-0.962330311938498,1.14680832961898,-1.33652542264551,0.453890806743047,1.32911467232086,-1.38576158161619,1.19778564338932,1.04460341457671,0.0222482811221885,"Doctor","High School","Low"
0.909056874301031,0.151300388493443,1.12222411908597,-1.09620368105063,0.357012324238379,0.531548776134522,-1.51772113763344,-1.66223975313218,-0.535306880833694,0.698802210982724,-0.593625696026315,0.593104290518364,0.57673631174248,1.07959068982211,-1.37408735416161,"Chef","High School","Medium"
-0.35371150029228,-0.191957362058861,-1.55379009575062,-1.09620368105063,-0.288457997183979,0.739962951668664,1.64106418350652,-0.552492362415673,0.0568981283315639,-0.805653557918149,0.629936356558253,-0.448404063236665,-0.0788157605514031,0.239896083932599,0.685507707881992,"Financial Analyst","High School","Medium"
1.21144283009525,1.18107364015036,0.171534858551916,-0.227147984309541,0.921798855482943,-0.996821844449186,1.32865684405312,1.28552675345854,-1.65004572161536,0.698802210982724,0.175470451312557,1.53046180889789,1.4048020872716,0.274883359177995,-1.23445379063323,"Construction Worker","High School","High"
-0.887632923241692,-0.992892113347571,0.805327698907951,1.58048786491193,-0.207774207006184,0.983112823125163,0.634418311934446,-1.45416211737283,0.196240483429272,-1.08555230562064,0.629936356558253,0.384802619767358,1.61181853115387,1.53442526801225,-1.68826287210046,"Lawyer","PhD","Medium"
-0.183548968646589,-1.67940761445218,0.946170552320403,0.676669940301192,0.478038009505071,-0.788407668915044,1.22452106423532,-0.205696302816766,-0.848827179803536,-1.68033714448842,1.29415575653273,0.141784003891185,1.64632127180092,0.729717937368144,-1.4439041359258,"Lawyer","PhD","Medium"
1.49920792648843,1.63875064088676,-1.69463294916308,0.224760977995826,-0.248116102095082,0.496813080212165,0.148451339451376,-0.8299292100948,-1.19718306754781,-0.315830749438795,1.7136627459903,-0.205385447360492,0.852758236918852,-1.5444549535826,-0.396652409462951,"Lawyer","Bachelor's","Medium"
-1.62012064224632,1.63875064088676,0.875749125614177,0.120474294386895,0.0342771635272,0.913641431280449,-0.649922972485096,-1.41948251141294,-0.535306880833694,-1.15552699254626,1.64374491441404,0.280651784391855,-0.182323982492542,1.42946344227607,1.41858391640599,"Data Scientist","Master's","Medium"
0.437664186023257,1.40991214051856,1.29827768585153,-1.51335041548635,1.68829486217199,-0.649464885225616,0.252587119269176,-0.795249604134909,1.6593352119552,-1.47041308371156,-0.174118706568749,0.419519564892526,0.404222608507248,0.834679763104332,0.790232880528277,"Construction Worker","High School","High"
0.935582465072086,-0.306376612242962,-0.955207968747702,-0.435721351527403,-1.41803105967311,1.60835534972759,-0.302803706425761,-0.968647633934363,0.44008960485026,-0.210868719050362,-0.873297022331359,0.766689016144202,-1.07939523931575,0.449819735404976,-0.222110455052476,"AI Engineer","Master's","Low"
0.0631274675326044,-0.191957362058861,1.57996339267644,-0.609532490875621,-0.248116102095082,1.29573408642638,-1.2747376513919,-1.35012329949316,-0.779156002254683,0.348928776354614,-0.418831117085662,0.384802619767358,-1.18290346125689,-0.844709448674679,0.266607017296853,"HR Specialist","Bachelor's","Medium"
0.349043285266365,-1.45056911408398,-0.286204415038554,0.25952320586547,0.760431275127353,-1.44838589143983,-0.129244073396093,-0.344414726656329,1.10196579156437,1.43353642370176,1.43399141968526,-0.413687118111498,-0.69986509219824,-0.179951219012154,-0.53628597299133,"Data Scientist","High School","Medium"
-0.545082946563194,-0.535215112611165,1.43912053926399,-0.922392541702414,0.114960953704995,-0.475786405613831,0.564994458722579,0.210458968701924,1.45032167930864,-1.36545105332312,-0.978173769695751,0.94027374177004,-0.458345907668914,-1.15959492588324,0.0222482811221885,"Financial Analyst","Master's","Medium"
-0.235039821319814,0.380138888861646,-1.62421152245685,-0.713819174484552,-1.01461210878413,0.0799847291438808,-1.5871449908453,-0.760569998175018,0.474925193624687,-1.01557761869501,1.15432009338021,0.627821235643532,-0.11331850119845,1.46445071752146,-0.361744018580856,"Research Scientist","Master's","Low"
1.63868399037937,0.837815889598052,0.55885270543616,0.25952320586547,-0.288457997183979,-0.545257797458545,-0.337515633031694,-0.725890392215128,0.718774315045675,0.55885283713148,-0.209077622356879,-0.344253227861162,-0.458345907668914,-0.774734898183887,-1.4089957450437,"HR Specialist","High School","Medium"
0.296078788661415,1.40991214051856,-0.638311548569685,0.189998750126182,-1.05495400387303,-0.336843621924403,1.53692840368872,1.14680832961898,1.6593352119552,1.36356173677613,0.42018286182947,0.35008567464219,-1.28641168319803,0.76470521261354,0.371332189943138,"Research Scientist","High School","Low"
-1.14257332343017,1.63875064088676,0.664484845495499,-0.192385756439898,1.32521780637192,-0.336843621924403,0.77326601835818,1.32020635941843,1.17163696911323,1.04867564561083,-1.71231100124649,1.42631097352239,-0.803373314139379,1.35948889178527,-1.02500344534066,"Retail Worker","PhD","High"
-0.534276224397209,-0.992892113347571,0.875749125614177,0.502858800952974,-0.12709041682839,0.635755863901593,0.18316326605731,-0.760569998175018,0.509760782399114,-1.01557761869501,0.664895272346384,-1.73293103286787,0.162703423977922,-0.354887595239134,-0.67591953651971,"Mechanic","Master's","Medium"
1.00646184869017,1.29549289033446,0.523641992083047,1.65001232065121,1.6479529670831,0.774698647591021,-0.0598202201842257,-0.37909433261622,-1.65004572161536,-0.455780123290039,1.22423792495647,-0.413687118111498,-0.147821241845496,-0.809722173429283,-0.780644709165995,"Security Guard","High School","High"
-0.147863669515594,-1.56498836426808,0.382799138670594,-0.157623528570254,1.40590159654971,0.184191816910952,1.05096143120565,0.869371481939849,0.927787847692237,0.0340426851893152,-0.523707864450054,1.49574486377272,-1.5624336083744,-1.22956947637404,-0.257018845934571,"Construction Worker","High School","High"
-1.0924116397934,-0.0775381118747595,-1.72984366251619,0.780956623910123,0.0746190586160974,-0.0589580545455473,-0.268091779819827,0.0717405448623608,-1.19718306754781,-1.33046370986031,-0.733461359178837,0.731972071019034,0.300714386566108,-0.0749893932759655,0.266607017296853,"Financial Analyst","PhD","Medium"
1.18725773262752,-1.22173061371577,-0.673522261922798,-1.37430150400778,0.639405589860661,0.357870296522737,0.703842165146313,-0.136337090896984,0.89295225891781,0.313941432891803,-1.57247533809397,1.35687708327205,-0.665362351551193,-1.26455675161943,-1.4089957450437,"Graphic Designer","High School","Medium"
-0.245066379051356,0.380138888861646,0.699695558848612,0.711432168170836,0.679747484949559,-0.510522101536188,0.217875192663243,0.418536604461269,1.6593352119552,-0.630716840604094,1.60878599862591,-1.21217685599035,0.887260977565898,0.449819735404976,1.13931678934923,"Chef","Bachelor's","Medium"
1.11241973687912,-1.10731136353167,-1.51857938239751,-1.09620368105063,1.72863675726089,-1.3094431077504,0.28729904587511,-0.621851574335455,0.196240483429272,-0.910615588306582,-0.209077622356879,1.28744319302172,-0.423843167021868,-0.529823971466114,-0.152293673288286,"Construction Worker","PhD","High"
0.665905625566357,-0.649634362795267,0.312377711964368,1.61525009278157,-0.651535052984056,-1.3094431077504,0.703842165146313,0.591934634260723,-0.883662768577963,1.11865033253646,-1.29280401178893,1.49574486377272,-1.0448924986687,-1.47448040309181,-0.53628597299133,"Graphic Designer","High School","Medium"
-1.02202347081923,-0.535215112611165,0.10111343184569,0.676669940301192,-1.33734726949531,0.566284472056879,-0.476363339455429,-1.62756014717229,1.62449962318078,1.15363767599927,-1.50255750651771,-0.170668502235324,0.473228089801341,-1.08962037539245,0.301515408178948,"Doctor","PhD","Low"
0.549545544918166,-0.649634362795267,-1.02562939545393,-1.23525259252921,1.5672691769053,-0.614729189303259,-0.892906458726631,0.834691875979958,0.823281081368956,-0.735678870992527,1.29415575653273,0.662538180768699,-0.527351388963007,-0.249925769502946,0.825141271410372,"Security Guard","Bachelor's","High"
-1.03728001975944,-0.420795862427064,-0.110150848272989,0.537621028822618,-1.29700537440641,0.392605992445094,0.18316326605731,-1.03800684585414,-0.326293348187133,0.139004715577748,0.979525514439559,0.523670400268029,-0.251329463786635,1.63938709374844,-1.33917896327951,"Nurse","PhD","Low"
0.48872161401068,-1.56498836426808,-0.567890121863458,-0.922392541702414,-1.17597968913972,-1.58732867512926,-1.10117801836223,-0.725890392215128,0.614267548722395,1.36356173677613,1.04944334601582,-1.10802602061485,0.231708905272015,-1.64941677931879,-0.641011145637615,"Doctor","Master's","Low"
0.0909533323610644,-0.87847286316347,-0.145361561626102,-1.20049036465956,-0.0867485217394923,-1.03155754037154,-0.372227559637628,-0.0322982730173117,-0.535306880833694,1.573485797553,0.210429367100687,1.18329235764621,0.887260977565898,0.554781561141164,0.0222482811221885,"Software Engineer","PhD","Medium"
-0.84264344085549,1.63875064088676,0.382799138670594,-0.470483579397047,0.921798855482943,-0.197900838234975,0.842689871570047,1.59764320709756,-0.46563570328484,0.173992059040559,1.22423792495647,-0.587271843737336,-1.25190894255098,-0.774734898183887,1.41858391640599,"Security Guard","Master's","High"
0.583265985473527,-0.191957362058861,1.12222411908597,1.09381667473692,-1.61974053511759,-0.163165142312618,-0.615211045879163,1.63232281305745,1.31097932421093,-0.84064090138096,-0.663543527602576,0.107067058766017,-0.768870573492332,1.1145779650675,1.13931678934923,"Research Scientist","Bachelor's","Low"
-1.00592896748646,0.608977389229849,0.664484845495499,0.189998750126182,-0.248116102095082,1.1915269986593,1.25923299084125,-1.55820093525251,-0.361128936961559,-1.6103624575628,1.18927900916834,-1.10802602061485,0.57673631174248,-0.494836696220718,1.13931678934923,"UX Researcher","Master's","Medium"
-0.123476307194493,-0.649634362795267,-0.638311548569685,-0.609532490875621,-0.288457997183979,1.01784851904752,0.738554091752246,-0.621851574335455,-0.047608637991717,-1.43542574024875,1.15432009338021,-0.795573514488342,1.3357966059775,0.344857909668787,0.266607017296853,"HR Specialist","Bachelor's","Medium"
-0.605040028099077,1.63875064088676,1.68559553273578,1.58048786491193,0.558721799682866,1.22626269458166,0.564994458722579,1.14680832961898,-1.02300512367567,-0.350818092901606,0.490100693405731,1.28744319302172,0.542233571095433,1.18455251555829,-0.0824768915240963,"Software Engineer","Master's","Medium"
0.589998515592978,-1.45056911408398,1.68559553273578,-1.20049036465956,-0.89358642351744,0.0799847291438808,0.495570605510712,1.32020635941843,-0.326293348187133,-0.245856062513173,0.105552619736295,-1.66349714261753,-0.00981027925731013,-0.739747622938491,1.52330908905227,"Doctor","PhD","Low"
1.73221703757535,-0.0775381118747595,-0.145361561626102,1.58048786491193,0.639405589860661,0.705227255746307,0.322010972481044,-0.760569998175018,-0.46563570328484,-1.40043839678594,1.01448443022769,-0.621988788862503,0.57673631174248,-0.494836696220718,-0.117385282406191,"Graphic Designer","PhD","Medium"
-0.500584678820901,1.40991214051856,1.05180269237974,-0.991916997441701,-1.41803105967311,-1.27470741182804,-1.44829728442157,0.349177392541487,-1.09267630122453,-1.50540042717437,1.39903250389712,0.107067058766017,-1.28641168319803,-1.579442228828,-1.30427057239742,"Doctor","Bachelor's","Low"
1.23392312379882,1.29549289033446,0.594063418789273,0.502858800952974,-0.570851262806261,0.462077384289808,-0.337515633031694,-0.136337090896984,1.03229461401552,-0.560742153678472,-1.22288618021266,1.28744319302172,-1.01038975802166,-0.739747622938491,0.755324489646182,"Data Scientist","High School","Medium"
0.46904413327529,1.06665438996625,1.05180269237974,-1.09620368105063,1.16385022601633,-1.27470741182804,0.148451339451376,-0.725890392215128,0.649103137496822,-1.71532448795123,-1.53751642230584,-0.240102392485659,1.57731579050683,1.35948889178527,1.73275943434484,"Retail Worker","Master's","High"
0.908421184761855,1.18107364015036,-1.58900080910374,-0.644294718745265,1.48658538672751,-1.23997171590569,-0.68463489909103,-1.52352132929262,-0.117279815540571,-0.980590275232204,-1.43263967494145,-0.309536282735995,-0.527351388963007,0.134934258196411,0.894958053174562,"Retail Worker","Master's","High"
0.755537850590119,-0.649634362795267,1.01659197902663,-1.61763709909529,1.24453401619412,0.32313460060038,1.60635225690059,0.245138574661815,-1.19718306754781,0.104017372114937,-0.348913285509401,-0.0665176668598212,-1.0448924986687,-0.00501484278517327,-1.19954539975113,"Truck Driver","Master's","High"
1.3282652304083,-0.0775381118747595,1.36869911255776,-0.50524580726669,0.276328534060584,-1.3094431077504,0.842689871570047,-1.14204566373382,0.649103137496822,-0.245856062513173,1.50390925126152,-0.135951557110156,-1.63143908966849,-0.0749893932759655,1.06950000758504,"Data Scientist","High School","Medium"
0.781023222115251,-1.10731136353167,1.65038481938266,1.19810335834585,1.32521780637192,-0.996821844449186,-1.72599269726904,1.66700241901734,1.51999285685749,-0.770666214455338,0.490100693405731,0.80140596126937,0.266211645919061,1.18455251555829,-1.4439041359258,"Customer Support","PhD","High"
-0.516332442405024,-0.535215112611165,-0.391836555097893,-0.0533368449613233,-0.0867485217394923,0.114720425066238,0.356722899086977,0.730653058100286,0.0568981283315639,0.663814867519913,-0.558666780238185,1.53046180889789,-1.52793086772735,0.169921533441807,-1.4089957450437,"HR Specialist","High School","Medium"
0.519928191388393,1.63875064088676,-0.849575828688363,1.54572563704228,0.80077317021625,-0.37157931784676,0.981537577993782,-1.07268645181404,1.10196579156437,1.29358704985051,0.734813103922645,-1.00387518523935,-0.803373314139379,-1.15959492588324,-1.09482022710485,"Truck Driver","Master's","Medium"
1.23713046647376,0.265719638677545,1.26306697249842,0.120474294386895,-1.4987148498509,-0.71893627707033,0.148451339451376,-0.587171968375564,1.24130814666208,-0.980590275232204,1.32911467232086,0.558387345393196,1.57731579050683,-1.68440405456418,-1.51372091768999,"Teacher","Bachelor's","Low"
-0.52612784030414,1.18107364015036,1.43912053926399,0.815718851779767,1.44624349163861,-1.62206437105161,-0.511075266061362,-0.517812756455783,0.126569305880418,-0.805653557918149,-0.803379190755098,0.419519564892526,1.50831030921273,0.554781561141164,0.615690926117802,"Customer Support","PhD","High"
-0.628416066153307,0.265719638677545,-1.23689367557261,-1.61763709909529,-1.05495400387303,-0.197900838234975,-0.233379853213894,-0.933968027974472,0.022062539557137,-0.175881375587551,-0.523707864450054,-0.205385447360492,-0.423843167021868,1.53442526801225,1.69785104346274,"Teacher","High School","Low"
1.59288544857967,-1.56498836426808,1.72080624608889,-0.783343630223839,1.6479529670831,-0.302107926002046,0.877401798175981,-1.03800684585414,1.06713020278995,-1.43542574024875,-0.803379190755098,1.11385846739588,0.852758236918852,-0.00501484278517327,0.615690926117802,"Retail Worker","Master's","High"
1.65316037488514,1.63875064088676,0.594063418789273,-1.68716155483457,-0.974270213695235,0.0799847291438808,1.53692840368872,-0.0669778789772025,-0.256622170638279,-0.14089403212474,-0.488748948661924,-1.14274296574002,1.16328290274227,-0.38987487048453,0.126973453768473,"Teacher","High School","Low"
0.763050545144013,1.06665438996625,-1.55379009575062,0.3638098894744,-0.933928318606338,-0.0242223586231903,-1.1706018715741,-1.31544369353327,1.38065050175979,0.733789554445535,1.64374491441404,-1.45519547186653,1.37029934662455,1.21953979080369,1.38367552552389,"Doctor","PhD","Low"
1.46774129429924,-1.22173061371577,0.171534858551916,0.016187610777964,-1.4987148498509,0.774698647591021,0.148451339451376,1.49360438921788,-0.91849835735239,-0.630716840604094,-0.628584611814446,1.07914152227071,-1.38991990513917,-0.144963943766757,-0.222110455052476,"Teacher","High School","Low"
0.704798267372283,0.608977389229849,-0.321415128391667,0.0509498386476076,0.881456960394045,0.0452490332215238,1.60635225690059,1.66700241901734,0.0917337171059909,0.104017372114937,-0.733461359178837,1.7387634796489,-0.803373314139379,-0.179951219012154,-1.72317126298256,"Customer Support","Master's","High"
0.722221939741506,-1.22173061371577,-1.51857938239751,0.850481079649411,0.0746190586160974,0.253663208755666,-0.719346825696964,1.07744911769919,-1.75455248793864,-0.560742153678472,0.560018524981992,1.42631097352239,-0.941384276727565,0.134934258196411,0.161881844650568,"Graphic Designer","Bachelor's","Medium"
-1.01644673986191,1.18107364015036,-1.13126153551327,-1.65239932696493,-1.66008243020649,1.6778267415723,-0.997042238544432,1.52828399517777,-1.02300512367567,1.53849845409019,0.525059609193862,-1.35104463649102,0.266211645919061,-0.634785797202302,-0.396652409462951,"Nurse","Master's","Low"
0.260769124258115,-0.0775381118747595,-0.286204415038554,0.572383256692262,-1.05495400387303,-0.579993493380902,1.46750455047685,1.52828399517777,-1.61521013284093,-1.68033714448842,-0.24403653814501,0.315368729517023,-0.768870573492332,-0.844709448674679,0.650599316999897,"Doctor","Master's","Low"
0.731612807933873,0.036881138309342,-1.16647224886638,1.33715226982442,-1.13563779405082,-0.475786405613831,0.634418311934446,-1.35012329949316,-0.117279815540571,-1.12053964908345,-1.6074342538821,-0.552554898612168,-1.21740620190394,0.449819735404976,0.615690926117802,"Teacher","PhD","Low"
-0.391766187705657,-1.10731136353167,-1.69463294916308,1.02429221899763,-0.812902633339646,-0.545257797458545,-0.0251082935782921,1.11212872365908,1.17163696911323,0.803764241371157,-0.873297022331359,0.766689016144202,-0.872378795433472,-1.01964582490166,0.196790235532663,"Lawyer","Master's","Low"
0.945060018201614,-0.306376612242962,-1.58900080910374,-1.51335041548635,-1.01461210878413,1.26099839050402,0.356722899086977,-0.240375908776656,1.20647255788765,0.838751584833968,0.280347198676948,-0.621988788862503,-1.0448924986687,-0.284913044748342,-0.710827927401805,"AI Engineer","Bachelor's","Low"
1.4098646512552,1.29549289033446,0.0659027184925768,-1.13096590892028,0.478038009505071,-1.20523601998333,-0.0598202201842257,0.869371481939849,-0.047608637991717,-0.455780123290039,-0.104200874992488,1.21800930277138,1.68082401244797,0.449819735404976,1.03459161670294,"Chef","PhD","Medium"
1.18249006108371,1.29549289033446,1.33348839920465,1.58048786491193,0.114960953704995,0.878905735358092,0.0443155596335751,-0.725890392215128,1.20647255788765,0.383916119817425,0.280347198676948,0.558387345393196,1.23228838403636,0.799692487858936,-0.990095054458564,"Data Scientist","PhD","Medium"
1.59427240757424,1.52433139070266,1.68559553273578,0.189998750126182,-0.89358642351744,1.08731991089223,0.599706385328512,-0.517812756455783,-0.709484824705829,0.523865493668669,-0.24403653814501,1.04442457714554,0.887260977565898,-0.669773072447699,0.720416098764087,"Teacher","High School","Low"
-0.122493877906676,0.380138888861646,-0.638311548569685,-0.296672440048828,-0.933928318606338,-0.475786405613831,-0.719346825696964,-0.517812756455783,-1.02300512367567,0.173992059040559,-1.22288618021266,1.11385846739588,-0.941384276727565,0.344857909668787,-1.26936218151532,"Teacher","Master's","Low"
1.09727876785512,-0.992892113347571,1.12222411908597,0.954767763258342,1.5269272818164,1.15679130273695,-1.3788734312097,0.626614240220614,-0.813991591029109,1.04867564561083,1.60878599862591,1.39159402839722,-1.35541716449212,-0.459849420975322,-0.46646919122714,"Retail Worker","High School","High"
-0.184415818018192,1.40991214051856,-1.41294724233817,-0.400959123657759,-0.812902633339646,0.253663208755666,0.426146752298844,-0.101657484937093,0.544596371173541,1.64346048447862,0.315306114465078,-1.48991241699169,-0.0443130199043566,1.70936164423923,-0.361744018580856,"AI Engineer","High School","Low"
-0.577705377914525,1.29549289033446,-1.37773652898506,-1.23525259252921,0.599063694771764,-0.684200581147973,-0.649922972485096,-0.37909433261622,1.62449962318078,-1.43542574024875,1.11936117759208,-0.552554898612168,1.19778564338932,1.70936164423923,-0.501377582109235,"Software Engineer","Bachelor's","Medium"
1.12293750925457,-0.0775381118747595,-1.27210438892572,0.920005535388698,-0.570851262806261,-0.823143364837401,-1.03175416515037,-0.483133150495892,-1.51070336651765,1.29358704985051,1.2591968407446,-0.309536282735995,0.369719867860201,0.484807010650372,0.894958053174562,"Chef","Bachelor's","Medium"
0.370107724996321,0.265719638677545,0.136324145198803,0.607145484561905,-0.248116102095082,0.774698647591021,-0.615211045879163,-0.344414726656329,0.579431959947968,-0.385805436364417,-1.04809160127201,1.28744319302172,1.43930482791864,0.449819735404976,1.10440839846713,"Mechanic","Bachelor's","Medium"
0.649175432694417,1.63875064088676,0.382799138670594,1.44143895343335,-0.248116102095082,0.705227255746307,-1.51772113763344,1.00808990577941,1.1368013803388,-0.315830749438795,0.490100693405731,1.25272624789655,1.30129386533046,-1.36951857735562,1.17422518023132,"UX Researcher","High School","Medium"
-0.177134283296726,0.494558139045748,0.805327698907951,-0.574770263005978,0.841115065305148,-0.996821844449186,-0.302803706425761,0.834691875979958,-1.40619660019437,1.11865033253646,1.74862166177843,1.00970763202038,-0.11331850119845,0.239896083932599,-1.68826287210046,"Truck Driver","High School","High"
0.122477754508364,-0.191957362058861,1.40390982591087,-1.65239932696493,-0.89358642351744,-1.34417880367276,-1.2747376513919,-1.10736605777393,1.03229461401552,-0.0359320017363069,-1.22288618021266,0.662538180768699,1.50831030921273,0.239896083932599,-1.37408735416161,"Doctor","Bachelor's","Low"
-1.45923339887679,-0.992892113347571,1.05180269237974,0.468096573083331,0.679747484949559,0.184191816910952,-1.51772113763344,-0.344414726656329,0.544596371173541,-0.385805436364417,1.74862166177843,-0.309536282735995,0.162703423977922,-0.949671274410867,-1.19954539975113,"Software Engineer","High School","Medium"
-0.307132794058139,-0.535215112611165,0.312377711964368,-1.72192378270422,-1.5390567449398,0.496813080212165,1.08567335781158,-0.656531180295346,0.509760782399114,-0.770666214455338,0.664895272346384,0.697255125893867,-1.28641168319803,0.58976883638656,-0.571194363873425,"AI Engineer","Master's","Low"
0.521430730299171,-0.535215112611165,-0.0045187082136494,-0.157623528570254,0.437696114416174,-1.44838589143983,1.01624950459972,-1.35012329949316,-1.02300512367567,0.104017372114937,-0.139159790780618,1.70404653452373,0.300714386566108,-0.599798521956906,1.41858391640599,"HR Specialist","Bachelor's","Medium"
0.783045870648991,-0.191957362058861,-0.81436511533525,-0.0185746170916797,1.72863675726089,0.739962951668664,0.634418311934446,0.800012270020067,0.544596371173541,0.943713615222401,-1.08305051706014,-1.10802602061485,-0.492848648315961,1.21953979080369,0.755324489646182,"Security Guard","Master's","High"
-0.963568928194125,1.52433139070266,-1.69463294916308,-0.88763031383277,0.478038009505071,-0.892614756682115,0.807977944964114,-1.10736605777393,0.370418427301406,0.488878150205858,0.874648767075167,-0.205385447360492,0.438725349154294,-0.0400021180305694,1.59312587081646,"Chef","High School","Medium"
-1.08718164858473,0.494558139045748,0.594063418789273,-0.0185746170916797,0.276328534060584,1.12205560681459,0.669130238540379,0.418536604461269,1.20647255788765,1.43353642370176,-0.383872201297532,-1.14274296574002,1.09427742144818,-1.01964582490166,1.52330908905227,"Graphic Designer","Bachelor's","Medium"
0.800902967704015,1.40991214051856,1.4743312526171,0.329047661604757,0.437696114416174,-0.336843621924403,1.71048803671839,-0.933968027974472,-0.848827179803536,-1.54038777063718,1.53886816704965,-0.135951557110156,0.57673631174248,0.659743386877352,1.3138587437597,"Data Scientist","High School","Medium"
-0.690193531369556,-1.10731136353167,0.206745571905029,0.74619439604048,-1.05495400387303,-1.0662932362939,-1.34416150460377,-1.48884172333273,-0.46563570328484,0.0340426851893152,0.42018286182947,1.59989569914823,-0.5963568702571,0.904654313595124,0.126973453768473,"Doctor","Bachelor's","Low"
1.7192142970013,0.265719638677545,0.418009852023707,1.65001232065121,-1.70042432529539,0.0452490332215238,-1.55243306423937,-0.621851574335455,0.405254016075833,1.22361236292489,0.804730935498906,-0.135951557110156,1.4048020872716,-0.704760347693095,0.894958053174562,"Nurse","High School","Low"
-0.475243782191037,0.036881138309342,1.40390982591087,1.05905444686727,-0.89358642351744,-0.996821844449186,0.599706385328512,0.834691875979958,0.823281081368956,0.0340426851893152,-1.71231100124649,-0.830290459613509,-0.630859610904147,1.21953979080369,1.20913357111342,"Research Scientist","PhD","Low"
-1.11896612554351,0.608977389229849,-1.69463294916308,-0.644294718745265,-0.611193157895159,-1.20523601998333,-0.719346825696964,-1.48884172333273,-0.91849835735239,1.64346048447862,-0.663543527602576,-1.17745991086519,0.749250014977712,1.1495652403129,-0.641011145637615,"HR Specialist","High School","Medium"
1.31375995092347,1.06665438996625,-0.919997255394589,-0.366196895788116,-1.74076622038429,0.601020167979236,1.12038528441752,0.557255028300832,-0.291457759412706,-0.700691527529716,-0.313954369721271,-0.274819337610827,0.57673631174248,1.49943799276686,-1.47881252680789,"Nurse","Master's","Low"
0.142675344866717,-0.306376612242962,1.43912053926399,-1.30477704826849,-0.530509367717364,-0.649464885225616,0.217875192663243,-1.28076408757338,-1.0578407124501,1.43353642370176,-1.36272184336519,-0.344253227861162,0.887260977565898,1.35948889178527,-0.53628597299133,"UX Researcher","Bachelor's","Medium"
-0.623677289588544,-0.87847286316347,0.840538412261064,0.954767763258342,1.80932054743869,-1.23997171590569,0.738554091752246,-0.275055514736547,1.41548609053421,-0.280843405975984,-0.174118706568749,-1.28161074624069,-0.630859610904147,-0.354887595239134,-1.65335448121837,"Construction Worker","PhD","High"
-0.0490139461737852,0.723396639413951,-0.567890121863458,1.05905444686727,-0.651535052984056,0.913641431280449,0.738554091752246,-0.899288422014582,-1.47586777774322,1.22361236292489,-0.873297022331359,-1.21217685599035,-0.492848648315961,-0.354887595239134,-0.571194363873425,"Financial Analyst","PhD","Medium"
-0.453514757942852,1.18107364015036,1.33348839920465,1.30239004195478,-0.167432311917287,1.60835534972759,0.634418311934446,1.14680832961898,-0.01277304921729,-1.15552699254626,1.36407358810899,-0.0318007217346536,1.61181853115387,-0.879696723920075,1.73275943434484,"Mechanic","High School","Medium"
-0.154885149425579,-0.764053612979368,-0.462257981804119,0.329047661604757,1.48658538672751,0.774698647591021,-0.0598202201842257,-1.45416211737283,-0.01277304921729,-0.560742153678472,0.560018524981992,-1.10802602061485,-0.389340426374821,1.63938709374844,-1.4089957450437,"Customer Support","PhD","High"
-0.632865892927536,-0.535215112611165,-1.44815795569129,-1.16572813678992,0.155302848793892,-0.197900838234975,0.18316326605731,1.32020635941843,1.10196579156437,1.39854908023894,0.42018286182947,-0.0318007217346536,-0.147821241845496,0.834679763104332,0.0920650628863784,"Software Engineer","High School","Medium"
1.43558118261276,0.837815889598052,-1.27210438892572,-0.470483579397047,-0.691876948072953,-0.892614756682115,0.564994458722579,-1.69691935909207,0.335582838526979,0.978700958685212,-1.1529683486364,-1.10802602061485,-1.63143908966849,0.0299724324602228,0.545874144353612,"Lawyer","Master's","Medium"
-1.66479227986294,0.723396639413951,-0.391836555097893,-0.157623528570254,-1.01461210878413,-1.62206437105161,0.981537577993782,0.591934634260723,-0.91849835735239,0.104017372114937,-1.57247533809397,-0.413687118111498,-1.14840072060984,-1.68440405456418,-0.46646919122714,"Research Scientist","Bachelor's","Low"
-0.763066668542324,0.380138888861646,1.4743312526171,0.572383256692262,-1.41803105967311,1.74729813341702,-0.754058752302897,-1.07268645181404,-0.152115404314998,0.0340426851893152,-0.523707864450054,0.697255125893867,-1.1138979799628,0.0299724324602228,0.0222482811221885,"Teacher","High School","Low"
1.44196697298357,0.036881138309342,1.50954196597021,0.572383256692262,-0.328799892272877,0.67049155982395,-0.858194532120698,1.63232281305745,1.10196579156437,-0.210868719050362,0.979525514439559,-0.309536282735995,-1.49342812708031,0.729717937368144,-0.326835627698761,"Chef","PhD","Medium"
1.01108504533872,1.06665438996625,-0.673522261922798,1.19810335834585,0.276328534060584,1.22626269458166,-0.719346825696964,-0.136337090896984,1.10196579156437,0.523865493668669,-0.488748948661924,0.0376331685156818,1.71532675309501,0.834679763104332,0.406240580825233,"UX Researcher","High School","Medium"
-1.71469390868822,-1.67940761445218,-0.215782988332328,1.58048786491193,-1.25666347931752,-0.579993493380902,-1.41358535781563,-0.41377393857611,0.231076072203698,0.733789554445535,1.32911467232086,1.53046180889789,-1.38991990513917,0.344857909668787,0.615690926117802,"AI Engineer","Master's","Low"
-1.00694029175333,0.494558139045748,0.171534858551916,-0.574770263005978,0.881456960394045,-1.48312158736218,0.912113724781914,0.418536604461269,0.753609903820102,0.698802210982724,-1.29280401178893,-1.21217685599035,-0.872378795433472,-0.354887595239134,1.55821747993436,"Retail Worker","Bachelor's","High"
-1.31874601071897,-0.87847286316347,-0.849575828688363,-1.51335041548635,0.276328534060584,0.462077384289808,0.634418311934446,-0.8299292100948,0.0568981283315639,-0.455780123290039,1.11936117759208,-1.48991241699169,-0.768870573492332,0.344857909668787,-0.990095054458564,"Financial Analyst","Master's","Medium"
0.0784129114518727,0.723396639413951,-1.27210438892572,-1.65239932696493,-0.933928318606338,-0.579993493380902,-1.1706018715741,-1.14204566373382,1.34581491298536,0.55885283713148,1.60878599862591,1.04442457714554,0.921763718212945,-0.00501484278517327,1.13931678934923,"AI Engineer","Master's","Low"
1.308096535029,-1.45056911408398,1.15743483243908,0.920005535388698,0.276328534060584,-0.579993493380902,0.460858678904778,0.03706093890247,-0.152115404314998,1.74842251486705,0.000675872371903821,-1.62878019749237,0.438725349154294,0.799692487858936,1.38367552552389,"UX Researcher","Bachelor's","Medium"
1.3636326847697,0.837815889598052,-1.69463294916308,-1.30477704826849,-0.570851262806261,-0.996821844449186,1.05096143120565,-0.656531180295346,-0.674649235931402,0.943713615222401,-0.313954369721271,-1.52462936211686,0.300714386566108,-1.29954402686483,0.266607017296853,"Software Engineer","Bachelor's","Medium"
-1.02832257625288,1.52433139070266,1.50954196597021,-1.47858818761671,1.12350833092743,0.531548776134522,-0.615211045879163,-0.171016696856875,-1.68488131038978,0.698802210982724,1.32911467232086,1.66932958939856,1.12878016209522,-1.64941677931879,0.545874144353612,"Customer Support","PhD","High"
1.17081648954612,-0.649634362795267,1.54475267932333,1.40667672556371,1.80932054743869,1.26099839050402,0.18316326605731,0.730653058100286,1.58966403440635,0.313941432891803,1.18927900916834,1.53046180889789,0.231708905272015,-1.19458220112864,-1.16463700886904,"Truck Driver","High School","High"
0.986033098499387,0.608977389229849,-0.0749401349198756,-0.0533368449613233,0.19564474388279,-0.0589580545455473,1.64106418350652,-0.725890392215128,1.27614373543651,-1.36545105332312,0.350265030253209,0.523670400268029,0.921763718212945,-0.00501484278517327,-1.02500344534066,"Chef","Master's","Medium"
-0.526619054948048,0.151300388493443,-0.81436511533525,-0.261910212179185,1.32521780637192,0.462077384289808,1.22452106423532,1.4242451772981,-0.152115404314998,-1.40043839678594,1.04944334601582,-0.0665176668598212,0.162703423977922,0.344857909668787,0.615690926117802,"Customer Support","PhD","High"
1.40888222196739,0.608977389229849,1.57996339267644,1.54572563704228,0.478038009505071,1.36520547827109,-1.55243306423937,1.21616754153876,-1.51070336651765,0.90872627175959,-1.1529683486364,-0.483121008361833,-1.1138979799628,-0.21493849425755,-0.291927236816666,"Marketing Manager","Master's","Medium"
-1.47954656915135,-1.56498836426808,-0.708732975275911,0.885243307519054,-0.691876948072953,0.0799847291438808,-1.30944957799783,-0.725890392215128,-0.848827179803536,1.22361236292489,-1.08305051706014,1.07914152227071,0.990769199507038,-0.00501484278517327,-0.920278272694374,"Financial Analyst","Bachelor's","Medium"
1.05884844571405,0.608977389229849,-1.72984366251619,0.120474294386895,0.720089380038456,-1.20523601998333,0.252587119269176,1.59764320709756,1.24130814666208,1.2585997063877,1.11936117759208,-0.656705733987671,1.3357966059775,1.53442526801225,0.0222482811221885,"HR Specialist","Bachelor's","Medium"
0.496292098522681,-0.0775381118747595,-0.321415128391667,-0.574770263005978,-0.490167472628466,0.427341688367451,0.217875192663243,-0.136337090896984,-1.40619660019437,1.08366298907365,-1.1529683486364,-1.35104463649102,0.404222608507248,-0.354887595239134,-1.51372091768999,"Lawyer","Master's","Medium"
-0.716545752266291,-0.992892113347571,0.946170552320403,0.433334345213688,-0.207774207006184,-1.0662932362939,0.460858678904778,1.35488596537832,0.509760782399114,1.11865033253646,0.0705937039481649,0.766689016144202,1.37029934662455,0.939641588840521,1.45349230728808,"Marketing Manager","Master's","Medium"
0.490108573005245,0.036881138309342,1.40390982591087,0.433334345213688,1.68829486217199,-1.58732867512926,0.564994458722579,1.21616754153876,-1.16234747877338,0.593840180594291,1.11936117759208,-0.726139624238006,-0.320334945080728,0.239896083932599,0.0920650628863784,"Truck Driver","High School","High"
-1.1171746368422,-0.764053612979368,-1.41294724233817,-1.37430150400778,1.08316643583853,-0.857879060759758,0.842689871570047,0.245138574661815,0.89295225891781,-1.47041308371156,-0.0342830434162267,-0.621988788862503,1.19778564338932,0.729717937368144,1.3138587437597,"Customer Support","Master's","High"
-0.489431216906274,-0.535215112611165,0.770116985554838,0.155236522256539,0.518379904593969,0.0452490332215238,0.148451339451376,-1.55820093525251,0.579431959947968,-0.770666214455338,-1.67735208545836,-1.48991241699169,1.57731579050683,-0.529823971466114,1.3138587437597,"Graphic Designer","High School","Medium"
0.948325150834652,1.52433139070266,1.54475267932333,1.33715226982442,0.639405589860661,-0.71893627707033,-1.20531379818003,0.48789581638105,-0.047608637991717,-1.36545105332312,0.629936356558253,0.21121789414152,1.23228838403636,0.379845184914183,0.266607017296853,"Marketing Manager","Bachelor's","Medium"
0.37640683042997,1.52433139070266,-0.145361561626102,1.58048786491193,-1.70042432529539,-0.163165142312618,0.564994458722579,-0.240375908776656,-0.779156002254683,-0.700691527529716,-0.94321485390762,-0.552554898612168,1.26679112468341,0.0299724324602228,-0.885369881812279,"Doctor","Bachelor's","Low"
-1.06574157412708,1.52433139070266,-0.145361561626102,-1.65239932696493,1.40590159654971,-1.62206437105161,0.148451339451376,-0.136337090896984,-0.91849835735239,-0.560742153678472,0.734813103922645,-1.6982140877427,-0.630859610904147,0.624756111631956,-1.19954539975113,"Construction Worker","PhD","High"
1.000422798068,-0.992892113347571,-1.16647224886638,-1.20049036465956,1.5672691769053,-0.788407668915044,-0.406939486243561,0.800012270020067,-1.12751188999895,0.139004715577748,1.46895033547339,0.176500949016352,-1.5624336083744,0.309870634423391,-1.4089957450437,"Truck Driver","Bachelor's","High"
0.772007988650578,0.723396639413951,1.22785625914531,-1.68716155483457,-1.74076622038429,-0.475786405613831,1.74519996332432,-0.725890392215128,-1.19718306754781,0.20897940250337,0.0705937039481649,-0.170668502235324,1.54281304985978,-0.774734898183887,-0.710827927401805,"Nurse","PhD","Low"
1.06384727709029,0.723396639413951,-0.638311548569685,1.05905444686727,0.760431275127353,-1.58732867512926,1.71048803671839,-0.864608816054691,-0.291457759412706,1.01368830214802,0.594977440770123,0.974990686895208,-0.11331850119845,1.46445071752146,1.03459161670294,"HR Specialist","High School","Medium"
1.24718591918435,0.608977389229849,1.57996339267644,1.61525009278157,-0.12709041682839,0.531548776134522,1.08567335781158,1.11212872365908,-1.71971689916421,0.488878150205858,1.64374491441404,-0.934441294989012,1.02527194015408,0.099946982951015,-0.955186663576469,"Mechanic","High School","Medium"
-0.154480619718831,0.494558139045748,0.91095983896729,-0.609532490875621,-0.207774207006184,-0.0242223586231903,0.0443155596335751,-1.00332723989425,0.579431959947968,0.698802210982724,-1.25784509600079,0.107067058766017,0.369719867860201,-1.08962037539245,1.38367552552389,"UX Researcher","Master's","Medium"
-0.814875365985137,-0.191957362058861,-1.34252581563195,-0.574770263005978,-1.33734726949531,-1.69153576289633,-1.62185691745124,-1.52352132929262,0.126569305880418,-0.525754810215661,1.36407358810899,0.21121789414152,0.887260977565898,0.659743386877352,0.0920650628863784,"Doctor","Bachelor's","Low"
1.4787502813186,-1.56498836426808,1.29827768585153,0.120474294386895,-1.33734726949531,0.774698647591021,-0.997042238544432,1.00808990577941,-0.256622170638279,-1.26048902293469,-1.32776292757706,-1.17745991086519,1.3357966059775,1.70936164423923,-0.46646919122714,"AI Engineer","Bachelor's","Low"
0.886749950471777,0.151300388493443,1.12222411908597,-0.991916997441701,1.72863675726089,0.601020167979236,1.39808069726498,0.175779362742033,0.649103137496822,0.453890806743047,1.15432009338021,1.18329235764621,0.300714386566108,0.449819735404976,1.48840069817018,"Customer Support","Master's","High"
1.55988738250065,0.837815889598052,0.55885270543616,-1.68716155483457,0.921798855482943,1.26099839050402,-1.44829728442157,-1.00332723989425,-0.953333946126817,0.383916119817425,0.280347198676948,-0.726139624238006,-1.01038975802166,0.904654313595124,1.55821747993436,"Truck Driver","Master's","High"
-0.441321076782302,-0.992892113347571,-1.30731510227883,0.502858800952974,0.478038009505071,1.01784851904752,0.77326601835818,1.35488596537832,-0.988169534901244,-1.33046370986031,0.42018286182947,1.11385846739588,0.266211645919061,1.60439981850305,1.06950000758504,"Software Engineer","High School","Medium"
0.351672728360228,-1.45056911408398,-1.55379009575062,-1.33953927613814,0.437696114416174,-1.03155754037154,-1.62185691745124,1.4242451772981,1.34581491298536,-0.945602931769393,0.979525514439559,-1.55934630724203,-0.734367832845286,0.414832460159579,0.929866444056657,"HR Specialist","Master's","Medium"
1.16500859875638,0.380138888861646,-0.603100835216572,-0.991916997441701,-0.812902633339646,0.601020167979236,-0.302803706425761,-1.45416211737283,0.335582838526979,0.523865493668669,1.11936117759208,-0.726139624238006,1.64632127180092,-0.21493849425755,-0.67591953651971,"Nurse","High School","Low"
0.647846263657959,-0.0775381118747595,0.10111343184569,1.05905444686727,-1.25666347931752,1.60835534972759,-0.441651412849495,-1.52352132929262,0.962623436466664,0.768776897908346,0.105552619736295,-0.587271843737336,-1.07939523931575,-0.0749893932759655,0.615690926117802,"Teacher","High School","Low"
-1.60535530795002,1.52433139070266,-0.638311548569685,-1.27001482039885,-0.0464066266505949,1.01784851904752,1.64106418350652,0.00238133294257918,-1.16234747877338,0.663814867519913,0.909607682863297,-1.48991241699169,1.19778564338932,1.1495652403129,-0.0824768915240963,"Marketing Manager","High School","Medium"
0.694136020101565,1.63875064088676,-0.180572274979215,0.954767763258342,-0.12709041682839,-0.649464885225616,1.71048803671839,1.52828399517777,1.51999285685749,-1.26048902293469,-0.94321485390762,-0.205385447360492,1.12878016209522,0.834679763104332,1.24404196199551,"Chef","Bachelor's","Medium"
0.448442013210189,1.52433139070266,0.981381265673517,-0.818105858093483,-0.369141787361774,-0.510522101536188,-0.68463489909103,-0.864608816054691,0.858116670143383,-1.6103624575628,0.804730935498906,1.11385846739588,-1.49342812708031,-1.5444549535826,-0.710827927401805,"Software Engineer","Master's","Medium"
1.30569825176756,-1.22173061371577,0.277166998611255,0.641907712431549,0.19564474388279,-0.475786405613831,0.00960363302764153,0.48789581638105,-1.33652542264551,-0.910615588306582,1.36407358810899,-0.552554898612168,1.02527194015408,-0.879696723920075,-1.58353769945418,"Marketing Manager","PhD","Medium"
-1.23633753045857,0.036881138309342,1.36869911255776,1.12857890260656,-0.409483682450671,1.4346768701158,-0.0598202201842257,-1.55820093525251,-1.65004572161536,-0.000944658273495871,0.175470451312557,-1.45519547186653,1.43930482791864,0.76470521261354,1.06950000758504,"HR Specialist","Bachelor's","Medium"
-0.678866699580609,1.40991214051856,0.55885270543616,-0.366196895788116,0.276328534060584,1.6778267415723,0.530282532116645,-0.552492362415673,-0.744320413480256,1.64346048447862,-1.08305051706014,1.07914152227071,-0.11331850119845,-0.21493849425755,0.894958053174562,"Graphic Designer","High School","Medium"
1.59990692848966,-0.191957362058861,0.981381265673517,-1.16572813678992,1.20419212110522,-0.267372230079689,-1.3788734312097,-0.205696302816766,1.06713020278995,-0.665704184066905,-0.24403653814501,1.59989569914823,-1.63143908966849,0.309870634423391,0.860049662292467,"Retail Worker","PhD","High"
0.540385836558226,0.380138888861646,0.770116985554838,0.815718851779767,-0.732218843161851,0.114720425066238,0.981537577993782,-1.41948251141294,-1.71971689916421,1.11865033253646,0.734813103922645,-0.309536282735995,1.50831030921273,0.939641588840521,1.66294265258065,"Chef","Bachelor's","Medium"
1.32355534882259,1.40991214051856,-0.0749401349198756,0.885243307519054,0.276328534060584,1.08731991089223,1.01624950459972,-1.2114048756536,-0.953333946126817,-0.770666214455338,1.11936117759208,1.07914152227071,-0.00981027925731013,0.274883359177995,1.17422518023132,"Chef","High School","Medium"
-1.4614583122639,-0.992892113347571,-1.58900080910374,-0.0533368449613233,-0.89358642351744,1.01784851904752,-0.441651412849495,-1.52352132929262,0.474925193624687,1.18862501946208,0.560018524981992,-0.240102392485659,-1.32091442384508,1.42946344227607,-0.7457363182839,"Research Scientist","PhD","Low"
-0.0580291796384576,0.380138888861646,1.12222411908597,1.68477454852086,-1.13563779405082,0.427341688367451,-0.615211045879163,-1.66223975313218,-1.09267630122453,0.313941432891803,-1.22288618021266,1.32216013814688,-1.07939523931575,0.0649597077056189,0.0571566720042835,"Research Scientist","Bachelor's","Low"
-1.37306857133944,0.265719638677545,-0.603100835216572,1.30239004195478,1.24453401619412,0.705227255746307,0.495570605510712,-1.31544369353327,0.405254016075833,0.20897940250337,1.39903250389712,1.32216013814688,-1.21740620190394,-1.47448040309181,-0.710827927401805,"Truck Driver","Bachelor's","High"
-0.464986064627067,1.52433139070266,-1.69463294916308,0.607145484561905,0.155302848793892,0.531548776134522,-0.962330311938498,-0.933968027974472,-0.256622170638279,-1.36545105332312,-1.50255750651771,-1.42047852674136,0.231708905272015,-0.354887595239134,-0.710827927401805,"UX Researcher","Master's","Medium"
1.19861345939552,-0.535215112611165,-1.02562939545393,-0.296672440048828,-0.490167472628466,0.705227255746307,-1.30944957799783,1.56296360113766,-1.44103218896879,1.573485797553,1.15432009338021,0.627821235643532,1.4048020872716,-1.26455675161943,-1.09482022710485,"Mechanic","Master's","Medium"
0.315351739690057,1.52433139070266,-0.919997255394589,-0.644294718745265,0.114960953704995,-1.62206437105161,-0.406939486243561,-0.864608816054691,0.370418427301406,1.74842251486705,0.0705937039481649,-0.240102392485659,-0.458345907668914,0.974628864085917,-1.47881252680789,"Mechanic","High School","Medium"
1.16370832469897,0.608977389229849,-0.286204415038554,-0.644294718745265,1.76897865234979,1.53888395788287,0.495570605510712,-1.66223975313218,0.858116670143383,-0.525754810215661,-0.383872201297532,-1.17745991086519,0.0591952020367829,0.834679763104332,-0.780644709165995,"Construction Worker","Bachelor's","High"
-0.200163581602315,1.18107364015036,-1.09605082216015,-1.47858818761671,0.235986638971687,1.22626269458166,1.57164033029465,0.938730693859631,-1.0578407124501,1.71343517140424,1.46895033547339,-1.17745991086519,0.197206164624969,0.204908808687203,-0.187202064170381,"Software Engineer","Bachelor's","Medium"
-0.0930498942512234,-0.420795862427064,-1.02562939545393,0.607145484561905,0.437696114416174,-1.03155754037154,1.12038528441752,1.59764320709756,0.405254016075833,1.01368830214802,0.105552619736295,0.35008567464219,-1.70044457096259,0.0649597077056189,0.301515408178948,"UX Researcher","Master's","Medium"
-1.26812200741735,-1.22173061371577,-1.16647224886638,-0.88763031383277,1.5672691769053,-1.13576462813861,-0.268091779819827,-0.864608816054691,0.161404894654845,1.74842251486705,1.22423792495647,-0.795573514488342,-0.458345907668914,1.46445071752146,1.41858391640599,"Truck Driver","PhD","High"
-1.02343932479285,1.63875064088676,1.15743483243908,-0.679056946614908,1.36555970146081,-1.69153576289633,1.74519996332432,0.90405108789974,-0.91849835735239,0.663814867519913,-0.733461359178837,-1.42047852674136,-0.251329463786635,0.379845184914183,-1.4089957450437,"Security Guard","Master's","High"
-1.19467097066352,-1.33614986389988,0.0306920051394637,0.468096573083331,-0.409483682450671,-1.65680006697397,-0.615211045879163,-0.344414726656329,0.474925193624687,1.53849845409019,-1.04809160127201,0.662538180768699,-1.38991990513917,-1.08962037539245,0.0571566720042835,"Chef","Bachelor's","Medium"
-1.27447890280911,0.036881138309342,1.26306697249842,0.850481079649411,-1.82145001056208,0.635755863901593,1.12038528441752,0.106420150822252,1.62449962318078,-1.71532448795123,1.11936117759208,-0.587271843737336,0.507730830448387,0.659743386877352,-0.641011145637615,"Doctor","PhD","Low"
-1.45088274993034,1.29549289033446,-1.41294724233817,-1.16572813678992,1.68829486217199,-1.3094431077504,-0.406939486243561,0.800012270020067,0.997459025241091,1.60847314101581,1.01448443022769,1.18329235764621,1.54281304985978,0.169921533441807,-0.53628597299133,"Security Guard","PhD","High"
0.327805475662089,0.151300388493443,-1.20168296221949,-1.47858818761671,1.6076110719942,1.57361965380523,-0.19866792660796,-1.17672526969371,-0.01277304921729,-0.350818092901606,-0.453790032873793,0.454236510017693,-1.14840072060984,-0.424862145729926,1.3138587437597,"Security Guard","High School","High"
0.806248538828901,1.40991214051856,-1.55379009575062,0.0509498386476076,-0.651535052984056,1.60835534972759,-0.892906458726631,1.49360438921788,1.1368013803388,0.20897940250337,-0.558666780238185,1.25272624789655,-1.21740620190394,-1.12460765063785,-0.955186663576469,"HR Specialist","High School","Medium"
-0.458744749151524,1.18107364015036,-0.673522261922798,1.7195367763905,1.00248264566074,1.08731991089223,-1.3788734312097,-0.517812756455783,-0.91849835735239,1.71343517140424,-1.64239316967023,0.766689016144202,-0.872378795433472,1.07959068982211,-0.641011145637615,"Security Guard","PhD","High"
0.180961192112521,-1.56498836426808,-0.81436511533525,-0.296672440048828,0.357012324238379,-1.37891449959511,0.912113724781914,-1.35012329949316,1.41548609053421,-0.735678870992527,0.280347198676948,-1.31632769136586,-0.803373314139379,-0.354887595239134,-0.0126601097599064,"Lawyer","PhD","Medium"
-0.913378349578304,-0.87847286316347,1.36869911255776,-1.68716155483457,0.437696114416174,-0.0936937504679043,0.0790274862395087,-1.00332723989425,0.370418427301406,0.173992059040559,-1.18792726442453,-0.899724349863845,-1.49342812708031,-1.5094676783372,-1.68826287210046,"Software Engineer","Bachelor's","Medium"
0.188271621813041,0.036881138309342,0.629274132142386,-0.609532490875621,-1.458372954762,-1.27470741182804,0.28729904587511,-0.552492362415673,0.614267548722395,0.873738928296779,0.280347198676948,-0.760856569363174,0.0246924613897364,-0.879696723920075,1.41858391640599,"Teacher","High School","Low"
-0.150897642316205,0.952235139782153,1.65038481938266,0.189998750126182,1.12350833092743,-1.37891449959511,0.148451339451376,1.25084714749865,1.27614373543651,0.383916119817425,-0.383872201297532,0.523670400268029,0.887260977565898,-0.319900319993738,-0.0475685006420014,"Retail Worker","Bachelor's","High"
-0.0677956825585194,-1.22173061371577,1.33348839920465,1.02429221899763,-0.772560738250748,-1.3094431077504,1.22452106423532,1.14680832961898,-0.395964525735986,0.313941432891803,1.43399141968526,1.42631097352239,0.956266458859991,-1.01964582490166,0.825141271410372,"Mechanic","Master's","Medium"
1.28928590366521,-1.56498836426808,1.36869911255776,-1.20049036465956,-1.13563779405082,0.392605992445094,0.981537577993782,0.175779362742033,-1.54553895529208,0.768776897908346,-0.418831117085662,-0.621988788862503,1.68082401244797,0.309870634423391,0.755324489646182,"Teacher","High School","Low"
0.764986508740593,0.380138888861646,0.946170552320403,0.885243307519054,0.235986638971687,1.74729813341702,-0.129244073396093,0.730653058100286,1.03229461401552,-0.385805436364417,-0.139159790780618,1.63461264427339,-1.63143908966849,-0.56481124671151,-0.0126601097599064,"Software Engineer","Bachelor's","Medium"
-1.69692349657036,-1.22173061371577,1.40390982591087,-0.713819174484552,-0.409483682450671,1.12205560681459,-0.754058752302897,0.557255028300832,1.10196579156437,1.04867564561083,0.979525514439559,-1.42047852674136,-1.45892538643326,-0.669773072447699,-1.58353769945418,"Data Scientist","High School","Medium"
-1.40626890227184,0.952235139782153,-0.391836555097893,0.224760977995826,-1.5390567449398,-0.0242223586231903,-0.580499119273229,-1.03800684585414,0.509760782399114,0.628827524057102,1.15432009338021,1.28744319302172,0.680244533683619,0.659743386877352,-1.51372091768999,"Teacher","PhD","Low"
-0.783524313712158,-0.87847286316347,1.08701340573286,-0.922392541702414,-0.248116102095082,-1.20523601998333,-1.03175416515037,0.973410299819522,-0.848827179803536,-0.14089403212474,-1.22288618021266,0.627821235643532,0.783752755624759,-0.494836696220718,0.999683225820846,"Lawyer","Bachelor's","Medium"
-0.726658994934994,-0.420795862427064,0.664484845495499,0.815718851779767,0.760431275127353,-0.927350452604472,-1.41358535781563,-0.8299292100948,-1.33652542264551,-1.12053964908345,-0.593625696026315,-0.309536282735995,1.37029934662455,-1.05463310014706,1.66294265258065,"Software Engineer","High School","Medium"
-1.33510056886322,-0.420795862427064,1.33348839920465,1.51096340917264,0.397354219327277,1.01784851904752,-0.19866792660796,0.03706093890247,1.48515726808307,-0.385805436364417,-1.6074342538821,0.905556796644873,0.231708905272015,1.07959068982211,-1.4439041359258,"Chef","Master's","Medium"
0.291455592012865,-0.992892113347571,-0.884786542041476,1.40667672556371,-0.651535052984056,1.1915269986593,-1.41358535781563,-1.62756014717229,-0.91849835735239,-0.560742153678472,0.455141777617601,-1.28161074624069,-0.216826723139589,-1.05463310014706,1.27895035287761,"Chef","High School","Medium"
0.0362840319919613,1.06665438996625,-0.497468695157232,0.468096573083331,1.72863675726089,1.29573408642638,1.39808069726498,-1.52352132929262,1.17163696911323,1.01368830214802,1.39903250389712,-0.656705733987671,1.4048020872716,-0.354887595239134,0.476057362589423,"Retail Worker","Master's","High"
0.167293867020245,1.18107364015036,-0.250993701685441,0.189998750126182,-0.248116102095082,1.01784851904752,0.460858678904778,0.661293846180504,-0.953333946126817,1.67844782794143,0.560018524981992,-1.03859213036452,0.852758236918852,-1.15959492588324,-1.51372091768999,"UX Researcher","PhD","Medium"
1.57872690884349,-1.45056911408398,0.171534858551916,-1.06144145318099,-1.458372954762,1.57361965380523,-0.719346825696964,-1.17672526969371,1.69417080072963,-0.665704184066905,0.629936356558253,-0.934441294989012,0.162703423977922,-0.38987487048453,1.62803426169855,"Nurse","Master's","Low"
-1.02271695031651,-0.420795862427064,0.277166998611255,1.54572563704228,-0.812902633339646,-1.37891449959511,1.15509721102345,-0.41377393857611,0.300747249752552,-0.385805436364417,-0.348913285509401,-1.17745991086519,0.231708905272015,0.169921533441807,-1.05991183622275,"Nurse","PhD","Low"
-0.114229913897393,0.723396639413951,1.65038481938266,0.74619439604048,-0.0464066266505949,1.46941256603816,0.28729904587511,-1.24608448161349,0.161404894654845,-1.08555230562064,0.944566598651428,1.63461264427339,-0.492848648315961,-0.249925769502946,-0.257018845934571,"HR Specialist","High School","Medium"
0.971787873826043,0.151300388493443,1.01659197902663,0.433334345213688,-0.691876948072953,1.1915269986593,-1.0664660917563,1.66700241901734,-0.430800114510413,0.453890806743047,-1.46759859072958,-0.552554898612168,1.02527194015408,-0.0749893932759655,1.41858391640599,"Data Scientist","Bachelor's","Medium"
-1.19909190245869,1.18107364015036,1.50954196597021,1.68477454852086,-0.0867485217394923,0.253663208755666,1.15509721102345,-0.968647633934363,1.24130814666208,0.348928776354614,0.804730935498906,-1.45519547186653,0.921763718212945,-0.669773072447699,1.10440839846713,"Software Engineer","Bachelor's","Medium"
1.73213035263819,0.265719638677545,-0.81436511533525,1.58048786491193,0.437696114416174,1.71256243749466,-0.476363339455429,0.522575422340941,0.370418427301406,0.698802210982724,-1.6074342538821,-0.726139624238006,1.4048020872716,-0.284913044748342,1.62803426169855,"Software Engineer","High School","Medium"
-1.44357232022982,-1.56498836426808,1.756016959442,0.711432168170836,0.437696114416174,-0.336843621924403,1.43279262387092,0.175779362742033,0.614267548722395,-1.40043839678594,0.455141777617601,1.32216013814688,-1.1138979799628,0.834679763104332,-1.61844609033627,"Mechanic","Master's","Medium"
1.39183418432586,-1.56498836426808,1.68559553273578,-0.50524580726669,-1.70042432529539,0.566284472056879,-1.62185691745124,-0.0669778789772025,-0.813991591029109,-0.0709193451991179,-1.67735208545836,-1.55934630724203,-1.66594183031554,0.414832460159579,0.231698626414758,"Research Scientist","Master's","Low"
-1.25641954090071,0.494558139045748,0.312377711964368,-1.37430150400778,-0.288457997183979,0.357870296522737,-1.6912807706631,-1.5928805412124,0.614267548722395,1.39854908023894,1.2591968407446,-1.14274296574002,1.4048020872716,0.694730662122748,0.790232880528277,"Data Scientist","PhD","Medium"
1.39778655001087,-0.764053612979368,0.770116985554838,0.74619439604048,0.155302848793892,-0.475786405613831,1.08567335781158,1.52828399517777,1.27614373543651,-0.875628244843771,-0.174118706568749,-0.552554898612168,0.714747274330666,1.1495652403129,-0.955186663576469,"Marketing Manager","High School","Medium"
-0.485154760006366,0.837815889598052,0.629274132142386,-0.957154769572057,-1.458372954762,-1.37891449959511,0.356722899086977,-1.14204566373382,0.649103137496822,0.873738928296779,-0.0692419592043573,-1.42047852674136,0.369719867860201,-0.459849420975322,1.59312587081646,"Research Scientist","Master's","Low"
1.02842203277078,-1.45056911408398,-1.51857938239751,0.502858800952974,0.437696114416174,-1.17050032406097,-0.163956000002026,0.834691875979958,-1.68488131038978,-1.6103624575628,0.629936356558253,0.80140596126937,1.19778564338932,-0.354887595239134,-0.361744018580856,"Graphic Designer","PhD","Medium"
-0.730502027149101,-0.764053612979368,-0.849575828688363,-0.540008035136334,-1.66008243020649,-0.336843621924403,1.39808069726498,-0.968647633934363,0.614267548722395,-1.22550167947188,-0.523707864450054,-0.621988788862503,1.50831030921273,-0.249925769502946,0.685507707881992,"Doctor","Master's","Low"
0.183041630604369,1.63875064088676,-1.27210438892572,1.54572563704228,1.16385022601633,-1.58732867512926,-0.68463489909103,-0.552492362415673,-1.44103218896879,0.453890806743047,-0.523707864450054,0.454236510017693,-1.70044457096259,1.67437436899384,-1.12972861798694,"Truck Driver","Bachelor's","High"
-0.187247525965429,-1.56498836426808,1.4743312526171,1.09381667473692,-1.13563779405082,-1.62206437105161,0.113739412845442,0.522575422340941,0.89295225891781,-0.0709193451991179,1.57382708283778,-0.899724349863845,-1.49342812708031,-0.599798521956906,0.580782535235707,"Doctor","Master's","Low"
-1.0814315477531,-0.191957362058861,0.840538412261064,-1.33953927613814,0.599063694771764,-0.753671972992687,-0.997042238544432,0.383856998501378,-1.02300512367567,0.0690300286521262,-0.313954369721271,-0.934441294989012,-0.734367832845286,-0.249925769502946,-0.501377582109235,"Data Scientist","High School","Medium"
0.0844230670949876,-0.420795862427064,0.840538412261064,-1.13096590892028,1.44624349163861,0.635755863901593,1.05096143120565,1.21616754153876,-1.19718306754781,-1.22550167947188,0.38522394604134,0.905556796644873,-0.803373314139379,0.099946982951015,0.964774834938751,"Customer Support","Master's","High"
0.336618444273387,0.265719638677545,0.523641992083047,-1.44382595974707,-1.78110811547318,-0.37157931784676,-1.62185691745124,1.38956557133821,-1.68488131038978,-1.6103624575628,-1.1529683486364,0.454236510017693,0.128200683330876,0.554781561141164,1.38367552552389,"Teacher","PhD","Low"
0.780300847638915,-0.0775381118747595,-1.62421152245685,0.920005535388698,0.478038009505071,-1.5525929792069,-0.892906458726631,0.938730693859631,-0.430800114510413,-0.0709193451991179,1.11936117759208,-1.42047852674136,0.611239052389526,-1.01964582490166,-1.51372091768999,"Chef","PhD","Medium"
1.04720376915551,-0.764053612979368,-1.34252581563195,0.885243307519054,-0.490167472628466,-1.5525929792069,-1.3788734312097,1.18148793557887,-0.46563570328484,-0.665704184066905,-0.0342830434162267,0.454236510017693,-1.59693634902145,1.39447616703067,1.62803426169855,"Mechanic","High School","Medium"
-0.543089193008507,0.837815889598052,-0.321415128391667,1.33715226982442,-0.12709041682839,1.26099839050402,-1.62185691745124,-0.0322982730173117,1.55482844563192,-0.84064090138096,-0.803379190755098,0.454236510017693,1.47380756856569,-1.05463310014706,1.48840069817018,"UX Researcher","Master's","Medium"
-0.553578070404905,0.723396639413951,1.72080624608889,0.850481079649411,0.276328534060584,1.08731991089223,-1.10117801836223,1.56296360113766,-1.16234747877338,-1.6103624575628,0.699854188134514,-1.10802602061485,0.887260977565898,1.04460341457671,-0.885369881812279,"Lawyer","Master's","Medium"
0.752532772768562,1.63875064088676,-0.0045187082136494,1.37191449769406,0.558721799682866,-1.3094431077504,1.60635225690059,-0.8299292100948,-0.535306880833694,-1.19051433600907,-0.418831117085662,0.488953455142861,0.0246924613897364,1.1495652403129,0.510965753471518,"Marketing Manager","Bachelor's","Medium"
1.41018249602479,-0.87847286316347,0.206745571905029,-1.51335041548635,0.114960953704995,-0.37157931784676,-1.3788734312097,-0.656531180295346,1.38065050175979,0.348928776354614,1.39903250389712,-0.309536282735995,1.64632127180092,-0.494836696220718,0.929866444056657,"HR Specialist","Master's","Medium"
-0.0181541085447143,0.036881138309342,-1.37773652898506,1.1633411304762,1.5672691769053,1.12205560681459,-0.68463489909103,0.695973452140395,-0.988169534901244,-1.68033714448842,1.29415575653273,0.0723501136408495,1.64632127180092,-0.38987487048453,1.62803426169855,"Truck Driver","High School","High"
-0.971254992622339,1.06665438996625,0.0306920051394637,-0.679056946614908,0.518379904593969,1.15679130273695,-0.268091779819827,0.800012270020067,-0.186950993089425,0.873738928296779,1.7136627459903,-0.830290459613509,0.438725349154294,-0.424862145729926,0.196790235532663,"Chef","Master's","Medium"
-1.49627676202329,0.380138888861646,-0.0045187082136494,-0.157623528570254,1.6076110719942,-1.5525929792069,-1.41358535781563,-1.66223975313218,0.649103137496822,0.139004715577748,1.32911467232086,0.00291622339051411,-0.975887017374611,1.07959068982211,-0.710827927401805,"Security Guard","Bachelor's","High"
0.870106442536998,0.723396639413951,-0.884786542041476,-1.13096590892028,1.28487591128302,-1.5525929792069,-1.5871449908453,0.00238133294257918,-0.988169534901244,-1.68033714448842,-0.698502443390707,-0.0665176668598212,-0.389340426374821,-1.26455675161943,0.301515408178948,"Truck Driver","High School","High"
-0.990585733609089,-0.764053612979368,0.629274132142386,-0.366196895788116,0.921798855482943,0.0105133372991668,1.36336877065905,-0.101657484937093,-1.0578407124501,-1.40043839678594,1.53886816704965,0.836122906394537,-0.665362351551193,-0.704760347693095,1.41858391640599,"Security Guard","Bachelor's","High"
0.390565370166154,0.494558139045748,0.136324145198803,0.74619439604048,-0.167432311917287,-1.58732867512926,-0.927618385332565,1.38956557133821,0.0568981283315639,1.15363767599927,0.210429367100687,1.53046180889789,1.4048020872716,-0.0749893932759655,-0.60610275475552,"Chef","High School","Medium"
0.112971306399784,1.63875064088676,0.594063418789273,0.016187610777964,0.518379904593969,-1.10102893221626,-0.580499119273229,0.661293846180504,-0.883662768577963,-0.175881375587551,1.60878599862591,0.454236510017693,1.54281304985978,0.76470521261354,0.790232880528277,"Chef","Master's","Medium"
-1.40083664620979,0.494558139045748,-0.0045187082136494,-0.574770263005978,-1.458372954762,-0.823143364837401,-1.51772113763344,1.00808990577941,0.405254016075833,1.18862501946208,0.000675872371903821,1.66932958939856,1.57731579050683,-0.809722173429283,-0.361744018580856,"Teacher","PhD","Low"
1.24686807441476,-0.764053612979368,0.981381265673517,1.44143895343335,0.235986638971687,-0.0589580545455473,-0.406939486243561,-0.275055514736547,1.20647255788765,1.71343517140424,-1.57247533809397,0.280651784391855,0.0591952020367829,-0.424862145729926,1.24404196199551,"Data Scientist","High School","Medium"
-0.96411793279614,-0.191957362058861,-0.110150848272989,-1.65239932696493,-1.01461210878413,-1.34417880367276,-0.129244073396093,0.279818180621705,0.718774315045675,-0.280843405975984,0.839689851287036,-1.28161074624069,0.507730830448387,1.1495652403129,1.38367552552389,"Teacher","Master's","Low"
-0.825450928318695,0.608977389229849,-0.673522261922798,-1.16572813678992,1.16385022601633,0.149456120988595,-1.03175416515037,1.56296360113766,1.38065050175979,-1.6103624575628,0.210429367100687,1.00970763202038,-0.872378795433472,0.0649597077056189,-0.291927236816666,"Truck Driver","Bachelor's","High"
-0.09394563860188,1.52433139070266,0.382799138670594,1.7195367763905,-0.207774207006184,0.184191816910952,-0.580499119273229,1.32020635941843,1.24130814666208,-1.08555230562064,1.39903250389712,-1.21217685599035,-1.38991990513917,0.519794285895768,-0.361744018580856,"Lawyer","Master's","Medium"
-0.549821723127958,-0.0775381118747595,0.523641992083047,-1.548112643356,-0.328799892272877,-0.128429446390261,-0.788770678908831,-1.55820093525251,-1.44103218896879,1.08366298907365,1.43399141968526,-1.21217685599035,-0.872378795433472,0.519794285895768,1.59312587081646,"Data Scientist","High School","Medium"
-0.785575857224952,-1.10731136353167,1.29827768585153,-1.40906373187742,1.04282454074964,-1.41365019551747,-1.3788734312097,0.0717405448623608,0.649103137496822,1.04867564561083,0.699854188134514,-0.483121008361833,0.197206164624969,1.49943799276686,-0.361744018580856,"Truck Driver","High School","High"
1.26235578318741,-0.649634362795267,0.0659027184925768,-0.679056946614908,-0.409483682450671,0.983112823125163,1.36336877065905,0.00238133294257918,0.962623436466664,-1.05056496215783,0.175470451312557,0.488953455142861,-0.0443130199043566,-1.33453130211022,0.825141271410372,"HR Specialist","High School","Medium"
1.74478635346359,-0.764053612979368,0.488431278729934,-1.13096590892028,-1.74076622038429,-0.684200581147973,-1.5871449908453,1.18148793557887,0.683938726271249,0.243966745966181,1.36407358810899,-1.35104463649102,0.714747274330666,-1.22956947637404,-1.51372091768999,"Doctor","High School","Low"
-1.65831980455497,-0.87847286316347,1.57996339267644,-0.192385756439898,0.841115065305148,0.288398904678023,-1.03175416515037,-1.69691935909207,0.89295225891781,-1.19051433600907,1.53886816704965,0.315368729517023,-1.42442264578622,-0.984658549656263,0.406240580825233,"Retail Worker","Master's","High"
-0.662541036415417,-1.33614986389988,0.10111343184569,1.05905444686727,0.478038009505071,0.705227255746307,1.36336877065905,-1.03800684585414,-1.12751188999895,1.08366298907365,-0.628584611814446,0.0376331685156818,0.818255496271805,-0.354887595239134,-1.26936218151532,"UX Researcher","High School","Medium"
0.00178342700215734,-1.10731136353167,1.12222411908597,-1.68716155483457,1.36555970146081,-0.0936937504679043,-0.823482605514764,-1.17672526969371,-1.09267630122453,0.803764241371157,0.140511535524426,1.66932958939856,-0.906881536080518,1.60439981850305,0.0920650628863784,"Construction Worker","PhD","High"
-0.468482357092532,0.608977389229849,-1.69463294916308,-1.51335041548635,-1.70042432529539,-0.545257797458545,-1.30944957799783,-0.240375908776656,-1.12751188999895,1.01368830214802,1.29415575653273,-0.37897017298633,0.0246924613897364,1.56941254325765,0.161881844650568,"Nurse","Bachelor's","Low"
0.40238341659901,-0.0775381118747595,-1.27210438892572,1.26762781408513,-0.00606473156169745,-1.65680006697397,1.64106418350652,1.63232281305745,-0.430800114510413,1.60847314101581,-1.25784509600079,0.627821235643532,-1.07939523931575,-0.879696723920075,0.999683225820846,"Data Scientist","Master's","Medium"
-0.693920983667449,-1.33614986389988,-1.72984366251619,-0.296672440048828,-1.5793986400287,0.635755863901593,-1.0664660917563,1.18148793557887,-0.813991591029109,-0.350818092901606,-0.698502443390707,0.488953455142861,-1.38991990513917,-0.0749893932759655,-0.571194363873425,"Teacher","Bachelor's","Low"
-0.0762041214630696,-0.992892113347571,-1.51857938239751,1.1633411304762,-1.66008243020649,-1.41365019551747,-1.03175416515037,-1.38480290545305,0.0568981283315639,1.74842251486705,-1.64239316967023,-0.135951557110156,-0.389340426374821,-0.56481124671151,-0.571194363873425,"Teacher","High School","Low"
1.23106252087253,-1.67940761445218,-1.69463294916308,0.954767763258342,-0.409483682450671,-0.406315013769117,-0.268091779819827,-0.691210786255237,-1.44103218896879,-1.33046370986031,-0.698502443390707,1.11385846739588,-1.28641168319803,0.834679763104332,-0.710827927401805,"Lawyer","Master's","Medium"
-0.279942618768855,-0.87847286316347,-0.250993701685441,-1.13096590892028,-0.812902633339646,-1.10102893221626,0.252587119269176,0.245138574661815,-0.46563570328484,1.60847314101581,1.18927900916834,1.14857541252105,1.61181853115387,-0.144963943766757,-1.37408735416161,"Nurse","Master's","Low"
0.0260263144279911,1.18107364015036,-0.427047268451006,-1.06144145318099,-1.33734726949531,1.50414826196052,-1.13588994496817,1.21616754153876,-0.291457759412706,-1.22550167947188,1.22423792495647,1.63461264427339,-0.734367832845286,-0.704760347693095,-0.361744018580856,"Research Scientist","Bachelor's","Low"
-0.110531356578553,-1.56498836426808,-1.72984366251619,-0.957154769572057,1.5269272818164,-0.302107926002046,-0.580499119273229,1.28552675345854,1.45032167930864,1.60847314101581,-0.803379190755098,1.42631097352239,0.818255496271805,-1.22956947637404,0.406240580825233,"Customer Support","PhD","High"
0.810698365603131,1.29549289033446,0.45322056537682,-0.957154769572057,-0.409483682450671,1.01784851904752,0.669130238540379,1.32020635941843,-0.361128936961559,0.20897940250337,0.839689851287036,1.63461264427339,1.68082401244797,1.74434891948463,1.38367552552389,"Lawyer","PhD","Medium"
-1.42060081188234,0.952235139782153,-1.72984366251619,0.711432168170836,-1.5793986400287,-1.51785728328454,0.703842165146313,0.90405108789974,0.544596371173541,-0.420792779827228,0.0356347881600344,1.49574486377272,0.783752755624759,-0.00501484278517327,0.336423799061043,"Research Scientist","Bachelor's","Low"
-0.442563560881599,0.952235139782153,-0.391836555097893,-1.37430150400778,1.12350833092743,-0.267372230079689,-0.788770678908831,0.106420150822252,-0.709484824705829,-1.36545105332312,-1.08305051706014,1.46102791864756,0.438725349154294,-0.669773072447699,-0.431560800345046,"Construction Worker","Bachelor's","High"
-1.03499731641422,-0.764053612979368,0.594063418789273,0.294285433735113,-0.89358642351744,0.462077384289808,1.43279262387092,-1.69691935909207,1.34581491298536,0.803764241371157,-1.1529683486364,-0.830290459613509,0.128200683330876,-1.33453130211022,1.03459161670294,"AI Engineer","Bachelor's","Low"
-1.013788401789,-1.22173061371577,-0.708732975275911,-1.47858818761671,1.80932054743869,-0.857879060759758,-1.4830092110275,-0.587171968375564,1.62449962318078,1.04867564561083,-0.0692419592043573,-0.656705733987671,-0.285832204433682,-1.68440405456418,0.790232880528277,"Retail Worker","High School","High"
-1.17224846691805,1.40991214051856,0.0659027184925768,0.25952320586547,-0.812902633339646,1.6778267415723,-0.68463489909103,-1.45416211737283,1.20647255788765,-1.19051433600907,-1.67735208545836,-0.0318007217346536,-1.28641168319803,1.67437436899384,-1.68826287210046,"HR Specialist","PhD","Low"
0.688270339353718,1.52433139070266,1.15743483243908,-0.88763031383277,-0.89358642351744,-0.649464885225616,-1.4830092110275,-1.69691935909207,-0.779156002254683,-0.0709193451991179,-1.74726991703462,0.280651784391855,-0.5963568702571,-0.38987487048453,-0.81555310004809,"Teacher","High School","Low"
1.13752947367656,-0.649634362795267,-0.955207968747702,-1.27001482039885,-0.933928318606338,-0.37157931784676,-1.44829728442157,-0.933968027974472,-0.674649235931402,0.978700958685212,-1.67735208545836,-0.0665176668598212,-0.320334945080728,1.63938709374844,-1.09482022710485,"Teacher","Bachelor's","Low"
-1.45562152649511,0.608977389229849,-1.06084010880704,0.189998750126182,0.0746190586160974,-1.44838589143983,-0.129244073396093,-0.136337090896984,-0.639813647156975,-0.735678870992527,-0.978173769695751,-1.6982140877427,-1.73494731160963,0.309870634423391,-0.710827927401805,"Mechanic","Master's","Medium"
-0.293638838840184,-0.764053612979368,0.629274132142386,0.120474294386895,0.679747484949559,1.15679130273695,0.807977944964114,-1.28076408757338,0.579431959947968,0.698802210982724,0.909607682863297,-0.830290459613509,0.473228089801341,0.414832460159579,-0.361744018580856,"Graphic Designer","High School","Medium"
1.3022019593021,-0.191957362058861,-1.44815795569129,0.502858800952974,-1.21632158422862,-0.996821844449186,1.12038528441752,1.28552675345854,-1.02300512367567,-1.43542574024875,0.350265030253209,-0.0665176668598212,-0.251329463786635,0.904654313595124,1.66294265258065,"Nurse","Bachelor's","Low"
-1.3938151662998,0.837815889598052,-1.72984366251619,0.3638098894744,0.235986638971687,1.15679130273695,-1.03175416515037,0.0717405448623608,-0.186950993089425,0.593840180594291,-1.53751642230584,1.32216013814688,0.0246924613897364,1.32450161653988,-0.53628597299133,"Mechanic","Bachelor's","Medium"
0.616524106364033,-0.992892113347571,1.61517410602955,1.54572563704228,0.720089380038456,-1.58732867512926,-0.337515633031694,-1.52352132929262,-0.674649235931402,-1.12053964908345,0.42018286182947,0.974990686895208,0.0246924613897364,1.04460341457671,-1.68826287210046,"Graphic Designer","High School","Medium"
-0.316581452208613,-0.191957362058861,-1.13126153551327,-0.122861300700611,-0.0867485217394923,1.29573408642638,1.64106418350652,-0.8299292100948,-1.51070336651765,0.55885283713148,0.000675872371903821,0.245934839266687,-1.5624336083744,0.974628864085917,-0.920278272694374,"UX Researcher","Bachelor's","Medium"
-0.926467775089512,-0.87847286316347,-0.955207968747702,1.58048786491193,-1.66008243020649,0.809434343513378,-0.858194532120698,-0.275055514736547,1.72900638950406,-1.36545105332312,1.32911467232086,1.56517875402306,0.680244533683619,-1.71939132980958,1.13931678934923,"AI Engineer","Bachelor's","Low"
-0.630785454435689,0.265719638677545,1.68559553273578,1.19810335834585,-1.37768916458421,0.67049155982395,-0.0251082935782921,-0.517812756455783,0.44008960485026,0.978700958685212,0.490100693405731,1.14857541252105,-1.1138979799628,-0.459849420975322,-0.641011145637615,"AI Engineer","PhD","Low"
-1.11677010713545,-0.87847286316347,-0.215782988332328,1.58048786491193,0.0746190586160974,-0.71893627707033,-0.511075266061362,0.383856998501378,-0.535306880833694,0.173992059040559,-0.803379190755098,-0.517837953487001,0.714747274330666,0.274883359177995,-1.4089957450437,"Lawyer","Bachelor's","Medium"
-0.788580935046509,1.29549289033446,-1.58900080910374,-1.44382595974707,0.316670429149482,0.739962951668664,-1.65656884405717,0.48789581638105,-1.65004572161536,1.64346048447862,0.699854188134514,-1.07330907548968,-1.18290346125689,0.239896083932599,0.476057362589423,"Financial Analyst","PhD","Medium"
1.15784264395112,-0.87847286316347,-0.708732975275911,-1.61763709909529,0.437696114416174,-1.5525929792069,0.877401798175981,-1.55820093525251,-0.883662768577963,1.22361236292489,1.57382708283778,-0.309536282735995,1.61181853115387,0.449819735404976,-0.257018845934571,"Lawyer","PhD","Medium"
-0.979258901820141,-0.191957362058861,-0.708732975275911,-0.783343630223839,0.235986638971687,-0.37157931784676,-1.24002572478597,-1.48884172333273,0.997459025241091,0.663814867519913,-0.313954369721271,1.39159402839722,-0.320334945080728,0.729717937368144,1.45349230728808,"Data Scientist","High School","Medium"
0.420731728297943,-0.764053612979368,0.0306920051394637,0.641907712431549,-0.12709041682839,0.531548776134522,-0.823482605514764,-0.240375908776656,-1.02300512367567,-1.57537511409999,0.315306114465078,1.25272624789655,-1.63143908966849,-1.05463310014706,-0.117385282406191,"Graphic Designer","PhD","Medium"
-1.31111773624887,1.63875064088676,-0.567890121863458,-1.27001482039885,0.19564474388279,0.288398904678023,-0.0945321467901593,1.25084714749865,-0.813991591029109,-1.68033714448842,-0.628584611814446,-1.6982140877427,0.128200683330876,-0.424862145729926,1.10440839846713,"UX Researcher","PhD","Medium"
-0.667886607540302,-0.420795862427064,-0.250993701685441,-0.957154769572057,-0.12709041682839,0.496813080212165,-1.0664660917563,0.938730693859631,-0.604978058382548,1.53849845409019,0.0356347881600344,1.21800930277138,0.404222608507248,0.169921533441807,0.650599316999897,"Lawyer","PhD","Medium"
1.24603012002222,0.952235139782153,1.4743312526171,0.711432168170836,0.19564474388279,0.114720425066238,-1.10117801836223,-1.31544369353327,-0.047608637991717,-1.15552699254626,0.280347198676948,0.523670400268029,0.0936979426838294,-1.61442950407339,-1.51372091768999,"Chef","PhD","Medium"
1.32046358606387,1.29549289033446,1.26306697249842,-0.296672440048828,-0.0464066266505949,1.22626269458166,-1.41358535781563,-0.37909433261622,-0.361128936961559,0.0340426851893152,-1.36272184336519,-1.38576158161619,-0.285832204433682,-1.64941677931879,-0.850461490930185,"Data Scientist","High School","Medium"
-1.1100953669741,1.63875064088676,-0.0397294215667625,-1.68716155483457,0.276328534060584,1.26099839050402,0.738554091752246,1.11212872365908,0.474925193624687,0.0690300286521262,-0.978173769695751,-0.760856569363174,-0.630859610904147,-1.61442950407339,1.45349230728808,"Marketing Manager","Bachelor's","Medium"
-1.26508803461674,-0.420795862427064,-1.37773652898506,0.224760977995826,1.28487591128302,0.635755863901593,0.356722899086977,-1.31544369353327,0.544596371173541,0.418903463280236,0.105552619736295,-0.344253227861162,1.54281304985978,1.21953979080369,0.336423799061043,"Security Guard","PhD","High"
0.828208722909514,0.151300388493443,0.981381265673517,-1.06144145318099,0.316670429149482,1.26099839050402,1.60635225690059,-0.101657484937093,1.62449962318078,-0.280843405975984,-0.978173769695751,0.0376331685156818,0.507730830448387,-0.144963943766757,0.266607017296853,"HR Specialist","Bachelor's","Medium"
1.6792525409704,-1.45056911408398,0.0659027184925768,1.58048786491193,1.28487591128302,-0.857879060759758,0.912113724781914,-0.552492362415673,1.10196579156437,-1.50540042717437,-0.593625696026315,-1.42047852674136,-1.42442264578622,0.554781561141164,-0.361744018580856,"Truck Driver","Bachelor's","High"
0.639553404669622,0.952235139782153,0.0659027184925768,-0.679056946614908,0.357012324238379,0.427341688367451,1.05096143120565,0.48789581638105,-1.16234747877338,0.628827524057102,-0.383872201297532,-0.135951557110156,1.43930482791864,-0.494836696220718,0.406240580825233,"HR Specialist","Bachelor's","Medium"
0.441276058404937,-0.87847286316347,1.26306697249842,-1.72192378270422,0.155302848793892,-1.69153576289633,0.738554091752246,-0.933968027974472,-0.430800114510413,-0.385805436364417,1.22423792495647,-1.38576158161619,0.57673631174248,1.67437436899384,-1.65335448121837,"Marketing Manager","Master's","Medium"
-0.120644599247256,-1.22173061371577,-1.69463294916308,1.19810335834585,1.76897865234979,1.71256243749466,-0.129244073396093,1.28552675345854,-1.33652542264551,-0.210868719050362,-0.663543527602576,-0.344253227861162,0.680244533683619,-1.43949312784641,1.76766782522693,"Retail Worker","Master's","High"
1.61993114897369,0.837815889598052,1.29827768585153,1.1633411304762,0.437696114416174,-1.58732867512926,0.0790274862395087,-0.587171968375564,-1.37136101141994,-0.525754810215661,0.490100693405731,-0.934441294989012,-0.216826723139589,-0.354887595239134,-1.54862930857208,"Chef","PhD","Medium"
-1.68340064637335,-1.33614986389988,0.418009852023707,1.65001232065121,-0.328799892272877,-0.267372230079689,-0.337515633031694,1.45892478325799,-0.326293348187133,-0.175881375587551,-0.873297022331359,-1.73293103286787,-1.35541716449212,0.694730662122748,0.650599316999897,"UX Researcher","High School","Medium"
0.866899099862066,1.40991214051856,-0.110150848272989,-0.679056946614908,1.5269272818164,1.1915269986593,1.39808069726498,-1.14204566373382,0.683938726271249,1.64346048447862,0.525059609193862,-0.517837953487001,0.473228089801341,0.659743386877352,-0.326835627698761,"Retail Worker","Bachelor's","High"
0.464565411522007,1.40991214051856,0.382799138670594,1.05905444686727,1.80932054743869,-0.962086148526829,0.703842165146313,-1.62756014717229,1.62449962318078,-1.68033714448842,-0.488748948661924,-1.45519547186653,0.404222608507248,-0.56481124671151,0.825141271410372,"Retail Worker","PhD","High"
0.695811928886665,0.380138888861646,-0.286204415038554,-0.50524580726669,-1.74076622038429,-1.03155754037154,0.495570605510712,0.00238133294257918,-1.51070336651765,0.173992059040559,-1.57247533809397,0.0376331685156818,1.57731579050683,-0.669773072447699,0.790232880528277,"Research Scientist","PhD","Low"
-0.771966322090783,-1.56498836426808,0.805327698907951,0.0857120665172512,0.478038009505071,0.705227255746307,-0.892906458726631,0.106420150822252,0.196240483429272,-0.14089403212474,-1.11800943284827,-0.96915824011418,-0.768870573492332,-1.71939132980958,1.48840069817018,"Mechanic","High School","Medium"
-1.11388060923011,-1.22173061371577,-0.673522261922798,0.537621028822618,1.36555970146081,0.531548776134522,-0.233379853213894,-0.309735120696438,-1.33652542264551,0.453890806743047,-1.11800943284827,0.593104290518364,1.61181853115387,-0.844709448674679,-1.23445379063323,"Retail Worker","PhD","High"
-1.05447253229624,1.18107364015036,-0.427047268451006,-0.991916997441701,1.28487591128302,0.0799847291438808,-0.511075266061362,0.869371481939849,1.38065050175979,-0.980590275232204,1.18927900916834,-1.28161074624069,-0.941384276727565,0.204908808687203,-0.641011145637615,"Security Guard","PhD","High"
1.23554124262582,1.63875064088676,-0.743943688629024,1.40667672556371,-1.66008243020649,0.913641431280449,0.77326601835818,-1.35012329949316,-0.604978058382548,-1.05056496215783,-1.67735208545836,-1.14274296574002,-1.0448924986687,-1.15959492588324,-1.4089957450437,"Teacher","PhD","Low"
-1.63774657946892,1.40991214051856,-1.27210438892572,0.885243307519054,-1.4987148498509,0.0452490332215238,0.946825651387848,0.869371481939849,-1.16234747877338,-1.36545105332312,0.315306114465078,0.836122906394537,-1.21740620190394,-0.459849420975322,1.3138587437597,"Research Scientist","Bachelor's","Low"
-0.565193851984387,1.29549289033446,0.594063418789273,-1.68716155483457,-0.933928318606338,-0.336843621924403,0.530282532116645,-0.344414726656329,1.31097932421093,0.55885283713148,0.280347198676948,1.66932958939856,-0.768870573492332,-1.5094676783372,0.0920650628863784,"Doctor","PhD","Low"
-0.896301416957723,1.06665438996625,-0.180572274979215,0.433334345213688,-1.21632158422862,-0.37157931784676,1.25923299084125,0.522575422340941,1.34581491298536,1.46852376716457,-1.1529683486364,0.627821235643532,-0.630859610904147,1.18455251555829,0.825141271410372,"Nurse","PhD","Low"
0.421771947543866,0.151300388493443,1.54475267932333,0.641907712431549,1.76897865234979,-1.03155754037154,1.29394491744718,0.591934634260723,0.161404894654845,1.15363767599927,0.455141777617601,0.593104290518364,-0.872378795433472,1.1145779650675,0.545874144353612,"Construction Worker","PhD","High"
-1.5968023941502,-0.0775381118747595,0.523641992083047,1.68477454852086,0.155302848793892,0.67049155982395,0.217875192663243,0.973410299819522,1.6593352119552,0.173992059040559,-0.27899545393314,1.25272624789655,1.61181853115387,-1.29954402686483,0.301515408178948,"UX Researcher","Bachelor's","Medium"
-0.470042685961418,0.952235139782153,0.10111343184569,-0.296672440048828,1.44624349163861,-0.788407668915044,-0.511075266061362,1.70168202497723,0.474925193624687,1.32857439331332,1.08440226180395,0.523670400268029,1.16328290274227,-0.739747622938491,0.510965753471518,"Retail Worker","PhD","High"
1.67448486942658,-0.649634362795267,0.418009852023707,-1.13096590892028,1.08316643583853,-0.71893627707033,0.356722899086977,1.63232281305745,1.55482844563192,-0.910615588306582,-0.698502443390707,-1.5940632523672,-0.354837685727775,1.1495652403129,1.48840069817018,"Security Guard","Master's","High"
0.241207223438938,-0.191957362058861,-0.81436511533525,-0.957154769572057,-0.248116102095082,1.05258421496988,0.530282532116645,1.00808990577941,0.265911660978125,-0.805653557918149,-0.94321485390762,-1.6982140877427,0.956266458859991,1.21953979080369,0.964774834938751,"Software Engineer","Master's","Medium"
-1.69021986142996,0.608977389229849,-1.58900080910374,-1.33953927613814,-0.0867485217394923,-0.0589580545455473,1.12038528441752,0.626614240220614,-1.23201865632223,-0.910615588306582,-0.733461359178837,-1.31632769136586,-0.734367832845286,0.799692487858936,-0.885369881812279,"Financial Analyst","High School","Medium"
-1.46998233108466,-0.649634362795267,-0.110150848272989,-0.609532490875621,-1.41803105967311,0.739962951668664,0.0790274862395087,-1.69691935909207,1.45032167930864,-1.47041308371156,1.53886816704965,-1.62878019749237,0.921763718212945,0.099946982951015,0.0571566720042835,"AI Engineer","Master's","Low"
1.33673145927095,-1.67940761445218,-0.919997255394589,0.989529991127985,0.639405589860661,0.114720425066238,-0.511075266061362,-1.52352132929262,0.614267548722395,-0.735678870992527,-1.53751642230584,0.593104290518364,-0.0443130199043566,-1.71939132980958,-1.33917896327951,"Software Engineer","High School","Medium"
-0.015293505618424,1.06665438996625,-1.55379009575062,1.30239004195478,-1.4987148498509,-1.41365019551747,0.912113724781914,0.0717405448623608,-0.674649235931402,-0.280843405975984,-1.67735208545836,0.558387345393196,-0.458345907668914,0.729717937368144,0.476057362589423,"Teacher","PhD","Low"
-0.589639004263595,0.837815889598052,1.01659197902663,0.468096573083331,-1.41803105967311,-0.37157931784676,-1.30944957799783,0.973410299819522,0.89295225891781,-0.84064090138096,1.2591968407446,0.315368729517023,-0.0788157605514031,-1.68440405456418,-0.396652409462951,"Nurse","Bachelor's","Low"
0.176771420149773,0.265719638677545,-1.44815795569129,-0.122861300700611,0.80077317021625,0.774698647591021,0.18316326605731,0.106420150822252,-1.61521013284093,1.64346048447862,1.50390925126152,0.627821235643532,-1.38991990513917,-1.01964582490166,-1.09482022710485,"Graphic Designer","High School","Medium"
0.358694208270213,-1.45056911408398,-1.02562939545393,0.711432168170836,0.0746190586160974,-1.65680006697397,0.842689871570047,-1.07268645181404,1.10196579156437,-0.455780123290039,-0.558666780238185,-1.6982140877427,1.68082401244797,0.379845184914183,-0.257018845934571,"Graphic Designer","PhD","Medium"
-1.37436884539684,1.06665438996625,0.699695558848612,-0.748581402354195,-0.812902633339646,1.57361965380523,0.842689871570047,1.63232281305745,-1.37136101141994,-0.735678870992527,-0.873297022331359,-1.48991241699169,1.61181853115387,-1.5444549535826,1.27895035287761,"Research Scientist","Bachelor's","Low"
-1.28493888522645,0.380138888861646,-0.427047268451006,-1.65239932696493,-0.812902633339646,-1.03155754037154,-0.0251082935782921,-0.136337090896984,0.300747249752552,0.978700958685212,-0.418831117085662,-1.17745991086519,1.02527194015408,-0.599798521956906,-0.710827927401805,"Software Engineer","Master's","Low"
0.122593334424578,0.151300388493443,-1.72984366251619,-0.0533368449613233,-0.611193157895159,-1.10102893221626,-0.0598202201842257,1.28552675345854,1.17163696911323,1.67844782794143,-0.0692419592043573,0.176500949016352,1.09427742144818,0.694730662122748,-1.09482022710485,"UX Researcher","High School","Medium"
-0.237842634287997,-0.535215112611165,-1.30731510227883,-1.13096590892028,-0.933928318606338,0.114720425066238,0.738554091752246,-0.448453544536001,0.0917337171059909,1.71343517140424,-0.593625696026315,0.593104290518364,-1.14840072060984,-1.33453130211022,0.999683225820846,"AI Engineer","Bachelor's","Low"
1.07872819130281,1.40991214051856,0.594063418789273,-1.16572813678992,1.04282454074964,1.4346768701158,-0.719346825696964,1.11212872365908,-0.744320413480256,1.573485797553,1.43399141968526,-1.5940632523672,0.921763718212945,-1.15959492588324,-0.955186663576469,"Truck Driver","Master's","High"
-0.928056998937451,-0.764053612979368,0.277166998611255,-0.574770263005978,1.36555970146081,-1.13576462813861,-1.65656884405717,0.245138574661815,0.0568981283315639,0.698802210982724,0.525059609193862,1.39159402839722,-0.147821241845496,-1.71939132980958,0.476057362589423,"Customer Support","Bachelor's","High"
1.08502729673646,1.52433139070266,0.488431278729934,0.294285433735113,-0.449825577539569,-0.475786405613831,1.43279262387092,-0.101657484937093,0.300747249752552,1.573485797553,-0.104200874992488,-0.37897017298633,1.3357966059775,1.42946344227607,-0.501377582109235,"Mechanic","PhD","Medium"
-0.510957976301085,1.52433139070266,1.61517410602955,-1.51335041548635,0.841115065305148,0.0799847291438808,-0.719346825696964,0.279818180621705,0.753609903820102,-1.47041308371156,1.32911467232086,-0.760856569363174,-0.423843167021868,-0.56481124671151,1.20913357111342,"Truck Driver","Bachelor's","High"
-1.15077949748134,-1.10731136353167,-0.990418682100815,-0.366196895788116,-0.974270213695235,-1.20523601998333,-0.233379853213894,1.49360438921788,-0.01277304921729,0.838751584833968,1.15432009338021,-1.03859213036452,-0.975887017374611,0.904654313595124,0.894958053174562,"AI Engineer","High School","Low"
-1.38621578680875,0.837815889598052,-0.638311548569685,-0.331434667918472,1.6479529670831,-0.267372230079689,1.50221647708279,1.73636163093712,0.962623436466664,0.628827524057102,-0.383872201297532,-1.48991241699169,0.231708905272015,-0.494836696220718,-0.501377582109235,"Truck Driver","High School","High"
1.52937428462022,1.40991214051856,-0.145361561626102,0.885243307519054,-0.167432311917287,-1.20523601998333,-0.129244073396093,1.56296360113766,1.03229461401552,-0.980590275232204,-0.383872201297532,1.49574486377272,-1.32091442384508,-0.879696723920075,-0.81555310004809,"Marketing Manager","Bachelor's","Medium"
-0.471863069641785,1.52433139070266,-0.321415128391667,-1.44382595974707,0.19564474388279,-1.37891449959511,0.391434825692911,0.03706093890247,-0.047608637991717,-1.47041308371156,0.490100693405731,-0.240102392485659,-0.320334945080728,0.344857909668787,0.406240580825233,"UX Researcher","Master's","Medium"
0.598753694246169,-0.535215112611165,-1.30731510227883,-0.88763031383277,0.276328534060584,0.288398904678023,0.912113724781914,0.834691875979958,1.20647255788765,-0.385805436364417,-0.523707864450054,1.14857541252105,-0.906881536080518,-0.144963943766757,-1.05991183622275,"Mechanic","PhD","Medium"
1.06283595282342,-0.649634362795267,-0.321415128391667,-0.991916997441701,0.316670429149482,-0.892614756682115,1.53692840368872,-0.448453544536001,0.544596371173541,-0.49076746675285,1.08440226180395,1.39159402839722,0.990769199507038,1.21953979080369,-1.37408735416161,"UX Researcher","High School","Medium"
1.12955445945781,0.036881138309342,0.418009852023707,1.30239004195478,-1.13563779405082,-1.03155754037154,0.391434825692911,-1.41948251141294,0.683938726271249,-0.280843405975984,-1.22288618021266,1.66932958939856,1.37029934662455,1.35948889178527,1.03459161670294,"Nurse","Master's","Low"
1.45684788719609,-1.22173061371577,0.55885270543616,-1.33953927613814,0.639405589860661,1.33046978234873,0.877401798175981,1.49360438921788,0.161404894654845,-0.14089403212474,1.64374491441404,-0.135951557110156,0.473228089801341,-0.459849420975322,0.510965753471518,"Lawyer","PhD","Medium"
-0.94276454327565,-1.56498836426808,0.418009852023707,0.0509498386476076,1.12350833092743,0.496813080212165,1.43279262387092,-1.69691935909207,-1.30168983387109,-1.2954763663975,1.46895033547339,0.558387345393196,1.54281304985978,0.274883359177995,-0.117385282406191,"Security Guard","PhD","High"
0.149841299671969,1.18107364015036,-1.20168296221949,-0.400959123657759,-0.0464066266505949,-0.684200581147973,-0.441651412849495,-1.45416211737283,-1.0578407124501,-0.525754810215661,1.04944334601582,-1.10802602061485,-0.527351388963007,-1.5444549535826,0.231698626414758,"UX Researcher","High School","Medium"
0.0608447641873829,-0.420795862427064,1.29827768585153,1.12857890260656,-0.369141787361774,-1.23997171590569,-1.1706018715741,1.63232281305745,0.579431959947968,-1.57537511409999,-1.25784509600079,-0.0318007217346536,-1.01038975802166,1.04460341457671,0.266607017296853,"Mechanic","Master's","Medium"
1.05777933148907,-1.56498836426808,-0.145361561626102,-0.818105858093483,0.155302848793892,0.774698647591021,-0.441651412849495,0.00238133294257918,1.17163696911323,-1.19051433600907,0.175470451312557,-0.517837953487001,0.680244533683619,-1.68440405456418,0.615690926117802,"Marketing Manager","High School","Medium"
1.13660483434685,0.036881138309342,-1.55379009575062,0.780956623910123,1.44624349163861,1.36520547827109,0.0790274862395087,0.106420150822252,0.718774315045675,-0.595729497141283,-1.6074342538821,-0.934441294989012,-0.906881536080518,-0.56481124671151,1.55821747993436,"Retail Worker","PhD","High"
-1.37928099183593,1.29549289033446,1.54475267932333,1.75429900426014,1.24453401619412,-0.927350452604472,0.217875192663243,1.32020635941843,-0.117279815540571,0.0690300286521262,-1.29280401178893,-0.274819337610827,-0.389340426374821,-0.529823971466114,1.38367552552389,"Security Guard","High School","High"
-0.998127323142036,1.29549289033446,1.65038481938266,-1.68716155483457,-0.853244528428543,0.184191816910952,0.703842165146313,-1.07268645181404,0.509760782399114,1.36356173677613,-1.25784509600079,-1.28161074624069,-0.69986509219824,-1.19458220112864,-1.33917896327951,"Research Scientist","PhD","Low"
-1.11685679207261,1.52433139070266,-1.02562939545393,0.607145484561905,0.558721799682866,0.531548776134522,-1.30944957799783,0.245138574661815,-0.395964525735986,-0.525754810215661,-0.628584611814446,1.49574486377272,0.818255496271805,-1.29954402686483,-0.0475685006420014,"Graphic Designer","Master's","Medium"
0.306538771078759,-1.45056911408398,-0.250993701685441,0.607145484561905,-1.66008243020649,-0.163165142312618,-1.6912807706631,-0.0669778789772025,1.38065050175979,0.383916119817425,-0.209077622356879,-1.17745991086519,-1.0448924986687,-1.47448040309181,0.860049662292467,"Teacher","High School","Low"
0.438299875562433,0.837815889598052,-0.427047268451006,0.885243307519054,1.5269272818164,0.288398904678023,0.252587119269176,-1.41948251141294,-1.16234747877338,0.139004715577748,-0.523707864450054,-1.66349714261753,1.02527194015408,0.519794285895768,-0.571194363873425,"Truck Driver","Master's","High"
-1.69438073841366,-0.87847286316347,1.36869911255776,-1.06144145318099,-1.25666347931752,1.60835534972759,0.495570605510712,-0.205696302816766,0.753609903820102,1.15363767599927,0.315306114465078,1.28744319302172,0.0246924613897364,1.1495652403129,1.59312587081646,"Nurse","Bachelor's","Low"
1.10921239420419,1.40991214051856,0.382799138670594,0.398572117344044,0.437696114416174,1.12205560681459,-1.62185691745124,0.800012270020067,0.962623436466664,0.733789554445535,0.734813103922645,-1.5940632523672,-0.216826723139589,1.1145779650675,1.52330908905227,"HR Specialist","High School","Medium"
-0.940626314825696,-1.56498836426808,0.277166998611255,1.05905444686727,1.5672691769053,0.427341688367451,-1.65656884405717,0.765332664060177,0.927787847692237,0.803764241371157,0.944566598651428,-0.240102392485659,1.68082401244797,0.939641588840521,0.301515408178948,"Truck Driver","PhD","High"
0.479128480964939,1.40991214051856,1.43912053926399,1.09381667473692,1.36555970146081,0.114720425066238,-0.580499119273229,-0.864608816054691,0.022062539557137,0.313941432891803,-0.90825593811949,1.46102791864756,0.197206164624969,0.099946982951015,-0.187202064170381,"Customer Support","Master's","High"
1.61851529500007,0.723396639413951,1.33348839920465,-0.609532490875621,-1.17597968913972,0.392605992445094,0.28729904587511,0.106420150822252,-1.12751188999895,-0.735678870992527,0.0705937039481649,1.00970763202038,-0.251329463786635,-1.05463310014706,-1.4089957450437,"Research Scientist","Master's","Low"
0.346384947193449,-0.649634362795267,-0.286204415038554,-1.27001482039885,-1.13563779405082,-0.996821844449186,0.0443155596335751,-0.656531180295346,1.48515726808307,-0.910615588306582,-0.27899545393314,1.59989569914823,-0.630859610904147,0.484807010650372,-0.60610275475552,"Nurse","High School","Low"
0.548331955797921,-1.56498836426808,0.45322056537682,1.476201181303,1.24453401619412,0.462077384289808,0.391434825692911,-0.275055514736547,0.370418427301406,-0.805653557918149,-0.418831117085662,-0.205385447360492,1.23228838403636,-0.529823971466114,0.510965753471518,"Construction Worker","High School","High"
1.3791492885214,0.494558139045748,-0.884786542041476,0.537621028822618,1.5672691769053,-0.128429446390261,-0.545787192667296,1.4242451772981,-1.26685424509666,0.803764241371157,0.664895272346384,0.662538180768699,1.50831030921273,0.799692487858936,-0.67591953651971,"Truck Driver","Master's","High"
0.229360282027028,1.63875064088676,-0.391836555097893,-1.61763709909529,1.72863675726089,-1.48312158736218,0.703842165146313,0.800012270020067,1.17163696911323,0.20897940250337,0.804730935498906,-0.691422679112839,0.852758236918852,-0.56481124671151,1.41858391640599,"Customer Support","PhD","High"
0.917089678477886,-0.992892113347571,-0.638311548569685,0.016187610777964,1.5672691769053,0.878905735358092,-0.997042238544432,-1.24608448161349,-0.709484824705829,-0.0359320017363069,0.140511535524426,-0.240102392485659,0.542233571095433,-0.249925769502946,1.59312587081646,"Customer Support","Bachelor's","High"
-0.0979331457112543,-0.420795862427064,0.45322056537682,0.398572117344044,-1.5390567449398,-0.302107926002046,-0.441651412849495,-1.14204566373382,-0.0824442267661439,-0.350818092901606,-1.11800943284827,-0.170668502235324,-0.285832204433682,-1.29954402686483,-1.26936218151532,"Research Scientist","Bachelor's","Low"
0.261058074048649,-0.191957362058861,0.734906272201725,1.54572563704228,-0.691876948072953,-1.3094431077504,-1.55243306423937,0.106420150822252,0.405254016075833,-0.315830749438795,1.04944334601582,0.662538180768699,1.68082401244797,-1.26455675161943,-1.51372091768999,"Graphic Designer","Master's","Medium"
1.19245882885714,0.494558139045748,1.50954196597021,1.61525009278157,-0.732218843161851,1.36520547827109,-0.0945321467901593,0.938730693859631,-1.47586777774322,1.64346048447862,0.38522394604134,1.39159402839722,0.57673631174248,0.134934258196411,-1.12972861798694,"Marketing Manager","Master's","Medium"
-0.953802425274063,-1.33614986389988,-0.110150848272989,1.30239004195478,-0.611193157895159,1.74729813341702,1.32865684405312,-0.37909433261622,-0.883662768577963,1.50351111062738,-1.32776292757706,-0.517837953487001,-1.45892538643326,1.56941254325765,0.441148971707328,"UX Researcher","Bachelor's","Medium"
-0.958887941587468,0.265719638677545,0.206745571905029,-1.37430150400778,0.114960953704995,1.08731991089223,0.148451339451376,1.28552675345854,1.03229461401552,-0.735678870992527,0.455141777617601,-1.6982140877427,-0.354837685727775,-0.914683999165471,1.55821747993436,"Chef","Bachelor's","Medium"
1.26556312586234,1.63875064088676,0.523641992083047,0.815718851779767,0.437696114416174,0.844170039435735,-0.719346825696964,0.661293846180504,0.161404894654845,0.383916119817425,-1.74726991703462,-0.830290459613509,1.47380756856569,-0.739747622938491,-0.187202064170381,"Data Scientist","Bachelor's","Medium"
1.5775422147023,0.723396639413951,0.382799138670594,1.30239004195478,-1.21632158422862,0.218927512833309,1.05096143120565,0.210458968701924,1.17163696911323,-1.54038777063718,0.000675872371903821,1.07914152227071,1.19778564338932,1.1495652403129,0.371332189943138,"Teacher","PhD","Low"
0.000107518217057984,-0.764053612979368,-1.13126153551327,-1.13096590892028,-1.78110811547318,1.71256243749466,-0.511075266061362,0.90405108789974,-1.54553895529208,-0.665704184066905,0.42018286182947,0.0723501136408495,-1.01038975802166,-0.144963943766757,-1.33917896327951,"AI Engineer","PhD","Low"
-0.550948627311042,0.837815889598052,-1.41294724233817,0.502858800952974,-0.570851262806261,0.184191816910952,-1.2747376513919,-0.344414726656329,-0.535306880833694,0.943713615222401,0.490100693405731,1.53046180889789,1.43930482791864,0.76470521261354,0.964774834938751,"HR Specialist","PhD","Medium"
-1.22278578528251,-1.10731136353167,0.664484845495499,0.433334345213688,-0.328799892272877,-0.510522101536188,0.252587119269176,0.765332664060177,-0.326293348187133,-1.22550167947188,-0.139159790780618,1.59989569914823,-1.01038975802166,0.519794285895768,1.69785104346274,"Financial Analyst","PhD","Medium"
0.396084311165361,0.265719638677545,0.734906272201725,1.7195367763905,-0.651535052984056,0.184191816910952,0.634418311934446,0.695973452140395,0.997459025241091,1.50351111062738,-0.488748948661924,-1.5940632523672,-0.492848648315961,0.58976883638656,-0.990095054458564,"Mechanic","High School","Medium"
-0.98159939512347,0.723396639413951,-1.02562939545393,-1.72192378270422,-0.570851262806261,0.32313460060038,-0.372227559637628,0.765332664060177,0.579431959947968,1.08366298907365,1.29415575653273,1.11385846739588,-0.182323982492542,-0.669773072447699,0.0222482811221885,"UX Researcher","Bachelor's","Medium"
-1.37090144791043,-0.87847286316347,-0.673522261922798,0.155236522256539,-0.651535052984056,-0.927350452604472,0.877401798175981,-1.10736605777393,-1.26685424509666,-0.700691527529716,-0.453790032873793,-0.587271843737336,-0.458345907668914,-1.26455675161943,-1.12972861798694,"Software Engineer","Bachelor's","Medium"
1.46800134911072,1.06665438996625,-0.35662584174478,-0.540008035136334,-1.01461210878413,0.114720425066238,0.28729904587511,0.210458968701924,-0.361128936961559,1.71343517140424,-1.6074342538821,-0.96915824011418,-0.768870573492332,1.32450161653988,1.48840069817018,"Doctor","Bachelor's","Low"
-1.22365263465411,1.52433139070266,-0.286204415038554,1.44143895343335,-0.651535052984056,0.531548776134522,1.53692840368872,0.869371481939849,-0.779156002254683,0.803764241371157,-0.733461359178837,-1.35104463649102,0.749250014977712,-1.12460765063785,-1.33917896327951,"Graphic Designer","PhD","Medium"
-1.43782221939819,-0.535215112611165,-1.09605082216015,0.016187610777964,-0.812902633339646,0.635755863901593,1.32865684405312,-1.62756014717229,1.27614373543651,0.733789554445535,-1.1529683486364,-1.62878019749237,-0.837876054786425,1.46445071752146,0.615690926117802,"Teacher","Master's","Low"
-1.0957634573636,-1.56498836426808,-0.180572274979215,1.54572563704228,1.28487591128302,-1.03155754037154,-1.20531379818003,1.70168202497723,-0.604978058382548,-1.15552699254626,-1.71231100124649,-0.726139624238006,1.3357966059775,0.099946982951015,0.476057362589423,"Truck Driver","High School","High"
1.7377070835955,1.40991214051856,0.0306920051394637,1.19810335834585,-0.288457997183979,1.6778267415723,-1.44829728442157,0.765332664060177,0.544596371173541,-1.05056496215783,-0.383872201297532,-0.656705733987671,-1.42442264578622,0.274883359177995,1.73275943434484,"Mechanic","Master's","Medium"
0.496465468397002,0.723396639413951,0.171534858551916,-1.58287487122564,0.921798855482943,0.0452490332215238,1.71048803671839,1.32020635941843,-0.570142469608121,0.173992059040559,0.175470451312557,0.662538180768699,0.645741793036573,1.00961613933131,-1.65335448121837,"Construction Worker","High School","High"
0.225401669896708,-1.33614986389988,-1.51857938239751,-0.0533368449613233,0.679747484949559,-0.0242223586231903,-1.51772113763344,-0.933968027974472,0.265911660978125,-1.40043839678594,-0.27899545393314,-0.587271843737336,1.09427742144818,-1.36951857735562,0.650599316999897,"HR Specialist","High School","Medium"
-1.29609234714108,-1.33614986389988,0.312377711964368,-0.991916997441701,0.155302848793892,0.601020167979236,-1.4830092110275,1.11212872365908,1.24130814666208,-1.50540042717437,0.350265030253209,0.315368729517023,-1.70044457096259,-0.56481124671151,1.66294265258065,"Software Engineer","Bachelor's","Medium"
-1.67739049073024,0.837815889598052,1.50954196597021,0.641907712431549,0.841115065305148,-1.44838589143983,0.77326601835818,0.175779362742033,-1.30168983387109,0.418903463280236,1.08440226180395,0.870839851519705,-0.872378795433472,-0.844709448674679,1.66294265258065,"Security Guard","Master's","High"
0.104851817285768,1.18107364015036,-0.638311548569685,1.12857890260656,-1.66008243020649,-1.03155754037154,-1.10117801836223,-1.41948251141294,1.20647255788765,0.313941432891803,-0.838338106543229,1.21800930277138,1.02527194015408,-1.40450585260102,0.510965753471518,"AI Engineer","High School","Low"
-1.55129280214104,0.952235139782153,0.770116985554838,0.780956623910123,-0.530509367717364,-0.614729189303259,1.18980913762938,1.38956557133821,-0.779156002254683,-1.64534980102561,1.2591968407446,-0.413687118111498,-0.5963568702571,-0.529823971466114,-0.257018845934571,"Chef","Bachelor's","Medium"
-1.56140604480974,-0.191957362058861,0.241956285258142,-1.44382595974707,0.760431275127353,1.53888395788287,1.50221647708279,1.32020635941843,0.544596371173541,-0.945602931769393,-1.57247533809397,-1.38576158161619,-0.630859610904147,-0.00501484278517327,1.73275943434484,"Data Scientist","High School","Medium"
0.604301530224429,1.29549289033446,0.0659027184925768,0.711432168170836,-0.530509367717364,1.50414826196052,0.113739412845442,-0.760569998175018,1.51999285685749,0.488878150205858,-0.0692419592043573,0.280651784391855,0.852758236918852,-1.22956947637404,1.27895035287761,"Mechanic","Bachelor's","Medium"
-1.26361439068502,0.151300388493443,0.241956285258142,0.641907712431549,-0.974270213695235,-0.441050709691474,1.71048803671839,0.626614240220614,-0.291457759412706,0.663814867519913,0.0705937039481649,-1.35104463649102,1.02527194015408,0.204908808687203,1.06950000758504,"Doctor","PhD","Low"
-1.13066859206015,-1.10731136353167,0.136324145198803,0.954767763258342,1.80932054743869,1.33046978234873,1.25923299084125,-0.864608816054691,1.17163696911323,-1.12053964908345,-1.04809160127201,-1.35104463649102,1.23228838403636,-1.36951857735562,-1.23445379063323,"Retail Worker","PhD","High"
-0.843914819933842,0.494558139045748,0.241956285258142,1.33715226982442,-1.41803105967311,0.184191816910952,-1.13588994496817,-0.795249604134909,-1.30168983387109,-0.280843405975984,0.315306114465078,-0.760856569363174,1.19778564338932,1.67437436899384,-1.30427057239742,"Teacher","Master's","Low"
-0.813112772262877,0.036881138309342,1.01659197902663,-1.06144145318099,-0.248116102095082,-0.37157931784676,1.46750455047685,0.557255028300832,-1.61521013284093,-1.68033714448842,-1.04809160127201,-0.621988788862503,-0.0788157605514031,1.18455251555829,-0.641011145637615,"UX Researcher","Master's","Medium"
-0.307797378576368,1.63875064088676,-0.603100835216572,-1.68716155483457,0.720089380038456,-1.23997171590569,-0.719346825696964,-1.28076408757338,-0.047608637991717,1.53849845409019,-1.39768075915332,-0.205385447360492,-1.66594183031554,0.939641588840521,0.510965753471518,"Graphic Designer","PhD","Medium"
1.03264069971258,-1.22173061371577,-0.110150848272989,1.44143895343335,1.20419212110522,0.0452490332215238,0.703842165146313,0.0717405448623608,-1.09267630122453,-0.595729497141283,-1.43263967494145,-0.240102392485659,0.369719867860201,-1.33453130211022,0.476057362589423,"Construction Worker","Bachelor's","High"
0.686421060694297,-0.87847286316347,-0.567890121863458,-0.957154769572057,0.639405589860661,0.67049155982395,-1.34416150460377,-0.309735120696438,0.579431959947968,0.278954089428992,0.42018286182947,0.245934839266687,1.02527194015408,-0.634785797202302,0.755324489646182,"Marketing Manager","High School","Medium"
0.902468819076847,1.63875064088676,-0.391836555097893,1.02429221899763,-1.5793986400287,-0.753671972992687,1.50221647708279,-1.62756014717229,-0.988169534901244,-0.0359320017363069,-0.348913285509401,0.454236510017693,-1.07939523931575,-1.5094676783372,-0.431560800345046,"Teacher","PhD","Low"
-1.44068282232448,0.380138888861646,0.206745571905029,0.3638098894744,1.36555970146081,-0.857879060759758,0.912113724781914,-1.41948251141294,-1.0578407124501,0.873738928296779,-0.768420274966968,-0.0318007217346536,-0.5963568702571,0.0299724324602228,-0.501377582109235,"Customer Support","Bachelor's","High"
-0.930281912324565,-1.67940761445218,1.22785625914531,-1.20049036465956,-0.248116102095082,0.218927512833309,-1.20531379818003,-1.28076408757338,0.544596371173541,0.55885283713148,-0.94321485390762,-0.934441294989012,0.852758236918852,-1.33453130211022,1.48840069817018,"UX Researcher","Master's","Medium"
-0.109808982102217,-0.764053612979368,1.29827768585153,-0.991916997441701,-0.772560738250748,1.53888395788287,-0.545787192667296,-0.656531180295346,-0.848827179803536,-0.875628244843771,0.804730935498906,1.42631097352239,0.990769199507038,0.58976883638656,-0.710827927401805,"Marketing Manager","Master's","Medium"
1.68968362840869,-0.306376612242962,-0.919997255394589,-1.33953927613814,-0.611193157895159,0.357870296522737,-1.5871449908453,1.63232281305745,1.72900638950406,-1.19051433600907,-0.24403653814501,0.94027374177004,1.57731579050683,1.35948889178527,-0.850461490930185,"Mechanic","Master's","Medium"
1.06066882939442,-1.56498836426808,-0.743943688629024,-0.192385756439898,-1.458372954762,0.948377127202806,-0.823482605514764,1.25084714749865,-0.953333946126817,-0.455780123290039,-0.174118706568749,-0.726139624238006,0.921763718212945,-0.319900319993738,1.38367552552389,"Nurse","High School","Low"
1.59112285485742,-1.22173061371577,1.26306697249842,0.0857120665172512,-0.00606473156169745,-0.962086148526829,0.322010972481044,1.56296360113766,-1.47586777774322,0.90872627175959,1.29415575653273,1.70404653452373,-0.5963568702571,-0.494836696220718,-0.920278272694374,"Software Engineer","High School","Medium"
-1.57559347952498,0.837815889598052,-1.27210438892572,-0.783343630223839,1.08316643583853,-0.441050709691474,-0.268091779819827,0.210458968701924,1.55482844563192,-0.84064090138096,0.979525514439559,0.627821235643532,-1.32091442384508,1.07959068982211,-1.4089957450437,"Construction Worker","PhD","High"
-1.20588222253625,0.723396639413951,0.629274132142386,0.189998750126182,1.48658538672751,0.496813080212165,0.981537577993782,-0.899288422014582,-0.256622170638279,-1.19051433600907,-0.24403653814501,0.697255125893867,0.645741793036573,0.729717937368144,-0.641011145637615,"Security Guard","Bachelor's","High"
-0.096257236926155,-1.33614986389988,-0.462257981804119,1.54572563704228,1.16385022601633,0.357870296522737,0.877401798175981,1.4242451772981,-0.221786581863852,-0.455780123290039,-0.24403653814501,-0.621988788862503,0.507730830448387,1.49943799276686,-1.26936218151532,"Construction Worker","Master's","High"
-0.600936941073488,-1.45056911408398,-0.145361561626102,0.780956623910123,-1.458372954762,0.184191816910952,-1.62185691745124,-0.136337090896984,-0.91849835735239,0.104017372114937,0.105552619736295,0.870839851519705,0.128200683330876,0.379845184914183,0.126973453768473,"Teacher","Master's","Low"
0.889321603607533,-0.0775381118747595,0.91095983896729,0.468096573083331,-1.29700537440641,-0.545257797458545,0.981537577993782,-1.07268645181404,-1.61521013284093,0.733789554445535,-1.25784509600079,1.39159402839722,0.921763718212945,0.344857909668787,-0.641011145637615,"AI Engineer","High School","Low"
-1.35480694457766,0.151300388493443,-0.0749401349198756,-0.713819174484552,1.76897865234979,-1.17050032406097,0.877401798175981,1.0427695117393,1.55482844563192,0.20897940250337,0.105552619736295,1.46102791864756,1.02527194015408,0.904654313595124,1.03459161670294,"Truck Driver","High School","High"
0.398020274761941,-0.191957362058861,-1.62421152245685,-1.02667922531134,0.235986638971687,-0.336843621924403,0.391434825692911,0.175779362742033,-0.221786581863852,-0.910615588306582,0.769772019710775,1.42631097352239,0.921763718212945,-1.33453130211022,0.161881844650568,"Software Engineer","Master's","Medium"
-0.658062314662134,-0.764053612979368,0.312377711964368,-0.192385756439898,1.08316643583853,-0.579993493380902,-0.892906458726631,-1.03800684585414,0.300747249752552,0.0690300286521262,0.804730935498906,-0.656705733987671,-0.147821241845496,0.624756111631956,1.62803426169855,"Customer Support","PhD","High"
1.25819490620371,1.40991214051856,-0.708732975275911,-0.157623528570254,1.5269272818164,1.60835534972759,0.148451339451376,1.07744911769919,-0.152115404314998,-1.57537511409999,1.36407358810899,-0.726139624238006,-1.25190894255098,1.74434891948463,-0.501377582109235,"Retail Worker","PhD","High"
-1.3887296499864,-1.33614986389988,-0.673522261922798,0.0509498386476076,0.881456960394045,-0.510522101536188,0.599706385328512,1.45892478325799,-0.361128936961559,0.243966745966181,0.490100693405731,-1.48991241699169,-0.561854129610054,0.624756111631956,0.860049662292467,"Truck Driver","PhD","High"
1.46115323907505,-0.992892113347571,-1.72984366251619,-1.68716155483457,0.0746190586160974,0.184191816910952,0.217875192663243,0.765332664060177,1.45032167930864,1.74842251486705,0.699854188134514,0.0376331685156818,-1.25190894255098,-0.424862145729926,0.266607017296853,"Marketing Manager","PhD","Medium"
1.02743960348296,-0.649634362795267,-1.30731510227883,1.02429221899763,0.80077317021625,1.08731991089223,0.946825651387848,-0.8299292100948,-1.75455248793864,-0.910615588306582,1.01448443022769,-1.35104463649102,-0.69986509219824,0.204908808687203,0.301515408178948,"Marketing Manager","High School","Medium"
0.758976353097478,-0.649634362795267,1.68559553273578,-1.68716155483457,-0.00606473156169745,0.0105133372991668,-0.719346825696964,0.106420150822252,0.579431959947968,0.628827524057102,-1.43263967494145,1.04442457714554,1.47380756856569,-1.33453130211022,-0.257018845934571,"UX Researcher","PhD","Medium"
-1.59642675942251,0.151300388493443,1.15743483243908,0.120474294386895,0.881456960394045,0.253663208755666,-0.476363339455429,0.141099756782142,0.509760782399114,0.523865493668669,0.594977440770123,0.627821235643532,-1.35541716449212,-1.08962037539245,0.476057362589423,"Truck Driver","Master's","High"
0.26039348953042,-0.191957362058861,0.45322056537682,-1.47858818761671,-0.530509367717364,-0.0589580545455473,-0.163956000002026,0.869371481939849,-0.395964525735986,0.593840180594291,0.699854188134514,0.523670400268029,0.335217127213154,1.07959068982211,0.580782535235707,"Financial Analyst","Bachelor's","Medium"
0.377389259717787,1.63875064088676,0.488431278729934,-1.16572813678992,-0.328799892272877,-0.579993493380902,-1.41358535781563,0.661293846180504,0.335582838526979,0.348928776354614,-0.0692419592043573,0.141784003891185,-1.70044457096259,-1.40450585260102,0.650599316999897,"Graphic Designer","Master's","Medium"
1.10314444860297,0.036881138309342,-1.37773652898506,-0.574770263005978,-0.409483682450671,-1.62206437105161,-0.302803706425761,-1.62756014717229,-1.75455248793864,1.04867564561083,-0.663543527602576,0.245934839266687,-0.69986509219824,1.49943799276686,0.825141271410372,"Marketing Manager","Bachelor's","Medium"
-0.371684177263518,1.40991214051856,-0.849575828688363,0.294285433735113,0.0746190586160974,-0.788407668915044,0.669130238540379,1.35488596537832,-1.61521013284093,-0.245856062513173,0.315306114465078,0.315368729517023,-1.66594183031554,-1.01964582490166,-1.51372091768999,"Software Engineer","Master's","Medium"
1.49394904030071,-0.420795862427064,0.523641992083047,-1.16572813678992,-0.288457997183979,-0.579993493380902,1.12038528441752,-1.07268645181404,0.161404894654845,1.01368830214802,1.15432009338021,0.593104290518364,-0.69986509219824,1.1145779650675,0.860049662292467,"Financial Analyst","High School","Medium"
-1.54643844566006,0.380138888861646,-1.51857938239751,-1.58287487122564,-1.13563779405082,1.53888395788287,0.946825651387848,1.14680832961898,0.126569305880418,-0.665704184066905,0.629936356558253,0.731972071019034,0.611239052389526,1.56941254325765,-0.431560800345046,"Teacher","Master's","Low"
0.171599218899208,1.52433139070266,1.43912053926399,-1.16572813678992,-1.13563779405082,1.29573408642638,-0.649922972485096,1.14680832961898,-0.604978058382548,1.04867564561083,-1.50255750651771,0.558387345393196,0.611239052389526,-0.0400021180305694,0.685507707881992,"Teacher","High School","Low"
1.62677925900936,1.52433139070266,0.805327698907951,1.61525009278157,-0.0867485217394923,0.114720425066238,-0.823482605514764,1.70168202497723,-1.54553895529208,-0.455780123290039,-0.698502443390707,-0.37897017298633,1.43930482791864,-0.459849420975322,1.48840069817018,"Lawyer","High School","Medium"
0.510652903112239,-1.10731136353167,-1.16647224886638,1.05905444686727,-0.409483682450671,-1.41365019551747,-0.927618385332565,1.35488596537832,-0.779156002254683,0.733789554445535,-0.348913285509401,-0.830290459613509,-1.25190894255098,1.63938709374844,0.0920650628863784,"Financial Analyst","Bachelor's","Medium"
-0.61145471344894,-1.22173061371577,-1.06084010880704,-0.296672440048828,0.0746190586160974,-1.10102893221626,-0.754058752302897,0.973410299819522,-0.291457759412706,-1.71532448795123,-1.57247533809397,-0.205385447360492,-1.52793086772735,-1.15959492588324,0.825141271410372,"Lawyer","PhD","Medium"
-0.893383024073326,1.63875064088676,0.0659027184925768,-1.27001482039885,-0.611193157895159,-1.5525929792069,1.22452106423532,1.56296360113766,-1.33652542264551,-0.980590275232204,-1.43263967494145,1.32216013814688,1.57731579050683,-0.844709448674679,-0.67591953651971,"HR Specialist","PhD","Medium"
0.245108045611152,-1.33614986389988,-1.09605082216015,-1.72192378270422,-0.651535052984056,0.427341688367451,-1.5871449908453,-0.240375908776656,-0.01277304921729,1.46852376716457,-0.104200874992488,-1.24689380111552,-0.734367832845286,0.58976883638656,-1.33917896327951,"Financial Analyst","Master's","Medium"
1.11299763646019,0.952235139782153,1.756016959442,-1.68716155483457,0.96214075057184,1.1915269986593,-1.3788734312097,-1.62756014717229,-1.33652542264551,0.698802210982724,1.7136627459903,0.315368729517023,-1.32091442384508,-1.12460765063785,0.161881844650568,"Construction Worker","PhD","High"
0.887703484780541,1.18107364015036,0.55885270543616,0.25952320586547,0.760431275127353,-1.03155754037154,-1.13588994496817,1.25084714749865,-0.744320413480256,-0.560742153678472,0.175470451312557,-0.413687118111498,-0.734367832845286,1.46445071752146,-1.26936218151532,"UX Researcher","PhD","Medium"
1.19188092927607,0.723396639413951,-1.7650543758693,1.09381667473692,0.96214075057184,0.948377127202806,-1.20531379818003,-0.275055514736547,0.788445492594529,-0.770666214455338,-0.663543527602576,0.593104290518364,-1.07939523931575,1.56941254325765,-1.05991183622275,"Construction Worker","High School","High"
1.50851210974364,-0.191957362058861,1.05180269237974,-0.435721351527403,-0.570851262806261,-1.13576462813861,1.71048803671839,0.800012270020067,-0.186950993089425,-0.805653557918149,-1.67735208545836,0.593104290518364,1.57731579050683,-1.36951857735562,0.894958053174562,"Mechanic","PhD","Medium"
-0.706923724241496,-0.535215112611165,1.01659197902663,-0.435721351527403,1.5269272818164,1.50414826196052,0.426146752298844,1.45892478325799,-0.91849835735239,1.71343517140424,1.29415575653273,-1.35104463649102,-0.320334945080728,1.49943799276686,-1.4439041359258,"Retail Worker","PhD","High"
1.68693860539861,-0.420795862427064,0.770116985554838,-1.61763709909529,-1.05495400387303,-0.475786405613831,-0.858194532120698,0.279818180621705,0.126569305880418,1.32857439331332,0.629936356558253,-0.274819337610827,0.507730830448387,0.869667038349728,1.55821747993436,"Nurse","Bachelor's","Low"
-0.792741812030204,-1.56498836426808,0.136324145198803,-0.435721351527403,-0.933928318606338,1.01784851904752,-1.44829728442157,0.695973452140395,0.126569305880418,-1.36545105332312,0.210429367100687,-1.07330907548968,0.714747274330666,-0.774734898183887,-1.19954539975113,"Nurse","High School","Low"
-1.38058126589333,1.18107364015036,-0.0397294215667625,-1.02667922531134,0.558721799682866,-1.72627145881868,1.18980913762938,0.0717405448623608,1.45032167930864,-1.01557761869501,-1.39768075915332,0.419519564892526,0.714747274330666,-0.459849420975322,-1.68826287210046,"Data Scientist","Bachelor's","Medium"
-0.405549092714146,-1.45056911408398,-0.955207968747702,-0.50524580726669,-1.29700537440641,0.705227255746307,1.60635225690059,-1.24608448161349,0.614267548722395,-0.910615588306582,-0.978173769695751,0.454236510017693,0.956266458859991,1.67437436899384,0.964774834938751,"Research Scientist","Master's","Low"
1.68113071460887,0.494558139045748,-0.955207968747702,0.920005535388698,0.0342771635272,-0.684200581147973,-0.0945321467901593,1.4242451772981,0.89295225891781,-0.14089403212474,1.67870383020217,1.00970763202038,-1.70044457096259,-1.36951857735562,0.196790235532663,"Mechanic","High School","Medium"
-0.585362547363686,1.06665438996625,1.08701340573286,1.40667672556371,-0.409483682450671,0.913641431280449,0.148451339451376,-0.37909433261622,0.997459025241091,0.243966745966181,0.490100693405731,-1.52462936211686,0.300714386566108,-0.704760347693095,-0.0126601097599064,"UX Researcher","Master's","Medium"
1.53417085114309,-1.33614986389988,0.382799138670594,-1.20049036465956,-0.611193157895159,-1.0662932362939,1.12038528441752,-1.62756014717229,0.788445492594529,-1.50540042717437,0.315306114465078,0.94027374177004,-0.941384276727565,-1.05463310014706,-0.710827927401805,"Chef","Master's","Medium"
0.174459821825498,-1.67940761445218,-0.0397294215667625,0.815718851779767,1.28487591128302,-1.27470741182804,-0.19866792660796,-1.17672526969371,0.858116670143383,-1.12053964908345,-0.0692419592043573,0.662538180768699,-0.941384276727565,-1.47448040309181,0.231698626414758,"Truck Driver","High School","High"
-1.28785727811085,0.151300388493443,0.312377711964368,0.885243307519054,-1.4987148498509,-0.0242223586231903,1.50221647708279,-0.101657484937093,1.72900638950406,-1.15552699254626,0.734813103922645,0.523670400268029,1.26679112468341,-1.43949312784641,-0.7457363182839,"Nurse","PhD","Low"
-0.773266596148188,-1.33614986389988,1.50954196597021,-0.227147984309541,0.639405589860661,-0.71893627707033,-1.2747376513919,-0.691210786255237,0.335582838526979,1.2585997063877,-0.383872201297532,1.42631097352239,-0.906881536080518,0.659743386877352,0.860049662292467,"Marketing Manager","PhD","Medium"
-0.894394348340196,1.29549289033446,-1.65942223580996,-0.435721351527403,0.841115065305148,1.39994117419345,1.57164033029465,0.834691875979958,0.788445492594529,-0.875628244843771,-1.50255750651771,1.04442457714554,0.197206164624969,0.624756111631956,0.999683225820846,"Construction Worker","PhD","High"
-0.419563157555063,1.52433139070266,-1.27210438892572,1.05905444686727,-0.0867485217394923,1.15679130273695,-0.19866792660796,-0.968647633934363,-1.16234747877338,0.873738928296779,0.245388282888817,-0.344253227861162,-0.0443130199043566,0.169921533441807,-0.885369881812279,"Financial Analyst","Bachelor's","Medium"
1.0479550386109,-1.45056911408398,-0.743943688629024,-0.366196895788116,-0.00606473156169745,-1.13576462813861,-0.372227559637628,-0.37909433261622,-0.744320413480256,1.78340985832987,-1.50255750651771,0.488953455142861,-1.14840072060984,1.18455251555829,1.45349230728808,"UX Researcher","High School","Medium"
0.672724840622968,0.036881138309342,1.12222411908597,-0.852868085963126,0.96214075057184,-0.614729189303259,-0.545787192667296,-0.344414726656329,-0.46563570328484,-0.280843405975984,0.734813103922645,-0.865007404738677,-1.66594183031554,-0.0400021180305694,-0.152293673288286,"Security Guard","High School","High"
-0.921642313587588,-1.10731136353167,-1.30731510227883,0.0509498386476076,1.04282454074964,1.33046978234873,-1.13588994496817,-1.66223975313218,-0.186950993089425,1.74842251486705,0.455141777617601,-0.517837953487001,-1.66594183031554,-0.0749893932759655,-0.990095054458564,"Customer Support","PhD","High"
0.578642788824977,0.380138888861646,0.277166998611255,-0.783343630223839,-0.691876948072953,0.913641431280449,0.322010972481044,1.18148793557887,-0.848827179803536,0.55885283713148,-1.32776292757706,-0.726139624238006,0.542233571095433,1.1495652403129,-0.60610275475552,"Mechanic","PhD","Medium"
1.44092675373765,-0.535215112611165,0.629274132142386,-0.50524580726669,1.68829486217199,0.0452490332215238,0.530282532116645,0.00238133294257918,-0.186950993089425,1.2585997063877,-0.733461359178837,-1.5940632523672,1.30129386533046,1.1495652403129,-0.431560800345046,"Truck Driver","PhD","High"
1.55214352811433,0.036881138309342,0.629274132142386,-1.44382595974707,-0.12709041682839,-1.41365019551747,0.356722899086977,-1.62756014717229,0.44008960485026,0.628827524057102,-0.0342830434162267,-1.10802602061485,-1.38991990513917,-0.669773072447699,-0.0824768915240963,"Data Scientist","Bachelor's","Medium"
1.62562345984722,0.380138888861646,-1.7650543758693,0.74619439604048,0.357012324238379,-0.197900838234975,-0.545787192667296,1.18148793557887,0.962623436466664,1.71343517140424,-0.453790032873793,1.42631097352239,-1.42442264578622,-0.319900319993738,-0.0824768915240963,"Data Scientist","PhD","Medium"
0.441651693132631,-1.10731136353167,0.45322056537682,-1.13096590892028,-0.933928318606338,0.184191816910952,1.39808069726498,-1.73159896505196,0.44008960485026,-0.280843405975984,0.0356347881600344,0.836122906394537,-0.941384276727565,-1.05463310014706,0.720416098764087,"Doctor","Master's","Low"
-1.28690374380209,-0.764053612979368,-0.955207968747702,-0.0533368449613233,-0.0867485217394923,0.67049155982395,-1.72599269726904,0.314497786581596,0.370418427301406,0.90872627175959,1.36407358810899,-0.205385447360492,-0.561854129610054,-1.40450585260102,-0.53628597299133,"Financial Analyst","Master's","Medium"
-1.31594319775079,-0.992892113347571,1.05180269237974,1.09381667473692,-0.12709041682839,-0.823143364837401,-1.30944957799783,1.21616754153876,1.31097932421093,-0.770666214455338,0.42018286182947,-0.830290459613509,-0.941384276727565,-1.68440405456418,0.301515408178948,"Software Engineer","Bachelor's","Medium"
-0.637980304219995,1.18107364015036,-1.72984366251619,-1.37430150400778,1.12350833092743,0.601020167979236,-1.03175416515037,1.35488596537832,-0.744320413480256,-0.560742153678472,-0.978173769695751,-0.865007404738677,-1.49342812708031,-0.739747622938491,1.27895035287761,"Construction Worker","Master's","High"
-0.597614018482343,-0.191957362058861,1.33348839920465,-1.37430150400778,-1.37768916458421,-0.927350452604472,0.77326601835818,1.63232281305745,1.10196579156437,-1.57537511409999,-0.628584611814446,-1.62878019749237,-1.59693634902145,-1.47448040309181,-0.7457363182839,"AI Engineer","Bachelor's","Low"
-1.27537464715977,-1.56498836426808,-0.35662584174478,-0.331434667918472,-1.05495400387303,-1.23997171590569,-1.1706018715741,0.45321621042116,0.231076072203698,-1.19051433600907,1.22423792495647,-0.587271843737336,-0.458345907668914,-0.284913044748342,-0.60610275475552,"AI Engineer","Master's","Low"
0.886489895660296,-1.33614986389988,-0.391836555097893,-0.818105858093483,0.639405589860661,-0.649464885225616,0.703842165146313,-0.517812756455783,-0.221786581863852,-0.875628244843771,0.874648767075167,0.836122906394537,-1.66594183031554,-1.5444549535826,1.48840069817018,"Financial Analyst","Bachelor's","Medium"
-1.41880932318103,0.494558139045748,0.0306920051394637,-0.0185746170916797,0.478038009505071,-1.23997171590569,0.530282532116645,-0.0669778789772025,0.823281081368956,-1.6103624575628,0.315306114465078,0.21121789414152,1.16328290274227,0.624756111631956,1.3487671346418,"Data Scientist","High School","Medium"
-1.06363224065618,-1.33614986389988,-0.321415128391667,-1.23525259252921,0.19564474388279,1.29573408642638,-1.4830092110275,0.210458968701924,-1.37136101141994,-1.6103624575628,0.629936356558253,0.627821235643532,0.335217127213154,1.25452706604909,-1.4439041359258,"Graphic Designer","PhD","Medium"
-1.07799304524574,1.40991214051856,1.26306697249842,0.016187610777964,-0.369141787361774,0.844170039435735,1.36336877065905,0.661293846180504,0.997459025241091,-0.735678870992527,-0.733461359178837,1.25272624789655,0.369719867860201,-0.949671274410867,0.0920650628863784,"Financial Analyst","Bachelor's","Medium"
-0.67005373096931,-1.67940761445218,-0.990418682100815,0.537621028822618,-0.732218843161851,-0.684200581147973,0.599706385328512,-1.2114048756536,-0.988169534901244,1.36356173677613,0.594977440770123,0.00291622339051411,-1.01038975802166,-0.56481124671151,0.266607017296853,"Lawyer","High School","Medium"
-0.643614825135415,0.265719638677545,-0.0749401349198756,-0.296672440048828,-0.0464066266505949,-1.34417880367276,-1.34416150460377,1.59764320709756,1.6593352119552,-0.210868719050362,1.01448443022769,0.558387345393196,-1.32091442384508,-0.704760347693095,-0.641011145637615,"HR Specialist","Master's","Medium"
-0.44004969770395,-0.87847286316347,0.277166998611255,1.476201181303,1.6076110719942,1.26099839050402,1.36336877065905,1.0427695117393,-0.604978058382548,-0.945602931769393,0.245388282888817,0.662538180768699,-0.389340426374821,1.21953979080369,1.62803426169855,"Construction Worker","High School","High"
1.73002101916729,-0.420795862427064,-1.02562939545393,1.05905444686727,-1.37768916458421,-1.10102893221626,0.564994458722579,0.349177392541487,-1.16234747877338,1.32857439331332,1.22423792495647,1.18329235764621,-0.354837685727775,1.1145779650675,1.20913357111342,"AI Engineer","Master's","Low"
0.677001297522877,-0.87847286316347,1.61517410602955,-0.400959123657759,1.00248264566074,-0.71893627707033,-0.0251082935782921,1.07744911769919,0.753609903820102,1.04867564561083,-0.418831117085662,-0.865007404738677,-1.66594183031554,0.449819735404976,1.06950000758504,"Security Guard","Bachelor's","High"
-0.368736889400067,-0.764053612979368,-0.0749401349198756,1.51096340917264,-1.61974053511759,0.0452490332215238,-0.997042238544432,-1.07268645181404,1.55482844563192,1.15363767599927,-1.71231100124649,-0.795573514488342,-1.01038975802166,-1.22956947637404,0.720416098764087,"Teacher","High School","Low"
-1.17785409285441,-1.67940761445218,-0.180572274979215,-1.06144145318099,-1.5390567449398,-0.475786405613831,1.01624950459972,1.70168202497723,-1.12751188999895,-0.525754810215661,-0.768420274966968,-1.5940632523672,-0.975887017374611,1.39447616703067,1.20913357111342,"Teacher","PhD","Low"
1.423271921536,0.036881138309342,-0.462257981804119,-0.644294718745265,-0.570851262806261,0.427341688367451,0.217875192663243,-0.240375908776656,1.24130814666208,0.453890806743047,-0.838338106543229,-0.448404063236665,-1.21740620190394,0.309870634423391,0.336423799061043,"Financial Analyst","PhD","Medium"
-1.03707775490607,-1.22173061371577,-1.06084010880704,-1.02667922531134,-0.611193157895159,0.392605992445094,0.669130238540379,0.695973452140395,0.0917337171059909,1.60847314101581,1.32911467232086,1.59989569914823,-0.389340426374821,1.32450161653988,0.929866444056657,"Financial Analyst","Bachelor's","Medium"
-0.836806655086696,0.265719638677545,-1.37773652898506,0.641907712431549,-0.611193157895159,-0.71893627707033,0.00960363302764153,0.626614240220614,1.48515726808307,0.348928776354614,0.594977440770123,-0.656705733987671,0.645741793036573,-0.21493849425755,1.27895035287761,"UX Researcher","Master's","Medium"
1.38403253998143,-1.22173061371577,-0.110150848272989,-0.227147984309541,-1.01461210878413,1.57361965380523,-0.580499119273229,-0.0669778789772025,0.718774315045675,1.43353642370176,-0.0342830434162267,-1.35104463649102,-0.458345907668914,0.169921533441807,-0.257018845934571,"Teacher","PhD","Low"
-1.49561217750506,0.151300388493443,-1.62421152245685,0.676669940301192,-0.812902633339646,1.46941256603816,0.634418311934446,1.18148793557887,-0.848827179803536,0.453890806743047,-1.53751642230584,0.731972071019034,1.61181853115387,1.25452706604909,0.126973453768473,"Nurse","High School","Low"
-0.0505453800636174,-0.306376612242962,1.54475267932333,-0.957154769572057,0.478038009505071,-0.788407668915044,1.32865684405312,-1.38480290545305,-1.12751188999895,0.803764241371157,-1.1529683486364,-1.17745991086519,0.197206164624969,1.1495652403129,-0.780644709165995,"UX Researcher","High School","Medium"
-0.140697714710341,-1.45056911408398,1.08701340573286,0.294285433735113,0.235986638971687,-1.58732867512926,-0.441651412849495,-0.8299292100948,-1.23201865632223,-0.350818092901606,-0.523707864450054,0.80140596126937,0.335217127213154,1.42946344227607,-1.19954539975113,"HR Specialist","Bachelor's","Medium"
1.47522509387408,0.952235139782153,0.10111343184569,-1.72192378270422,-1.01461210878413,0.0452490332215238,-0.0251082935782921,-0.483133150495892,-0.46563570328484,-0.210868719050362,-1.67735208545836,-1.45519547186653,0.0246924613897364,-1.22956947637404,0.999683225820846,"Doctor","PhD","Low"
-0.464957169648013,0.036881138309342,-1.41294724233817,-0.88763031383277,-1.458372954762,-1.58732867512926,-1.24002572478597,-0.621851574335455,-0.674649235931402,1.08366298907365,1.18927900916834,-1.07330907548968,-1.32091442384508,0.449819735404976,1.06950000758504,"Teacher","High School","Low"
-0.661125182441798,-1.33614986389988,-1.72984366251619,-0.296672440048828,0.357012324238379,1.15679130273695,-1.51772113763344,0.626614240220614,-0.744320413480256,-1.47041308371156,-0.0342830434162267,-1.17745991086519,0.818255496271805,0.834679763104332,1.20913357111342,"HR Specialist","High School","Medium"
-1.06923786659254,-0.764053612979368,-1.72984366251619,-0.818105858093483,-0.0464066266505949,0.67049155982395,-0.406939486243561,0.141099756782142,0.0568981283315639,-1.15552699254626,0.42018286182947,-0.205385447360492,1.05977468080113,0.659743386877352,-1.33917896327951,"Data Scientist","PhD","Medium"
0.691448787049596,-0.0775381118747595,0.699695558848612,-1.40906373187742,1.6076110719942,-0.962086148526829,0.00960363302764153,1.52828399517777,0.231076072203698,-0.245856062513173,-1.71231100124649,-1.28161074624069,0.266211645919061,-0.0400021180305694,-0.46646919122714,"Security Guard","Master's","High"
-0.244777429260822,0.265719638677545,0.946170552320403,-1.30477704826849,0.316670429149482,1.4346768701158,-1.10117801836223,1.18148793557887,-1.33652542264551,0.278954089428992,-0.558666780238185,-0.101234611984989,-0.69986509219824,-0.844709448674679,0.860049662292467,"Chef","Master's","Medium"
-0.611859243155688,0.952235139782153,1.29827768585153,-0.366196895788116,0.478038009505071,-0.823143364837401,0.564994458722579,-1.38480290545305,-1.68488131038978,-1.36545105332312,-0.628584611814446,-1.62878019749237,0.438725349154294,-0.634785797202302,0.860049662292467,"UX Researcher","High School","Medium"
0.35681603463174,-0.649634362795267,-0.990418682100815,-0.296672440048828,-1.41803105967311,-1.27470741182804,1.71048803671839,-0.760569998175018,0.753609903820102,-0.945602931769393,1.32911467232086,-0.37897017298633,1.37029934662455,-0.56481124671151,-1.68826287210046,"Teacher","Master's","Low"
1.0323806449011,-0.306376612242962,0.0659027184925768,-1.30477704826849,-0.449825577539569,0.983112823125163,-1.5871449908453,-0.0322982730173117,0.0917337171059909,0.698802210982724,-1.6074342538821,0.315368729517023,-1.73494731160963,-0.809722173429283,0.0222482811221885,"Mechanic","Bachelor's","Medium"
1.5670533373059,-1.33614986389988,-1.30731510227883,-1.13096590892028,1.48658538672751,-0.441050709691474,0.426146752298844,1.73636163093712,1.69417080072963,-0.49076746675285,0.000675872371903821,1.39159402839722,-1.42442264578622,-0.179951219012154,-0.396652409462951,"Security Guard","Master's","High"
1.00585505413005,-0.535215112611165,1.72080624608889,0.815718851779767,-0.167432311917287,1.15679130273695,-0.0251082935782921,1.28552675345854,-0.813991591029109,-0.945602931769393,-0.873297022331359,0.141784003891185,-0.734367832845286,-1.22956947637404,1.73275943434484,"Financial Analyst","PhD","Medium"
-0.215709080333064,-0.306376612242962,0.488431278729934,1.37191449769406,-0.89358642351744,0.635755863901593,0.0790274862395087,1.32020635941843,0.231076072203698,-1.26048902293469,-0.453790032873793,-0.170668502235324,1.50831030921273,0.554781561141164,1.3487671346418,"Teacher","Master's","Low"
1.18061188744523,1.63875064088676,-0.673522261922798,0.780956623910123,-0.490167472628466,-0.302107926002046,1.08567335781158,0.383856998501378,1.1368013803388,-0.84064090138096,0.874648767075167,-1.03859213036452,0.162703423977922,-0.249925769502946,0.231698626414758,"Software Engineer","High School","Medium"
-1.11185796069636,-0.992892113347571,-0.497468695157232,0.607145484561905,1.36555970146081,0.184191816910952,0.0443155596335751,1.52828399517777,1.48515726808307,-0.455780123290039,-0.523707864450054,0.176500949016352,-1.38991990513917,-0.704760347693095,-0.920278272694374,"Truck Driver","PhD","High"
-1.59209251256449,-0.191957362058861,0.488431278729934,-0.400959123657759,-1.66008243020649,1.36520547827109,1.29394491744718,1.25084714749865,-0.395964525735986,-1.50540042717437,-1.36272184336519,-0.760856569363174,-0.975887017374611,1.28951434129448,1.73275943434484,"Research Scientist","PhD","Low"
1.17223234351974,-1.67940761445218,0.805327698907951,0.329047661604757,-1.05495400387303,1.57361965380523,0.356722899086977,-1.2114048756536,-1.19718306754781,0.313941432891803,-0.593625696026315,1.42631097352239,0.369719867860201,0.624756111631956,-1.68826287210046,"Research Scientist","PhD","Low"
-0.695279047682961,-1.67940761445218,-0.250993701685441,0.74619439604048,1.20419212110522,1.6778267415723,0.599706385328512,0.557255028300832,1.45032167930864,1.78340985832987,-1.04809160127201,1.07914152227071,-1.18290346125689,-0.144963943766757,-1.37408735416161,"Truck Driver","High School","High"
0.633629933963668,0.036881138309342,-0.110150848272989,0.468096573083331,0.276328534060584,0.427341688367451,-0.719346825696964,1.18148793557887,0.161404894654845,-0.000944658273495871,1.7136627459903,-0.760856569363174,0.0936979426838294,0.624756111631956,-1.26936218151532,"UX Researcher","High School","Medium"
1.03885312020907,1.18107364015036,1.05180269237974,-0.88763031383277,-0.00606473156169745,0.462077384289808,0.599706385328512,0.800012270020067,1.27614373543651,-0.350818092901606,0.734813103922645,0.80140596126937,-0.69986509219824,1.63938709374844,1.3138587437597,"Graphic Designer","PhD","Medium"
-1.04895359129703,0.608977389229849,0.629274132142386,0.780956623910123,1.24453401619412,1.26099839050402,0.669130238540379,0.557255028300832,-0.988169534901244,-0.280843405975984,-0.24403653814501,0.80140596126937,0.404222608507248,-1.43949312784641,-0.641011145637615,"Customer Support","Master's","High"
1.39301887846705,-1.45056911408398,0.840538412261064,0.850481079649411,-1.33734726949531,-1.3094431077504,-0.719346825696964,-0.864608816054691,0.962623436466664,-1.08555230562064,-0.139159790780618,0.593104290518364,1.57731579050683,1.74434891948463,1.59312587081646,"Teacher","High School","Low"
-0.332907115373805,-0.191957362058861,0.875749125614177,0.920005535388698,0.599063694771764,1.57361965380523,-0.163956000002026,-0.275055514736547,-0.152115404314998,0.593840180594291,0.979525514439559,1.28744319302172,-0.147821241845496,-0.494836696220718,1.69785104346274,"Software Engineer","Master's","Medium"
0.153655436907023,0.265719638677545,-0.990418682100815,0.780956623910123,-0.530509367717364,-0.336843621924403,-0.719346825696964,-1.14204566373382,0.265911660978125,-0.420792779827228,-0.139159790780618,-1.03859213036452,0.921763718212945,-0.669773072447699,-0.53628597299133,"HR Specialist","PhD","Medium"
0.484647421964146,1.18107364015036,-0.250993701685441,-0.122861300700611,0.0342771635272,1.64309104564995,1.39808069726498,0.383856998501378,-1.61521013284093,0.418903463280236,-1.43263967494145,0.731972071019034,-0.389340426374821,1.18455251555829,1.55821747993436,"Marketing Manager","High School","Medium"
1.58586396866969,-1.22173061371577,-0.145361561626102,0.329047661604757,-1.61974053511759,1.50414826196052,-0.233379853213894,-1.14204566373382,0.89295225891781,-0.945602931769393,-1.25784509600079,0.21121789414152,0.57673631174248,0.239896083932599,0.580782535235707,"Teacher","PhD","Low"
0.143022084615358,-0.306376612242962,-0.0749401349198756,-0.470483579397047,-0.853244528428543,-1.5525929792069,-0.68463489909103,1.52828399517777,1.6593352119552,1.15363767599927,-1.46759859072958,0.21121789414152,-0.354837685727775,1.07959068982211,-1.51372091768999,"Nurse","Bachelor's","Low"
0.234965907963395,-1.33614986389988,-0.0397294215667625,-1.16572813678992,1.48658538672751,1.12205560681459,0.703842165146313,-0.205696302816766,1.31097932421093,-1.22550167947188,-0.838338106543229,-0.0318007217346536,-1.52793086772735,-1.40450585260102,-0.326835627698761,"Retail Worker","Bachelor's","High"
-0.70721267403203,-0.420795862427064,1.43912053926399,-0.088099072830967,-0.570851262806261,-1.10102893221626,-0.406939486243561,-1.00332723989425,-1.47586777774322,0.628827524057102,0.280347198676948,-0.726139624238006,0.956266458859991,0.974628864085917,-0.0126601097599064,"Graphic Designer","Master's","Medium"
-1.03869587373306,0.380138888861646,1.4743312526171,0.607145484561905,-0.409483682450671,0.392605992445094,-0.302803706425761,0.48789581638105,-0.117279815540571,-0.000944658273495871,0.839689851287036,0.384802619767358,-1.45892538643326,-1.5094676783372,-0.641011145637615,"Lawyer","Master's","Medium"
-0.576347313899013,1.29549289033446,-0.779154401982137,0.537621028822618,-0.490167472628466,0.705227255746307,0.946825651387848,-1.31544369353327,0.509760782399114,1.64346048447862,-1.08305051706014,1.42631097352239,0.369719867860201,0.309870634423391,-1.54862930857208,"Lawyer","PhD","Medium"
-0.565511696753975,-1.67940761445218,-0.0749401349198756,0.780956623910123,0.478038009505071,0.0799847291438808,-0.823482605514764,-1.24608448161349,-1.19718306754781,1.32857439331332,-1.32776292757706,-0.413687118111498,-0.5963568702571,1.28951434129448,-0.0475685006420014,"Lawyer","Bachelor's","Medium"
0.390998794851956,-1.56498836426808,0.840538412261064,1.23286558621549,-0.651535052984056,-0.857879060759758,-1.24002572478597,-0.136337090896984,0.753609903820102,-1.12053964908345,-1.29280401178893,0.384802619767358,-0.941384276727565,-0.0749893932759655,-1.54862930857208,"Lawyer","High School","Medium"
-0.501393738234397,-0.992892113347571,0.136324145198803,0.537621028822618,1.08316643583853,-0.753671972992687,1.05096143120565,0.765332664060177,0.265911660978125,0.488878150205858,-1.43263967494145,1.25272624789655,0.921763718212945,0.309870634423391,1.48840069817018,"Customer Support","Bachelor's","High"
-0.867146383092805,0.380138888861646,-0.81436511533525,-0.679056946614908,0.599063694771764,0.531548776134522,1.05096143120565,-0.725890392215128,1.72900638950406,-1.22550167947188,1.60878599862591,1.39159402839722,0.162703423977922,0.309870634423391,0.999683225820846,"Lawyer","Master's","Medium"
0.693298065709016,0.608977389229849,0.10111343184569,1.40667672556371,0.881456960394045,1.4346768701158,0.807977944964114,0.938730693859631,-1.54553895529208,-1.05056496215783,1.50390925126152,-1.31632769136586,0.438725349154294,0.974628864085917,-0.920278272694374,"Security Guard","Master's","High"
0.715720569454483,0.723396639413951,0.418009852023707,1.23286558621549,-1.5793986400287,-0.197900838234975,0.426146752298844,1.45892478325799,-1.68488131038978,-0.980590275232204,-0.94321485390762,-0.587271843737336,-0.768870573492332,0.309870634423391,1.38367552552389,"AI Engineer","PhD","Low"
0.139410212233679,-1.33614986389988,-0.919997255394589,1.26762781408513,0.19564474388279,-0.962086148526829,-0.476363339455429,1.00808990577941,0.823281081368956,0.313941432891803,-1.25784509600079,1.04442457714554,-0.665362351551193,0.939641588840521,0.545874144353612,"Marketing Manager","Bachelor's","Medium"
-0.458109059612349,-1.45056911408398,-1.02562939545393,-1.27001482039885,-0.409483682450671,-1.17050032406097,0.426146752298844,0.349177392541487,0.300747249752552,0.523865493668669,1.08440226180395,1.42631097352239,-0.941384276727565,0.309870634423391,-1.4439041359258,"Financial Analyst","High School","Medium"
1.41838867007597,0.608977389229849,0.523641992083047,-0.0185746170916797,0.397354219327277,-0.232636534157332,-1.2747376513919,1.28552675345854,-1.47586777774322,-1.05056496215783,-0.768420274966968,1.7387634796489,-0.285832204433682,-0.00501484278517327,0.964774834938751,"Mechanic","Bachelor's","Medium"
-1.46625487878677,0.380138888861646,-0.0397294215667625,1.65001232065121,0.478038009505071,-0.336843621924403,-0.406939486243561,1.49360438921788,0.614267548722395,0.453890806743047,0.909607682863297,0.21121789414152,-1.18290346125689,-0.634785797202302,0.231698626414758,"Marketing Manager","PhD","Medium"
-0.491771710209603,-0.0775381118747595,-0.215782988332328,0.920005535388698,-0.530509367717364,-1.51785728328454,1.18980913762938,0.418536604461269,-1.12751188999895,1.11865033253646,0.560018524981992,-0.587271843737336,-0.423843167021868,-1.19458220112864,1.20913357111342,"Software Engineer","Master's","Medium"
-1.22278578528251,0.494558139045748,0.206745571905029,1.33715226982442,-0.772560738250748,-1.48312158736218,-1.1706018715741,-1.62756014717229,0.544596371173541,0.488878150205858,-1.01313268548388,-1.21217685599035,-1.21740620190394,1.56941254325765,0.685507707881992,"Lawyer","Master's","Medium"
-0.458947014004898,-1.45056911408398,-0.638311548569685,-0.227147984309541,-0.651535052984056,1.74729813341702,0.912113724781914,0.418536604461269,0.300747249752552,0.0340426851893152,-0.838338106543229,-0.934441294989012,0.162703423977922,-1.5094676783372,-1.47881252680789,"Data Scientist","Master's","Medium"
1.08765673983033,-0.420795862427064,1.4743312526171,1.44143895343335,0.80077317021625,-1.34417880367276,0.28729904587511,1.21616754153876,1.55482844563192,1.29358704985051,0.629936356558253,-1.03859213036452,-1.49342812708031,-1.579442228828,0.406240580825233,"Retail Worker","Master's","Medium"
1.42153822279279,0.837815889598052,0.840538412261064,0.74619439604048,-1.74076622038429,1.4346768701158,0.0790274862395087,1.38956557133821,1.38065050175979,-1.01557761869501,-0.418831117085662,-1.28161074624069,0.921763718212945,-0.00501484278517327,1.52330908905227,"AI Engineer","Master's","Low"
1.30023710072646,-0.992892113347571,0.664484845495499,1.7195367763905,1.48658538672751,-1.48312158736218,0.322010972481044,-1.10736605777393,-1.65004572161536,-0.560742153678472,-0.803379190755098,1.00970763202038,-0.458345907668914,0.799692487858936,-1.65335448121837,"Security Guard","Bachelor's","High"
-0.337645891938569,1.52433139070266,-1.65942223580996,-0.957154769572057,-0.207774207006184,0.392605992445094,1.71048803671839,-0.517812756455783,-1.54553895529208,-1.05056496215783,1.39903250389712,0.697255125893867,0.990769199507038,-1.33453130211022,-1.26936218151532,"Mechanic","Bachelor's","Medium"
-1.42291241020662,0.952235139782153,1.26306697249842,-0.991916997441701,1.44624349163861,0.0799847291438808,0.148451339451376,-1.03800684585414,0.474925193624687,-1.57537511409999,1.7136627459903,-1.62878019749237,-1.5624336083744,-0.634785797202302,1.17422518023132,"Truck Driver","Master's","High"
0.466154635369946,-0.306376612242962,-0.110150848272989,-1.65239932696493,-1.74076622038429,0.392605992445094,-1.0664660917563,0.661293846180504,0.997459025241091,1.2585997063877,-1.29280401178893,-0.135951557110156,1.54281304985978,0.939641588840521,-1.30427057239742,"Research Scientist","Bachelor's","Low"
-1.51014635196894,0.494558139045748,-1.58900080910374,0.74619439604048,1.6479529670831,0.705227255746307,0.495570605510712,-0.864608816054691,-0.047608637991717,0.803764241371157,-1.08305051706014,-0.0665176668598212,-1.32091442384508,0.099946982951015,0.266607017296853,"Customer Support","High School","High"
0.239820264444373,-0.87847286316347,-0.110150848272989,0.329047661604757,0.80077317021625,0.427341688367451,0.877401798175981,-1.07268645181404,0.0917337171059909,-1.68033714448842,-1.64239316967023,-0.621988788862503,-0.11331850119845,0.274883359177995,1.38367552552389,"Financial Analyst","Bachelor's","Medium"
1.74007647187788,0.494558139045748,-0.708732975275911,0.850481079649411,0.0746190586160974,0.983112823125163,-0.302803706425761,-1.41948251141294,0.405254016075833,0.243966745966181,1.57382708283778,-1.17745991086519,0.542233571095433,-0.109976668521362,-0.396652409462951,"Mechanic","High School","Medium"
-0.23879616859676,-0.992892113347571,-0.0749401349198756,-0.331434667918472,-1.33734726949531,1.53888395788287,0.564994458722579,-0.725890392215128,-1.16234747877338,-0.245856062513173,-0.174118706568749,0.35008567464219,-0.803373314139379,0.939641588840521,-1.37408735416161,"AI Engineer","Master's","Low"
-0.351804431674753,-1.33614986389988,1.15743483243908,1.37191449769406,0.437696114416174,0.288398904678023,0.252587119269176,-0.101657484937093,-0.953333946126817,-0.385805436364417,1.7136627459903,-1.21217685599035,0.128200683330876,1.28951434129448,-0.152293673288286,"Graphic Designer","Bachelor's","Medium"
0.697141097923123,-0.992892113347571,-1.16647224886638,-0.227147984309541,1.76897865234979,-1.41365019551747,0.322010972481044,1.45892478325799,1.55482844563192,1.2585997063877,1.2591968407446,0.523670400268029,-0.975887017374611,0.799692487858936,1.69785104346274,"Customer Support","Master's","High"
1.27397156476689,-0.992892113347571,-0.849575828688363,0.25952320586547,1.48658538672751,-0.996821844449186,0.77326601835818,0.314497786581596,0.370418427301406,-0.630716840604094,-1.18792726442453,0.419519564892526,0.300714386566108,-0.56481124671151,-0.67591953651971,"Truck Driver","Master's","High"
0.202863586235027,-0.191957362058861,-0.0397294215667625,1.65001232065121,0.437696114416174,1.22626269458166,0.0443155596335751,0.106420150822252,-1.0578407124501,0.803764241371157,-0.27899545393314,0.836122906394537,-0.320334945080728,-1.36951857735562,-1.12972861798694,"HR Specialist","Master's","Medium"
0.284723061893414,-0.420795862427064,-0.849575828688363,-0.818105858093483,1.72863675726089,0.566284472056879,-1.34416150460377,-1.24608448161349,-0.813991591029109,0.348928776354614,0.874648767075167,-0.795573514488342,1.26679112468341,-1.36951857735562,-0.990095054458564,"Construction Worker","High School","High"
-0.979230006841088,-1.56498836426808,-1.30731510227883,1.37191449769406,1.5269272818164,-1.48312158736218,-0.0598202201842257,0.0717405448623608,1.48515726808307,-0.245856062513173,-0.174118706568749,-1.35104463649102,0.473228089801341,-1.01964582490166,-1.4439041359258,"Construction Worker","Bachelor's","High"
-1.55666726824498,1.40991214051856,-0.81436511533525,-1.23525259252921,0.316670429149482,1.12205560681459,-1.51772113763344,-1.35012329949316,-1.44103218896879,-1.54038777063718,0.560018524981992,0.315368729517023,0.542233571095433,0.0299724324602228,1.13931678934923,"UX Researcher","Master's","Medium"
-0.856310765947766,0.036881138309342,1.4743312526171,-0.0185746170916797,1.6076110719942,-0.302107926002046,-0.19866792660796,1.21616754153876,-1.37136101141994,0.243966745966181,0.804730935498906,0.870839851519705,0.300714386566108,-0.179951219012154,-0.81555310004809,"Retail Worker","Bachelor's","High"
-1.41609319515,-1.67940761445218,-0.462257981804119,1.05905444686727,0.841115065305148,-0.927350452604472,-0.511075266061362,0.591934634260723,-0.639813647156975,-1.57537511409999,-1.1529683486364,-0.830290459613509,-1.1138979799628,-1.05463310014706,0.964774834938751,"Retail Worker","Master's","High"
0.247968648537442,0.608977389229849,-0.321415128391667,1.65001232065121,-0.0867485217394923,1.50414826196052,-0.68463489909103,-0.344414726656329,-0.361128936961559,0.20897940250337,0.280347198676948,-0.865007404738677,0.990769199507038,-0.00501484278517327,-1.68826287210046,"UX Researcher","Master's","Medium"
-1.52676096492467,1.06665438996625,1.05180269237974,-0.852868085963126,0.841115065305148,1.08731991089223,1.67577611011245,-1.45416211737283,1.51999285685749,-0.455780123290039,1.53886816704965,0.523670400268029,1.3357966059775,1.00961613933131,-1.61844609033627,"Customer Support","High School","High"
-0.125990170372142,-1.22173061371577,0.10111343184569,-1.27001482039885,-1.33734726949531,1.57361965380523,-0.719346825696964,-0.0322982730173117,-0.430800114510413,0.488878150205858,-1.08305051706014,-0.830290459613509,1.23228838403636,1.07959068982211,1.03459161670294,"Research Scientist","Master's","Low"
0.154291126446199,1.18107364015036,-0.145361561626102,0.815718851779767,1.20419212110522,-1.37891449959511,-0.372227559637628,-1.17672526969371,-0.395964525735986,-0.665704184066905,0.350265030253209,-0.483121008361833,0.714747274330666,0.0299724324602228,1.48840069817018,"Construction Worker","High School","High"
1.01732636081426,-0.306376612242962,0.664484845495499,0.607145484561905,-0.853244528428543,-0.441050709691474,-0.649922972485096,-1.14204566373382,-0.813991591029109,0.0340426851893152,1.18927900916834,-0.760856569363174,-1.18290346125689,-0.809722173429283,-1.37408735416161,"Teacher","Bachelor's","Low"
-0.00639385206996538,-0.764053612979368,-1.4833686690444,-0.470483579397047,-0.00606473156169745,-0.232636534157332,-0.754058752302897,-0.725890392215128,0.44008960485026,0.803764241371157,0.280347198676948,1.66932958939856,1.50831030921273,-1.40450585260102,-0.81555310004809,"UX Researcher","PhD","Medium"
0.322373219600043,1.29549289033446,-1.65942223580996,0.329047661604757,0.720089380038456,0.635755863901593,-1.41358535781563,0.869371481939849,-0.430800114510413,1.50351111062738,-0.733461359178837,-0.101234611984989,0.852758236918852,-0.844709448674679,-1.09482022710485,"Data Scientist","Bachelor's","Medium"
1.08881253899246,1.40991214051856,-0.0397294215667625,1.51096340917264,1.08316643583853,-1.58732867512926,0.426146752298844,-1.52352132929262,0.022062539557137,-0.385805436364417,-0.0692419592043573,-1.17745991086519,-1.42442264578622,0.869667038349728,-0.850461490930185,"Retail Worker","Master's","High"
-0.591574967860175,-0.420795862427064,0.91095983896729,-1.02667922531134,-0.89358642351744,-1.17050032406097,1.05096143120565,-0.275055514736547,-1.12751188999895,1.573485797553,1.60878599862591,0.0376331685156818,-0.11331850119845,1.39447616703067,0.371332189943138,"AI Engineer","Bachelor's","Low"
0.381174501973787,-0.0775381118747595,-0.250993701685441,1.19810335834585,0.558721799682866,1.53888395788287,-0.719346825696964,0.626614240220614,-1.51070336651765,0.838751584833968,0.210429367100687,-0.865007404738677,0.507730830448387,-1.26455675161943,-0.571194363873425,"Chef","High School","Medium"
-1.19753157358981,0.265719638677545,0.981381265673517,-0.644294718745265,-0.732218843161851,-1.10102893221626,0.391434825692911,-1.66223975313218,0.997459025241091,1.43353642370176,0.000675872371903821,0.731972071019034,-0.147821241845496,-0.669773072447699,-1.16463700886904,"HR Specialist","High School","Medium"
-1.17926994682803,0.723396639413951,1.50954196597021,1.37191449769406,1.72863675726089,1.64309104564995,-1.13588994496817,-1.2114048756536,-0.256622170638279,0.698802210982724,-0.209077622356879,1.35687708327205,0.749250014977712,0.449819735404976,-1.47881252680789,"Security Guard","PhD","High"
-0.233537282409035,0.608977389229849,-0.250993701685441,1.68477454852086,1.12350833092743,0.462077384289808,1.71048803671839,-0.8299292100948,-1.16234747877338,0.20897940250337,0.175470451312557,1.46102791864756,-1.63143908966849,-0.319900319993738,-0.641011145637615,"Truck Driver","PhD","High"
-0.736107653085467,-1.22173061371577,-1.65942223580996,1.1633411304762,1.16385022601633,-0.857879060759758,0.28729904587511,0.695973452140395,1.06713020278995,-0.49076746675285,1.08440226180395,-0.135951557110156,-1.38991990513917,1.21953979080369,0.196790235532663,"Customer Support","High School","High"
1.02229629721145,1.63875064088676,1.54475267932333,0.224760977995826,-0.812902633339646,1.29573408642638,-0.754058752302897,0.00238133294257918,-1.0578407124501,-0.665704184066905,0.664895272346384,-0.240102392485659,0.438725349154294,1.1145779650675,-0.53628597299133,"Software Engineer","PhD","Low"
-0.328370603662416,0.494558139045748,0.981381265673517,0.780956623910123,0.0746190586160974,-0.406315013769117,-0.302803706425761,-0.240375908776656,-0.535306880833694,0.733789554445535,-1.29280401178893,1.63461264427339,0.956266458859991,-0.704760347693095,-1.58353769945418,"Software Engineer","Bachelor's","Medium"
-0.414766591032193,0.151300388493443,0.171534858551916,-0.227147984309541,1.32521780637192,0.566284472056879,1.71048803671839,0.973410299819522,0.126569305880418,0.978700958685212,-0.0692419592043573,-0.656705733987671,-0.837876054786425,-0.354887595239134,-1.72317126298256,"Truck Driver","High School","High"
0.1454781578349,-0.420795862427064,-1.30731510227883,1.61525009278157,-1.74076622038429,0.0105133372991668,1.46750455047685,0.383856998501378,-0.01277304921729,0.873738928296779,-0.523707864450054,-1.07330907548968,1.19778564338932,-1.5444549535826,1.10440839846713,"Doctor","PhD","Low"
-1.33715211237601,1.29549289033446,0.45322056537682,-0.0533368449613233,-0.812902633339646,-0.37157931784676,1.60635225690059,-0.344414726656329,0.614267548722395,0.523865493668669,-1.43263967494145,0.836122906394537,-1.01038975802166,-0.38987487048453,0.999683225820846,"AI Engineer","PhD","Low"
-0.689673421746594,-0.0775381118747595,0.206745571905029,0.0857120665172512,-1.29700537440641,1.12205560681459,1.71048803671839,0.45321621042116,-0.430800114510413,-0.945602931769393,-1.04809160127201,1.25272624789655,1.68082401244797,0.694730662122748,1.62803426169855,"Research Scientist","Master's","Low"
0.76050778698731,0.151300388493443,0.45322056537682,0.0509498386476076,-0.0464066266505949,0.462077384289808,-0.649922972485096,0.48789581638105,0.579431959947968,1.22361236292489,0.804730935498906,-0.621988788862503,-0.182323982492542,-1.33453130211022,-0.81555310004809,"Lawyer","High School","Medium"
-0.473914613154579,-0.649634362795267,-1.41294724233817,0.25952320586547,1.20419212110522,-1.62206437105161,-0.233379853213894,-0.760569998175018,-1.51070336651765,-0.700691527529716,-0.733461359178837,-0.483121008361833,-0.458345907668914,-0.249925769502946,-1.4089957450437,"Truck Driver","High School","High"
-0.402110590206787,1.40991214051856,1.33348839920465,1.7195367763905,-1.458372954762,1.57361965380523,0.912113724781914,-1.14204566373382,-1.5803745440665,-0.980590275232204,0.979525514439559,0.454236510017693,-0.975887017374611,0.834679763104332,-1.23445379063323,"Doctor","Master's","Low"
-1.34197757387794,-0.306376612242962,1.01659197902663,1.65001232065121,-0.570851262806261,1.4346768701158,-0.545787192667296,-0.275055514736547,-0.117279815540571,0.488878150205858,1.7136627459903,0.35008567464219,1.47380756856569,-0.844709448674679,-0.326835627698761,"Marketing Manager","High School","Medium"
-0.0473091424096324,-0.992892113347571,-0.638311548569685,1.68477454852086,0.357012324238379,-0.0589580545455473,0.877401798175981,-0.101657484937093,-1.68488131038978,0.173992059040559,0.455141777617601,1.66932958939856,-1.59693634902145,0.0299724324602228,-1.37408735416161,"HR Specialist","PhD","Medium"
-0.587818620583228,0.952235139782153,0.382799138670594,-0.922392541702414,0.397354219327277,0.0452490332215238,-0.962330311938498,-0.0322982730173117,-1.75455248793864,1.29358704985051,-1.71231100124649,-1.6982140877427,0.369719867860201,1.63938709374844,1.27895035287761,"Chef","High School","Medium"
-1.1264788200974,0.380138888861646,-1.06084010880704,0.468096573083331,0.518379904593969,-0.475786405613831,-0.233379853213894,-1.31544369353327,-1.23201865632223,0.278954089428992,-1.39768075915332,-1.03859213036452,-0.941384276727565,-0.21493849425755,-1.54862930857208,"UX Researcher","Master's","Medium"
0.160243492131207,1.63875064088676,1.50954196597021,-1.65239932696493,1.44624349163861,1.1915269986593,-0.649922972485096,-1.28076408757338,-1.61521013284093,0.523865493668669,0.175470451312557,-0.934441294989012,1.12878016209522,0.834679763104332,-0.7457363182839,"Customer Support","PhD","High"
-0.959841475896231,1.29549289033446,-0.919997255394589,0.641907712431549,-0.611193157895159,0.67049155982395,-0.892906458726631,0.245138574661815,-1.16234747877338,0.838751584833968,-1.53751642230584,-1.14274296574002,-1.1138979799628,-1.61442950407339,0.894958053174562,"Graphic Designer","PhD","Medium"
1.51010133359158,-1.67940761445218,0.981381265673517,1.26762781408513,0.80077317021625,-1.3094431077504,0.217875192663243,1.66700241901734,0.544596371173541,-0.420792779827228,-1.22288618021266,-1.21217685599035,-0.492848648315961,0.729717937368144,-1.61844609033627,"Retail Worker","PhD","Medium"
-1.12676776988794,-1.67940761445218,1.54475267932333,1.37191449769406,1.72863675726089,-1.65680006697397,1.67577611011245,-0.448453544536001,1.27614373543651,-1.05056496215783,-0.174118706568749,-1.5940632523672,-1.59693634902145,1.53442526801225,1.10440839846713,"Construction Worker","PhD","High"
-0.429271870517018,-0.535215112611165,0.10111343184569,0.885243307519054,-0.248116102095082,0.913641431280449,-0.0251082935782921,0.48789581638105,1.58966403440635,-0.0709193451991179,-0.27899545393314,1.42631097352239,1.37029934662455,1.70936164423923,0.196790235532663,"Lawyer","High School","Medium"
1.17090317448328,1.63875064088676,-0.919997255394589,-1.61763709909529,0.357012324238379,-0.927350452604472,0.391434825692911,1.45892478325799,1.55482844563192,-1.71532448795123,-0.628584611814446,1.18329235764621,0.128200683330876,1.07959068982211,1.24404196199551,"HR Specialist","High School","Medium"
-1.38820954036344,1.06665438996625,-0.603100835216572,-0.957154769572057,0.720089380038456,-0.649464885225616,-0.545787192667296,1.38956557133821,-1.26685424509666,0.313941432891803,0.979525514439559,-0.795573514488342,1.16328290274227,0.939641588840521,-0.0126601097599064,"Mechanic","Bachelor's","Medium"
-1.42623533279776,0.723396639413951,1.65038481938266,0.433334345213688,1.32521780637192,1.36520547827109,-0.268091779819827,0.210458968701924,1.24130814666208,-0.350818092901606,0.944566598651428,-0.830290459613509,0.680244533683619,0.0299724324602228,-1.16463700886904,"Truck Driver","High School","High"
0.907438755474038,-1.10731136353167,-0.779154401982137,1.51096340917264,0.639405589860661,0.0452490332215238,-0.823482605514764,-1.38480290545305,-1.19718306754781,0.104017372114937,-0.663543527602576,-1.5940632523672,-0.147821241845496,0.869667038349728,1.38367552552389,"Financial Analyst","Bachelor's","Medium"
0.509670473824422,1.06665438996625,0.770116985554838,-0.470483579397047,-0.00606473156169745,0.809434343513378,0.807977944964114,-0.275055514736547,0.126569305880418,1.50351111062738,0.455141777617601,0.488953455142861,0.956266458859991,-1.33453130211022,0.0920650628863784,"Graphic Designer","Master's","Medium"
0.780300847638915,-0.992892113347571,-0.497468695157232,-0.713819174484552,0.155302848793892,-0.962086148526829,0.217875192663243,-1.17672526969371,0.265911660978125,0.383916119817425,-0.27899545393314,-0.413687118111498,-0.872378795433472,-0.599798521956906,0.0222482811221885,"Mechanic","PhD","Medium"
-0.628242696278987,1.18107364015036,0.981381265673517,0.74619439604048,-0.369141787361774,-1.37891449959511,-1.72599269726904,0.349177392541487,-1.02300512367567,-1.68033714448842,-0.488748948661924,1.59989569914823,0.645741793036573,1.25452706604909,-1.23445379063323,"Software Engineer","High School","Medium"
0.201910051926263,0.036881138309342,0.55885270543616,-0.679056946614908,-1.74076622038429,-0.441050709691474,-0.337515633031694,-0.795249604134909,-0.988169534901244,-0.455780123290039,0.490100693405731,1.56517875402306,0.680244533683619,0.974628864085917,-0.641011145637615,"Doctor","Master's","Low"
0.418333445036507,-0.87847286316347,-0.743943688629024,-0.331434667918472,-1.13563779405082,1.53888395788287,1.08567335781158,-0.795249604134909,1.10196579156437,-0.280843405975984,-1.11800943284827,-0.135951557110156,0.197206164624969,0.904654313595124,-0.501377582109235,"Nurse","Master's","Low"
0.802145451803313,0.952235139782153,-1.44815795569129,-1.33953927613814,-0.853244528428543,1.57361965380523,1.64106418350652,-0.691210786255237,-1.09267630122453,1.71343517140424,1.7136627459903,-1.45519547186653,0.852758236918852,-0.739747622938491,1.45349230728808,"AI Engineer","High School","Low"
1.03134042565518,-0.191957362058861,1.36869911255776,-1.72192378270422,-1.29700537440641,-0.545257797458545,-0.233379853213894,-0.240375908776656,0.509760782399114,-1.64534980102561,0.664895272346384,-1.66349714261753,-1.07939523931575,0.379845184914183,-1.4089957450437,"Nurse","Master's","Low"
1.68248877862438,-0.764053612979368,-1.09605082216015,-0.261910212179185,1.28487591128302,0.0105133372991668,0.0790274862395087,-0.968647633934363,0.0568981283315639,-0.0359320017363069,-1.01313268548388,1.70404653452373,1.26679112468341,1.35948889178527,0.685507707881992,"Security Guard","Master's","High"
0.20112988749182,0.036881138309342,1.12222411908597,-1.58287487122564,-0.00606473156169745,-0.336843621924403,-0.997042238544432,-0.41377393857611,1.6593352119552,0.803764241371157,-0.698502443390707,0.384802619767358,-0.872378795433472,0.379845184914183,1.41858391640599,"Software Engineer","Master's","Medium"
1.0828312783284,1.63875064088676,0.805327698907951,-0.157623528570254,0.0342771635272,0.705227255746307,1.08567335781158,0.557255028300832,1.6593352119552,1.15363767599927,0.979525514439559,1.21800930277138,-0.768870573492332,-0.249925769502946,0.231698626414758,"Mechanic","High School","Medium"
0.0829783181423158,0.608977389229849,1.22785625914531,-1.61763709909529,1.00248264566074,1.33046978234873,-1.51772113763344,-0.933968027974472,-0.535306880833694,0.90872627175959,0.210429367100687,1.56517875402306,-0.941384276727565,1.28951434129448,-0.7457363182839,"Truck Driver","PhD","High"
0.128227855339998,1.52433139070266,-0.0045187082136494,-1.47858818761671,-1.41803105967311,-0.475786405613831,-1.1706018715741,1.25084714749865,-0.395964525735986,1.71343517140424,1.39903250389712,-1.07330907548968,0.0246924613897364,0.344857909668787,1.13931678934923,"Doctor","High School","Low"
1.09334905070385,-0.306376612242962,0.418009852023707,-1.58287487122564,-1.33734726949531,1.33046978234873,0.738554091752246,1.28552675345854,0.579431959947968,-1.57537511409999,1.64374491441404,1.46102791864756,-1.28641168319803,-1.36951857735562,0.161881844650568,"AI Engineer","PhD","Low"
-1.55793864732333,-0.306376612242962,-0.427047268451006,-1.23525259252921,-0.00606473156169745,-0.545257797458545,-0.511075266061362,0.48789581638105,1.34581491298536,0.243966745966181,0.664895272346384,0.558387345393196,0.162703423977922,-0.669773072447699,-0.396652409462951,"Mechanic","High School","Medium"
-1.50494525573932,0.151300388493443,1.57996339267644,1.33715226982442,0.921798855482943,-1.51785728328454,1.29394491744718,0.383856998501378,-0.709484824705829,0.243966745966181,-0.978173769695751,1.56517875402306,1.12878016209522,1.60439981850305,-1.05991183622275,"Retail Worker","Master's","High"
-0.229549775299661,-1.10731136353167,0.206745571905029,-0.609532490875621,1.28487591128302,1.53888395788287,0.669130238540379,-0.483133150495892,1.72900638950406,-0.49076746675285,1.08440226180395,0.974990686895208,0.749250014977712,0.58976883638656,-1.33917896327951,"Customer Support","Master's","High"
0.997388825267388,0.837815889598052,-1.20168296221949,0.3638098894744,-0.409483682450671,-1.13576462813861,0.217875192663243,1.18148793557887,-0.430800114510413,-1.43542574024875,0.42018286182947,0.94027374177004,-0.69986509219824,0.659743386877352,-1.4439041359258,"Mechanic","Master's","Medium"
-0.634252851922101,-1.45056911408398,-0.110150848272989,0.989529991127985,-0.248116102095082,-0.163165142312618,0.460858678904778,0.418536604461269,0.0568981283315639,-0.560742153678472,0.594977440770123,1.18329235764621,-1.21740620190394,-0.56481124671151,0.615690926117802,"Graphic Designer","PhD","Medium"
-0.763557883186233,-0.306376612242962,-0.990418682100815,-0.957154769572057,-0.611193157895159,0.531548776134522,0.877401798175981,0.626614240220614,1.45032167930864,-1.19051433600907,-0.628584611814446,-0.552554898612168,-0.941384276727565,-1.26455675161943,-0.0126601097599064,"Financial Analyst","Bachelor's","Medium"
1.7389495676948,-1.33614986389988,-0.849575828688363,1.02429221899763,1.72863675726089,1.33046978234873,0.77326601835818,-1.14204566373382,-0.46563570328484,-1.54038777063718,0.490100693405731,-0.170668502235324,0.231708905272015,1.67437436899384,-0.326835627698761,"Security Guard","High School","High"
-0.660980707546531,-0.764053612979368,-1.23689367557261,-1.23525259252921,-1.29700537440641,0.878905735358092,0.217875192663243,1.28552675345854,-0.639813647156975,0.383916119817425,0.560018524981992,-0.760856569363174,-0.354837685727775,0.309870634423391,-1.65335448121837,"AI Engineer","High School","Low"
0.0510782612673211,-0.992892113347571,-1.37773652898506,-1.548112643356,-0.449825577539569,0.0105133372991668,-0.580499119273229,-0.205696302816766,-1.47586777774322,-0.910615588306582,-1.39768075915332,-0.934441294989012,0.680244533683619,0.274883359177995,-0.571194363873425,"Software Engineer","Master's","Medium"
1.6750338740286,-0.0775381118747595,1.756016959442,0.954767763258342,0.518379904593969,-1.62206437105161,-1.51772113763344,0.730653058100286,-1.09267630122453,-0.210868719050362,-1.11800943284827,-1.10802602061485,-1.35541716449212,0.309870634423391,0.860049662292467,"Graphic Designer","High School","Medium"
0.874787429143654,0.952235139782153,-0.779154401982137,0.572383256692262,-1.41803105967311,0.705227255746307,0.912113724781914,-1.62756014717229,-0.430800114510413,0.838751584833968,-0.418831117085662,-1.6982140877427,-0.561854129610054,1.28951434129448,1.59312587081646,"Research Scientist","Bachelor's","Low"
-1.67990435390789,1.52433139070266,-0.673522261922798,-0.088099072830967,1.04282454074964,-1.13576462813861,-0.0251082935782921,0.834691875979958,-0.988169534901244,1.46852376716457,-1.1529683486364,0.21121789414152,0.956266458859991,-1.01964582490166,-0.67591953651971,"Customer Support","High School","High"
-1.5804189410269,-1.67940761445218,1.54475267932333,-0.0185746170916797,0.881456960394045,1.15679130273695,0.252587119269176,-1.52352132929262,-0.186950993089425,-0.210868719050362,-1.22288618021266,-0.274819337610827,-0.768870573492332,0.694730662122748,-1.68826287210046,"Retail Worker","Master's","High"
1.03778400598409,-0.764053612979368,1.4743312526171,-0.227147984309541,-0.530509367717364,1.01784851904752,1.22452106423532,-1.00332723989425,0.718774315045675,0.453890806743047,0.874648767075167,1.00970763202038,0.542233571095433,1.60439981850305,1.27895035287761,"Data Scientist","Master's","Medium"
-0.341893453859424,-0.191957362058861,0.171534858551916,0.885243307519054,1.40590159654971,-1.58732867512926,-0.997042238544432,-1.45416211737283,-1.37136101141994,-1.64534980102561,-0.27899545393314,-1.10802602061485,1.23228838403636,0.869667038349728,0.266607017296853,"Security Guard","PhD","High"
-0.763384513311912,1.63875064088676,-0.849575828688363,-0.088099072830967,0.235986638971687,0.983112823125163,-1.44829728442157,0.730653058100286,0.823281081368956,0.243966745966181,-1.01313268548388,0.141784003891185,-0.00981027925731013,-0.0749893932759655,-0.117385282406191,"Mechanic","High School","Medium"
0.299979610833629,-1.56498836426808,-1.13126153551327,-1.37430150400778,1.04282454074964,-0.823143364837401,-0.858194532120698,-1.00332723989425,0.823281081368956,1.15363767599927,-0.593625696026315,-0.656705733987671,1.16328290274227,0.414832460159579,-0.710827927401805,"Retail Worker","Master's","High"
0.736611639310118,1.29549289033446,-0.567890121863458,0.329047661604757,0.80077317021625,-0.684200581147973,1.50221647708279,-0.621851574335455,0.126569305880418,-0.105906688661929,0.979525514439559,-1.52462936211686,0.438725349154294,0.904654313595124,-0.0824768915240963,"Financial Analyst","High School","Medium"
-0.851485304445842,-0.649634362795267,-0.919997255394589,0.641907712431549,1.68829486217199,-0.267372230079689,0.217875192663243,-0.933968027974472,-0.326293348187133,-0.525754810215661,0.560018524981992,1.66932958939856,1.05977468080113,-1.08962037539245,0.301515408178948,"Retail Worker","Bachelor's","High"
-1.0373089147385,1.18107364015036,-0.884786542041476,-1.13096590892028,-0.288457997183979,0.635755863901593,0.00960363302764153,1.49360438921788,-1.02300512367567,-0.455780123290039,-0.593625696026315,-0.899724349863845,1.68082401244797,-0.38987487048453,1.55821747993436,"Chef","Master's","Medium"
-1.58368407365994,-1.67940761445218,-1.06084010880704,-1.30477704826849,1.6479529670831,-1.62206437105161,1.60635225690059,-0.275055514736547,-0.883662768577963,0.453890806743047,-1.29280401178893,-1.48991241699169,1.12878016209522,-0.284913044748342,0.0920650628863784,"Construction Worker","Bachelor's","High"
1.12363098875186,1.29549289033446,-0.462257981804119,0.0509498386476076,0.437696114416174,0.0105133372991668,0.981537577993782,-1.31544369353327,-1.54553895529208,-1.15552699254626,0.944566598651428,0.905556796644873,-1.25190894255098,-1.64941677931879,0.685507707881992,"HR Specialist","Master's","Medium"
1.59250981385198,1.52433139070266,0.875749125614177,-1.02667922531134,0.114960953704995,0.913641431280449,-0.823482605514764,0.106420150822252,-0.674649235931402,-0.910615588306582,1.64374491441404,1.42631097352239,-0.182323982492542,-1.26455675161943,0.825141271410372,"Graphic Designer","Master's","Medium"
1.36944057555945,-1.33614986389988,-1.16647224886638,-0.400959123657759,0.0342771635272,-1.37891449959511,0.252587119269176,-1.66223975313218,1.34581491298536,1.50351111062738,0.804730935498906,-0.101234611984989,-0.872378795433472,0.834679763104332,1.52330908905227,"Data Scientist","Master's","Medium"
1.43679477173301,0.952235139782153,-0.110150848272989,-0.609532490875621,-0.248116102095082,-0.302107926002046,1.57164033029465,-0.8299292100948,-0.047608637991717,1.60847314101581,-0.0692419592043573,1.25272624789655,-1.52793086772735,1.56941254325765,-1.05991183622275,"Chef","Bachelor's","Medium"
0.220518418436677,-0.764053612979368,-1.13126153551327,-0.192385756439898,1.12350833092743,-0.232636534157332,-0.858194532120698,1.63232281305745,-0.674649235931402,0.55885283713148,-1.25784509600079,1.11385846739588,0.128200683330876,1.67437436899384,-0.257018845934571,"Customer Support","Bachelor's","High"
-0.0644149700092672,1.18107364015036,-0.532679408510346,0.850481079649411,1.44624349163861,0.983112823125163,-1.4830092110275,0.279818180621705,1.48515726808307,-1.33046370986031,-1.43263967494145,0.766689016144202,-0.630859610904147,0.554781561141164,0.196790235532663,"Construction Worker","Bachelor's","High"
-0.0781400850596499,0.608977389229849,1.36869911255776,0.641907712431549,-1.5390567449398,-0.823143364837401,1.32865684405312,0.314497786581596,0.997459025241091,-0.14089403212474,-1.39768075915332,-0.587271843737336,-1.18290346125689,0.974628864085917,0.720416098764087,"Research Scientist","Bachelor's","Low"
-1.28135590782383,-1.10731136353167,-0.250993701685441,0.74619439604048,-0.288457997183979,0.739962951668664,0.18316326605731,-0.864608816054691,0.579431959947968,1.36356173677613,-0.663543527602576,1.07914152227071,-0.561854129610054,1.1145779650675,-1.54862930857208,"Chef","Bachelor's","Medium"
-0.0816652725041692,-0.764053612979368,-1.37773652898506,1.30239004195478,0.0342771635272,0.32313460060038,1.18980913762938,-1.55820093525251,-0.395964525735986,0.523865493668669,-0.348913285509401,-1.62878019749237,0.507730830448387,-0.38987487048453,-1.65335448121837,"Marketing Manager","Bachelor's","Medium"
0.353926536726396,-0.87847286316347,-0.990418682100815,0.0509498386476076,-0.530509367717364,-0.475786405613831,0.877401798175981,1.07744911769919,1.03229461401552,0.733789554445535,0.140511535524426,0.176500949016352,1.54281304985978,1.32450161653988,0.545874144353612,"Chef","Master's","Medium"
0.717136423428101,1.06665438996625,0.805327698907951,-1.51335041548635,0.720089380038456,0.184191816910952,0.00960363302764153,-0.725890392215128,-1.75455248793864,-1.50540042717437,-0.838338106543229,0.141784003891185,-1.45892538643326,1.63938709374844,-0.291927236816666,"Graphic Designer","PhD","Medium"
-1.37119039770096,1.06665438996625,0.10111343184569,-1.51335041548635,-0.974270213695235,-0.128429446390261,-1.10117801836223,-1.17672526969371,-0.500471292059267,0.278954089428992,-0.27899545393314,0.35008567464219,0.714747274330666,0.869667038349728,-0.326835627698761,"Teacher","High School","Low"
1.18009177782227,-0.535215112611165,-1.27210438892572,0.0509498386476076,0.881456960394045,-0.892614756682115,0.28729904587511,0.834691875979958,-1.40619660019437,-0.980590275232204,1.7136627459903,-0.552554898612168,-0.768870573492332,-1.43949312784641,0.685507707881992,"Customer Support","PhD","High"
-0.0234418897114933,0.837815889598052,-1.20168296221949,0.468096573083331,0.0342771635272,0.218927512833309,1.71048803671839,-1.62756014717229,1.41548609053421,1.22361236292489,-0.27899545393314,1.32216013814688,0.507730830448387,1.35948889178527,0.336423799061043,"Chef","Master's","Medium"
1.23210274011846,-1.56498836426808,0.277166998611255,-1.09620368105063,-1.66008243020649,0.531548776134522,1.57164033029465,0.314497786581596,1.03229461401552,-1.12053964908345,0.525059609193862,0.80140596126937,-1.59693634902145,-1.40450585260102,0.999683225820846,"Research Scientist","High School","Low"
-0.646157583292118,0.494558139045748,-0.321415128391667,1.476201181303,1.80932054743869,0.913641431280449,1.01624950459972,-1.00332723989425,-1.09267630122453,1.71343517140424,0.699854188134514,0.662538180768699,-0.734367832845286,1.35948889178527,-1.58353769945418,"Security Guard","Bachelor's","High"
1.22615037443345,-0.87847286316347,-1.13126153551327,0.74619439604048,0.357012324238379,0.114720425066238,-1.6912807706631,1.28552675345854,1.58966403440635,-1.01557761869501,1.18927900916834,1.63461264427339,-0.5963568702571,-1.08962037539245,1.69785104346274,"Marketing Manager","Master's","Medium"
0.814570292796291,-1.45056911408398,-0.779154401982137,0.850481079649411,0.19564474388279,0.635755863901593,0.738554091752246,0.661293846180504,-0.570142469608121,-0.630716840604094,-0.24403653814501,1.07914152227071,1.50831030921273,-0.144963943766757,-1.4089957450437,"Graphic Designer","High School","Medium"
-1.085708004653,-1.67940761445218,-1.4833686690444,-1.16572813678992,-0.933928318606338,0.184191816910952,-0.511075266061362,1.49360438921788,1.58966403440635,-0.560742153678472,1.29415575653273,0.627821235643532,-0.803373314139379,1.53442526801225,-1.51372091768999,"Nurse","PhD","Low"
-0.45282127844557,1.18107364015036,-0.35662584174478,0.676669940301192,-0.732218843161851,1.36520547827109,0.564994458722579,-0.760569998175018,0.544596371173541,0.173992059040559,-0.558666780238185,-1.62878019749237,0.162703423977922,-1.47448040309181,1.10440839846713,"Data Scientist","Master's","Medium"
1.34612232746332,1.63875064088676,-0.250993701685441,-0.227147984309541,0.0746190586160974,-1.58732867512926,-1.03175416515037,-1.03800684585414,0.335582838526979,-0.805653557918149,-1.25784509600079,-1.66349714261753,1.16328290274227,1.63938709374844,0.720416098764087,"Graphic Designer","High School","Medium"
1.16587544812798,-0.0775381118747595,-1.34252581563195,-0.0533368449613233,-0.0867485217394923,-0.267372230079689,-0.406939486243561,0.00238133294257918,-1.51070336651765,-1.57537511409999,-1.53751642230584,-1.03859213036452,-0.768870573492332,-1.15959492588324,-0.850461490930185,"Mechanic","Master's","Medium"
0.253111954808954,1.63875064088676,-1.23689367557261,-0.713819174484552,-1.41803105967311,0.844170039435735,1.60635225690059,1.45892478325799,-0.0824442267661439,-0.105906688661929,-1.29280401178893,1.63461264427339,0.887260977565898,1.21953979080369,-0.920278272694374,"Nurse","High School","Low"
1.25903286059626,-1.10731136353167,-1.41294724233817,1.54572563704228,-0.369141787361774,0.357870296522737,-1.20531379818003,1.0427695117393,-1.09267630122453,1.11865033253646,-0.348913285509401,0.280651784391855,-0.803373314139379,1.32450161653988,0.929866444056657,"HR Specialist","Master's","Medium"
1.50097052021069,-0.535215112611165,0.312377711964368,-1.27001482039885,-0.570851262806261,0.114720425066238,0.495570605510712,0.210458968701924,0.196240483429272,0.873738928296779,1.39903250389712,-0.37897017298633,0.128200683330876,1.35948889178527,-0.117385282406191,"Graphic Designer","High School","Medium"
0.711761957324162,1.29549289033446,0.946170552320403,1.33715226982442,0.397354219327277,-1.37891449959511,-0.129244073396093,-1.00332723989425,-0.639813647156975,-0.0709193451991179,-0.978173769695751,0.0723501136408495,0.473228089801341,1.28951434129448,-0.990095054458564,"Chef","PhD","Medium"
0.537496338652882,-0.992892113347571,-0.321415128391667,-0.957154769572057,-0.288457997183979,1.33046978234873,-1.24002572478597,-0.205696302816766,-0.674649235931402,-1.43542574024875,-1.39768075915332,0.974990686895208,1.19778564338932,0.834679763104332,0.161881844650568,"Data Scientist","Bachelor's","Medium"
0.197691384984461,1.40991214051856,-1.23689367557261,0.989529991127985,-1.37768916458421,0.878905735358092,-0.927618385332565,1.14680832961898,0.231076072203698,-1.68033714448842,0.0705937039481649,-0.656705733987671,-1.52793086772735,-0.179951219012154,-0.641011145637615,"Teacher","Master's","Low"
0.0145550077437766,-0.535215112611165,-0.532679408510346,-1.09620368105063,-1.5390567449398,-1.3094431077504,-1.44829728442157,1.4242451772981,1.38065050175979,1.18862501946208,-0.94321485390762,0.80140596126937,0.300714386566108,-1.579442228828,1.41858391640599,"Research Scientist","Master's","Low"
1.60583039919561,-0.0775381118747595,0.734906272201725,-0.922392541702414,0.0746190586160974,-1.34417880367276,-0.68463489909103,0.765332664060177,-0.709484824705829,-1.19051433600907,-1.71231100124649,0.245934839266687,1.61181853115387,-0.0749893932759655,-0.990095054458564,"Graphic Designer","Master's","Medium"
1.16209020587198,0.380138888861646,0.347588425317481,1.05905444686727,-0.0867485217394923,-1.13576462813861,-1.0664660917563,1.38956557133821,-0.91849835735239,0.838751584833968,-0.803379190755098,0.766689016144202,-1.45892538643326,-1.01964582490166,-0.291927236816666,"Marketing Manager","Master's","Medium"
1.66887924349021,1.63875064088676,-0.532679408510346,0.25952320586547,-1.4987148498509,0.635755863901593,0.0443155596335751,0.730653058100286,-0.256622170638279,1.36356173677613,-0.418831117085662,-0.656705733987671,0.197206164624969,0.0299724324602228,0.0920650628863784,"AI Engineer","PhD","Low"
0.521401835320118,-0.87847286316347,0.312377711964368,1.37191449769406,-1.21632158422862,-1.65680006697397,1.29394491744718,1.18148793557887,-1.5803745440665,-1.26048902293469,0.210429367100687,-1.5940632523672,-0.320334945080728,1.67437436899384,-1.12972861798694,"Nurse","High School","Low"
-0.397053968872436,-0.649634362795267,0.629274132142386,-1.58287487122564,0.518379904593969,-1.03155754037154,0.113739412845442,-0.864608816054691,0.544596371173541,0.348928776354614,1.57382708283778,-0.170668502235324,1.26679112468341,0.274883359177995,1.45349230728808,"Mechanic","Bachelor's","Medium"
-0.104578990893545,-1.33614986389988,0.171534858551916,-0.366196895788116,-0.691876948072953,0.253663208755666,1.01624950459972,0.210458968701924,-0.779156002254683,-0.805653557918149,-0.90825593811949,1.66932958939856,-0.354837685727775,-0.634785797202302,-0.257018845934571,"Marketing Manager","High School","Medium"
0.0510204713092143,1.52433139070266,-1.06084010880704,0.0509498386476076,0.478038009505071,1.33046978234873,1.29394491744718,1.52828399517777,-1.30168983387109,-1.57537511409999,-1.36272184336519,0.35008567464219,0.197206164624969,0.58976883638656,-0.431560800345046,"HR Specialist","Bachelor's","Medium"
0.487912554597184,0.494558139045748,0.171534858551916,-1.44382595974707,1.6076110719942,1.46941256603816,-0.372227559637628,0.834691875979958,0.161404894654845,-0.875628244843771,-1.50255750651771,-0.865007404738677,0.335217127213154,-1.61442950407339,1.20913357111342,"Customer Support","PhD","High"
1.47773895705173,-0.535215112611165,1.40390982591087,0.920005535388698,-0.974270213695235,0.357870296522737,1.36336877065905,0.00238133294257918,1.69417080072963,-1.36545105332312,1.08440226180395,0.488953455142861,0.266211645919061,0.799692487858936,1.20913357111342,"Nurse","Bachelor's","Low"
-1.20232814011268,-1.10731136353167,-0.427047268451006,1.1633411304762,0.96214075057184,-1.23997171590569,0.530282532116645,1.4242451772981,-1.37136101141994,0.348928776354614,-1.46759859072958,1.07914152227071,1.4048020872716,0.449819735404976,0.685507707881992,"Truck Driver","Bachelor's","High"
0.337716453477418,-1.22173061371577,-1.51857938239751,-1.09620368105063,-0.369141787361774,0.913641431280449,-0.19866792660796,-1.45416211737283,1.20647255788765,1.74842251486705,-0.139159790780618,0.0376331685156818,-1.45892538643326,-0.424862145729926,-0.431560800345046,"Data Scientist","Master's","Medium"
-1.50286481724748,-0.87847286316347,0.55885270543616,0.989529991127985,-0.611193157895159,-0.267372230079689,-1.0664660917563,1.25084714749865,-1.23201865632223,-0.175881375587551,-1.57247533809397,0.454236510017693,-0.0788157605514031,-0.00501484278517327,-1.37408735416161,"Software Engineer","PhD","Medium"
-1.20307940956807,0.837815889598052,0.206745571905029,1.61525009278157,0.841115065305148,1.46941256603816,-0.0598202201842257,-1.00332723989425,0.579431959947968,0.104017372114937,-0.94321485390762,0.454236510017693,-0.11331850119845,0.659743386877352,0.685507707881992,"Retail Worker","Master's","High"
-0.911875810667526,-1.56498836426808,-0.391836555097893,-1.51335041548635,-0.00606473156169745,-0.892614756682115,-1.55243306423937,-0.587171968375564,-1.44103218896879,0.313941432891803,0.000675872371903821,1.00970763202038,-0.803373314139379,-0.459849420975322,0.685507707881992,"Graphic Designer","PhD","Medium"
1.33678924922906,0.837815889598052,1.40390982591087,0.0857120665172512,0.276328534060584,0.114720425066238,-0.233379853213894,0.349177392541487,-0.395964525735986,-0.735678870992527,0.734813103922645,1.28744319302172,-0.734367832845286,0.729717937368144,-0.222110455052476,"Software Engineer","High School","Medium"
1.02070707336351,-0.306376612242962,0.418009852023707,1.54572563704228,-0.248116102095082,0.913641431280449,-0.649922972485096,1.0427695117393,0.89295225891781,0.978700958685212,1.74862166177843,-1.24689380111552,-0.389340426374821,0.449819735404976,0.336423799061043,"Lawyer","Bachelor's","Medium"
1.25735695181116,-0.649634362795267,-1.58900080910374,0.74619439604048,1.5269272818164,-1.51785728328454,0.148451339451376,-0.899288422014582,1.03229461401552,-1.54038777063718,-1.22288618021266,-1.38576158161619,-1.49342812708031,0.344857909668787,1.3138587437597,"Security Guard","Master's","High"
0.432376404856478,0.723396639413951,-1.02562939545393,-0.540008035136334,-0.248116102095082,-0.163165142312618,-0.268091779819827,0.591934634260723,-0.570142469608121,0.593840180594291,0.175470451312557,-1.55934630724203,1.43930482791864,-1.12460765063785,-0.152293673288286,"Graphic Designer","Master's","Medium"
1.56107207664184,-0.420795862427064,-0.884786542041476,-1.65239932696493,1.28487591128302,-0.962086148526829,0.28729904587511,1.11212872365908,0.022062539557137,0.55885283713148,0.594977440770123,1.11385846739588,0.645741793036573,1.67437436899384,-0.117385282406191,"Security Guard","High School","High"
1.56534853354175,-0.764053612979368,-0.391836555097893,1.19810335834585,-0.611193157895159,0.844170039435735,0.148451339451376,1.38956557133821,0.788445492594529,0.593840180594291,1.36407358810899,1.42631097352239,-0.423843167021868,1.49943799276686,-1.54862930857208,"Graphic Designer","Master's","Medium"
1.25126011123089,0.952235139782153,-0.567890121863458,-0.0185746170916797,1.6479529670831,0.496813080212165,-0.129244073396093,-1.17672526969371,1.51999285685749,-0.560742153678472,-1.39768075915332,0.21121789414152,-0.320334945080728,0.309870634423391,-0.920278272694374,"Retail Worker","Master's","High"
-1.00564001769593,1.63875064088676,-0.427047268451006,-1.13096590892028,0.437696114416174,1.71256243749466,-0.754058752302897,1.45892478325799,-1.30168983387109,1.60847314101581,0.874648767075167,-0.517837953487001,-0.69986509219824,0.484807010650372,0.336423799061043,"Mechanic","PhD","Medium"
1.00325450601524,-0.306376612242962,0.946170552320403,0.155236522256539,1.72863675726089,0.32313460060038,1.22452106423532,1.18148793557887,1.45032167930864,-1.47041308371156,0.280347198676948,-0.101234611984989,-0.0443130199043566,-0.144963943766757,1.20913357111342,"Construction Worker","Bachelor's","High"
-0.165691871591564,0.036881138309342,-0.145361561626102,-1.02667922531134,1.04282454074964,0.566284472056879,-1.30944957799783,-1.07268645181404,0.0917337171059909,-1.57537511409999,-1.29280401178893,1.25272624789655,1.19778564338932,-0.529823971466114,-0.501377582109235,"Truck Driver","Bachelor's","High"
1.08046189004602,0.723396639413951,-1.65942223580996,0.294285433735113,-1.21632158422862,1.01784851904752,1.57164033029465,-0.483133150495892,-0.221786581863852,0.628827524057102,1.64374491441404,1.35687708327205,0.57673631174248,1.25452706604909,-1.4089957450437,"AI Engineer","Bachelor's","Low"
0.919372381823108,0.151300388493443,-1.72984366251619,-1.09620368105063,-1.17597968913972,1.36520547827109,0.460858678904778,0.557255028300832,-1.40619660019437,0.593840180594291,-0.174118706568749,0.523670400268029,-0.5963568702571,0.274883359177995,-0.257018845934571,"Research Scientist","High School","Low"
-0.128764088361272,-0.191957362058861,-1.23689367557261,-0.331434667918472,-1.458372954762,0.844170039435735,0.738554091752246,1.4242451772981,0.44008960485026,-0.630716840604094,0.979525514439559,0.00291622339051411,-1.07939523931575,0.869667038349728,-1.26936218151532,"Teacher","High School","Low"
1.04281173233939,-0.191957362058861,0.91095983896729,0.954767763258342,1.6076110719942,-0.71893627707033,1.29394491744718,0.765332664060177,1.1368013803388,0.768776897908346,0.280347198676948,-1.35104463649102,0.714747274330666,0.659743386877352,-0.641011145637615,"Truck Driver","Bachelor's","High"
-0.419967687261811,0.036881138309342,0.171534858551916,0.224760977995826,-0.207774207006184,-1.3094431077504,-0.962330311938498,0.938730693859631,-0.813991591029109,-1.71532448795123,1.74862166177843,-1.00387518523935,0.542233571095433,1.49943799276686,0.371332189943138,"Mechanic","Master's","Medium"
0.690032933075977,-0.535215112611165,1.36869911255776,-0.748581402354195,-0.449825577539569,1.74729813341702,-0.997042238544432,0.591934634260723,1.55482844563192,1.43353642370176,-0.209077622356879,0.488953455142861,0.0936979426838294,-0.529823971466114,-1.23445379063323,"UX Researcher","Master's","Medium"
0.64070920383176,-0.992892113347571,-1.44815795569129,0.398572117344044,0.155302848793892,-0.579993493380902,-1.24002572478597,1.0427695117393,-0.152115404314998,0.838751584833968,-1.67735208545836,-1.48991241699169,-1.1138979799628,-1.36951857735562,-1.05991183622275,"Chef","PhD","Medium"
1.46915714827286,0.723396639413951,-1.58900080910374,-1.58287487122564,0.841115065305148,0.705227255746307,0.148451339451376,-0.448453544536001,0.614267548722395,0.20897940250337,-1.71231100124649,1.18329235764621,-0.527351388963007,-0.354887595239134,0.999683225820846,"Customer Support","High School","High"
0.525996136989614,-0.87847286316347,-1.72984366251619,1.44143895343335,-0.00606473156169745,-0.510522101536188,1.12038528441752,-1.62756014717229,-1.0578407124501,-1.15552699254626,0.839689851287036,-0.656705733987671,0.921763718212945,-1.61442950407339,0.406240580825233,"Software Engineer","High School","Medium"
0.0137748433093338,0.494558139045748,-1.09605082216015,1.12857890260656,1.20419212110522,0.253663208755666,-1.62185691745124,1.00808990577941,-0.744320413480256,0.698802210982724,0.909607682863297,-1.31632769136586,-0.69986509219824,0.76470521261354,-0.920278272694374,"Security Guard","PhD","High"
1.28865021412603,0.952235139782153,0.0306920051394637,-0.435721351527403,-0.0867485217394923,1.39994117419345,-1.10117801836223,1.07744911769919,-1.68488131038978,1.50351111062738,0.000675872371903821,-0.934441294989012,-1.73494731160963,0.204908808687203,-0.885369881812279,"UX Researcher","Master's","Medium"
-0.694412198311358,-0.420795862427064,-0.779154401982137,-1.40906373187742,-0.00606473156169745,0.218927512833309,-0.163956000002026,-0.136337090896984,0.300747249752552,0.139004715577748,-1.29280401178893,-1.03859213036452,-1.25190894255098,0.659743386877352,0.126973453768473,"Financial Analyst","High School","Medium"
0.151199363687481,1.40991214051856,1.05180269237974,-0.574770263005978,1.36555970146081,-1.48312158736218,0.842689871570047,0.695973452140395,1.03229461401552,1.36356173677613,0.909607682863297,1.18329235764621,-0.527351388963007,-0.56481124671151,1.55821747993436,"Construction Worker","Master's","High"
1.2324494798671,-1.33614986389988,0.171534858551916,-0.435721351527403,0.599063694771764,-0.614729189303259,-1.20531379818003,0.48789581638105,-1.61521013284093,-0.385805436364417,1.08440226180395,-0.691422679112839,1.47380756856569,1.60439981850305,1.13931678934923,"Graphic Designer","Bachelor's","Medium"
-1.35081943746829,-0.764053612979368,0.10111343184569,0.25952320586547,0.518379904593969,-0.0242223586231903,-0.302803706425761,0.383856998501378,0.544596371173541,0.90872627175959,0.594977440770123,0.870839851519705,0.57673631174248,-0.0749893932759655,-1.26936218151532,"Chef","PhD","Medium"
-0.186640731405306,1.40991214051856,0.946170552320403,-0.470483579397047,-1.5390567449398,-0.0242223586231903,1.01624950459972,0.48789581638105,-1.61521013284093,-0.0359320017363069,1.7136627459903,-0.517837953487001,-0.216826723139589,-0.739747622938491,0.0222482811221885,"Teacher","Bachelor's","Low"
-1.4509116449094,-1.22173061371577,-0.884786542041476,0.74619439604048,-0.570851262806261,1.50414826196052,-0.649922972485096,0.279818180621705,-0.639813647156975,-0.0359320017363069,1.39903250389712,-1.48991241699169,1.23228838403636,0.204908808687203,0.615690926117802,"Lawyer","Master's","Medium"
-0.55126647208063,0.151300388493443,0.91095983896729,-1.27001482039885,1.76897865234979,1.05258421496988,-0.0251082935782921,1.45892478325799,-1.16234747877338,1.74842251486705,0.769772019710775,-1.38576158161619,0.128200683330876,0.729717937368144,0.406240580825233,"Retail Worker","PhD","High"
0.607046553234506,-0.649634362795267,-0.532679408510346,-0.540008035136334,-0.974270213695235,-0.927350452604472,-1.41358535781563,0.349177392541487,0.649103137496822,-0.700691527529716,0.350265030253209,0.974990686895208,-0.527351388963007,0.099946982951015,-1.19954539975113,"AI Engineer","Bachelor's","Low"
1.53477764570321,-1.22173061371577,1.68559553273578,-0.679056946614908,1.08316643583853,1.64309104564995,0.807977944964114,0.314497786581596,0.683938726271249,0.768776897908346,0.909607682863297,-1.48991241699169,-0.320334945080728,-0.704760347693095,-1.47881252680789,"Truck Driver","PhD","High"
-1.54944352348162,1.06665438996625,0.418009852023707,-1.09620368105063,-0.328799892272877,0.496813080212165,0.28729904587511,1.28552675345854,0.997459025241091,1.67844782794143,0.350265030253209,0.697255125893867,1.23228838403636,1.18455251555829,0.790232880528277,"UX Researcher","High School","Medium"
-0.217847308783019,-0.306376612242962,-0.81436511533525,1.33715226982442,1.5672691769053,1.1915269986593,-1.24002572478597,-0.656531180295346,-0.291457759412706,1.22361236292489,1.36407358810899,-0.760856569363174,0.645741793036573,-1.47448040309181,-0.291927236816666,"Truck Driver","PhD","High"
-1.05955804860964,-0.992892113347571,0.946170552320403,1.37191449769406,-0.288457997183979,0.114720425066238,0.530282532116645,-0.587171968375564,1.69417080072963,1.36356173677613,-0.698502443390707,0.0376331685156818,-0.941384276727565,0.0299724324602228,0.650599316999897,"Financial Analyst","Master's","Medium"
-0.370383903206113,0.036881138309342,1.29827768585153,0.329047661604757,-0.812902633339646,-1.62206437105161,1.15509721102345,1.00808990577941,-1.30168983387109,-0.525754810215661,1.32911467232086,0.0723501136408495,-0.354837685727775,1.42946344227607,-1.4089957450437,"Doctor","High School","Low"
-0.627722586656025,1.18107364015036,0.523641992083047,0.398572117344044,1.08316643583853,0.218927512833309,0.738554091752246,0.279818180621705,0.614267548722395,-0.805653557918149,1.15432009338021,-0.170668502235324,1.68082401244797,-1.68440405456418,-0.396652409462951,"Construction Worker","High School","High"
1.33915863751144,-1.22173061371577,0.206745571905029,-0.88763031383277,1.5269272818164,1.33046978234873,-0.997042238544432,-1.17672526969371,1.31097932421093,-0.455780123290039,-0.24403653814501,-0.96915824011418,-0.251329463786635,-0.949671274410867,0.615690926117802,"Retail Worker","Bachelor's","High"
-1.02566423817996,0.380138888861646,0.277166998611255,-0.957154769572057,1.08316643583853,0.948377127202806,1.01624950459972,-0.0322982730173117,-1.23201865632223,-1.50540042717437,-0.803379190755098,0.80140596126937,0.335217127213154,0.76470521261354,-0.0824768915240963,"Retail Worker","PhD","High"
-0.949468178416047,-0.420795862427064,-0.0749401349198756,-1.44382595974707,-0.691876948072953,1.15679130273695,0.460858678904778,-0.760569998175018,0.89295225891781,-1.22550167947188,0.525059609193862,1.70404653452373,-1.21740620190394,-1.26455675161943,-0.0824768915240963,"Marketing Manager","PhD","Medium"
1.04575902020284,0.036881138309342,-1.65942223580996,0.016187610777964,-0.691876948072953,-0.892614756682115,0.738554091752246,0.834691875979958,0.788445492594529,-1.47041308371156,1.01448443022769,-0.240102392485659,-0.0788157605514031,-0.284913044748342,1.27895035287761,"Lawyer","Master's","Medium"
-0.696926061489007,0.837815889598052,-0.0045187082136494,1.1633411304762,1.6076110719942,-1.69153576289633,-0.0598202201842257,-1.5928805412124,-0.674649235931402,1.08366298907365,1.53886816704965,-0.899724349863845,-1.66594183031554,-0.354887595239134,-0.53628597299133,"Truck Driver","High School","High"
1.41902435961514,0.952235139782153,-0.0045187082136494,-0.331434667918472,-0.449825577539569,1.15679130273695,-0.858194532120698,-1.55820093525251,0.196240483429272,-0.595729497141283,0.734813103922645,-1.45519547186653,1.61181853115387,-1.08962037539245,-0.46646919122714,"Software Engineer","Bachelor's","Medium"
1.5544551264386,-1.67940761445218,0.664484845495499,-1.02667922531134,-1.33734726949531,-0.996821844449186,-1.65656884405717,-0.0669778789772025,-0.291457759412706,-0.210868719050362,-1.01313268548388,1.56517875402306,-1.73494731160963,1.35948889178527,0.860049662292467,"Doctor","Bachelor's","Low"
0.0128213090005703,0.151300388493443,-0.110150848272989,1.7195367763905,0.235986638971687,-1.27470741182804,-0.129244073396093,-0.101657484937093,1.03229461401552,1.50351111062738,-1.46759859072958,-0.656705733987671,-0.69986509219824,1.74434891948463,0.231698626414758,"Mechanic","Master's","Medium"
-0.509802177138948,-0.420795862427064,-0.250993701685441,0.780956623910123,1.08316643583853,1.4346768701158,-0.129244073396093,1.0427695117393,-0.848827179803536,0.698802210982724,-0.313954369721271,-1.62878019749237,-0.320334945080728,0.169921533441807,-1.19954539975113,"Construction Worker","Bachelor's","High"
0.0448369457917787,-0.420795862427064,-0.145361561626102,-0.540008035136334,-1.37768916458421,-0.128429446390261,-1.24002572478597,-1.10736605777393,1.20647255788765,-1.15552699254626,0.594977440770123,-0.274819337610827,1.61181853115387,-1.5094676783372,1.17422518023132,"AI Engineer","PhD","Low"
1.34623790737954,0.952235139782153,-1.72984366251619,-0.818105858093483,-0.167432311917287,-0.649464885225616,-0.476363339455429,1.45892478325799,-0.500471292059267,-0.245856062513173,0.909607682863297,1.00970763202038,-1.45892538643326,0.694730662122748,-0.0475685006420014,"Mechanic","PhD","Medium"
-1.24474596936312,-1.22173061371577,-0.849575828688363,-1.548112643356,-0.248116102095082,-0.823143364837401,-0.406939486243561,0.279818180621705,0.788445492594529,0.418903463280236,0.629936356558253,1.28744319302172,1.26679112468341,1.25452706604909,-1.19954539975113,"Marketing Manager","Master's","Medium"
-1.58891406486861,1.06665438996625,-0.0045187082136494,-0.470483579397047,-0.611193157895159,-0.71893627707033,1.67577611011245,-0.517812756455783,-0.291457759412706,-1.68033714448842,0.769772019710775,-0.309536282735995,-1.38991990513917,1.63938709374844,0.999683225820846,"Software Engineer","Master's","Medium"
0.126262996764365,0.380138888861646,1.61517410602955,-0.296672440048828,-1.09529589896193,-0.996821844449186,0.703842165146313,-1.69691935909207,-1.30168983387109,-0.210868719050362,-1.71231100124649,-0.135951557110156,0.0591952020367829,0.414832460159579,-1.37408735416161,"Doctor","Bachelor's","Low"
-0.206953901679873,-0.764053612979368,0.382799138670594,0.572383256692262,0.841115065305148,0.149456120988595,0.981537577993782,-1.48884172333273,-0.326293348187133,-0.560742153678472,1.43399141968526,-1.07330907548968,-0.630859610904147,1.39447616703067,-0.571194363873425,"Retail Worker","PhD","High"
-0.985066792609882,1.18107364015036,1.43912053926399,-0.713819174484552,1.6479529670831,-0.197900838234975,0.77326601835818,-1.35012329949316,0.126569305880418,1.64346048447862,0.594977440770123,1.11385846739588,-0.837876054786425,1.04460341457671,-0.501377582109235,"Security Guard","PhD","High"
-1.566953880788,-0.535215112611165,-1.09605082216015,-0.0185746170916797,-1.29700537440641,0.427341688367451,1.29394491744718,-0.691210786255237,1.6593352119552,1.2585997063877,-0.348913285509401,-0.934441294989012,-1.49342812708031,-0.949671274410867,1.3487671346418,"Teacher","High School","Low"
-0.634772961545063,0.265719638677545,-1.27210438892572,-1.65239932696493,-0.328799892272877,-0.962086148526829,-1.3788734312097,1.56296360113766,-0.813991591029109,-1.68033714448842,1.53886816704965,0.280651784391855,-1.45892538643326,-1.64941677931879,-1.33917896327951,"Marketing Manager","Master's","Medium"
-0.167714520125305,1.06665438996625,0.241956285258142,0.537621028822618,-1.66008243020649,-0.0242223586231903,1.60635225690059,1.18148793557887,0.753609903820102,0.104017372114937,-0.383872201297532,-0.170668502235324,0.887260977565898,0.169921533441807,0.929866444056657,"AI Engineer","PhD","Low"
1.30494698231217,-1.56498836426808,0.488431278729934,0.3638098894744,1.20419212110522,-1.03155754037154,-0.441651412849495,0.0717405448623608,-1.65004572161536,-0.0359320017363069,1.2591968407446,1.66932958939856,1.23228838403636,-1.15959492588324,-1.16463700886904,"Security Guard","PhD","High"
-1.50982850719935,0.608977389229849,-0.955207968747702,0.641907712431549,0.881456960394045,-0.197900838234975,-0.754058752302897,0.349177392541487,1.03229461401552,1.50351111062738,1.60878599862591,-0.517837953487001,1.23228838403636,0.309870634423391,0.685507707881992,"Customer Support","High School","High"
1.48978816331701,-0.87847286316347,-1.30731510227883,1.58048786491193,0.0746190586160974,-0.545257797458545,-0.545787192667296,0.869371481939849,0.614267548722395,0.838751584833968,-0.873297022331359,-1.14274296574002,0.749250014977712,-0.704760347693095,-0.955186663576469,"Chef","Master's","Medium"
-0.612032613030008,-0.87847286316347,-1.23689367557261,-0.227147984309541,-0.409483682450671,1.36520547827109,0.669130238540379,0.834691875979958,-0.361128936961559,0.383916119817425,0.000675872371903821,-1.14274296574002,-1.5624336083744,0.624756111631956,-1.30427057239742,"Chef","High School","Medium"
-0.893411919052379,-1.56498836426808,-0.215782988332328,0.850481079649411,0.437696114416174,1.29573408642638,-1.03175416515037,1.70168202497723,0.89295225891781,-1.15552699254626,1.18927900916834,0.00291622339051411,-1.49342812708031,-1.29954402686483,-0.222110455052476,"Lawyer","Bachelor's","Medium"
0.735166890357446,0.036881138309342,1.57996339267644,-0.957154769572057,-0.0464066266505949,-0.927350452604472,0.217875192663243,1.4242451772981,0.231076072203698,0.0690300286521262,0.874648767075167,-1.21217685599035,1.4048020872716,0.274883359177995,0.685507707881992,"UX Researcher","PhD","Medium"
0.959016293084424,0.380138888861646,0.488431278729934,0.502858800952974,0.357012324238379,-1.5525929792069,-0.406939486243561,1.59764320709756,-0.848827179803536,0.173992059040559,-1.11800943284827,-0.621988788862503,0.749250014977712,0.484807010650372,-0.291927236816666,"HR Specialist","High School","Medium"
1.61969998914126,-0.87847286316347,0.981381265673517,-0.783343630223839,1.28487591128302,1.33046978234873,-1.65656884405717,0.279818180621705,-0.953333946126817,-1.50540042717437,1.43399141968526,1.11385846739588,-1.07939523931575,1.18455251555829,-1.19954539975113,"Customer Support","Master's","High"
1.52394202855817,-0.420795862427064,-0.250993701685441,-0.435721351527403,1.40590159654971,-1.51785728328454,0.669130238540379,0.973410299819522,-0.361128936961559,-1.12053964908345,-1.64239316967023,0.488953455142861,-0.803373314139379,-0.144963943766757,-0.361744018580856,"Customer Support","Bachelor's","High"
0.651284766165318,-0.535215112611165,0.0306920051394637,-0.122861300700611,1.44624349163861,-0.857879060759758,-0.997042238544432,1.07744911769919,0.683938726271249,0.978700958685212,-1.32776292757706,-0.96915824011418,0.266211645919061,1.25452706604909,1.38367552552389,"Truck Driver","PhD","High"
-1.61760677906868,-0.0775381118747595,-1.62421152245685,1.12857890260656,1.68829486217199,-1.51785728328454,-0.268091779819827,0.141099756782142,-0.953333946126817,0.104017372114937,1.36407358810899,1.28744319302172,1.50831030921273,-0.0749893932759655,-0.291927236816666,"Retail Worker","Bachelor's","High"
0.312115502036072,0.608977389229849,-0.286204415038554,-1.58287487122564,0.357012324238379,-0.753671972992687,-1.55243306423937,-1.66223975313218,1.48515726808307,-0.84064090138096,-0.174118706568749,1.56517875402306,-0.11331850119845,-1.47448040309181,0.196790235532663,"Lawyer","PhD","Medium"
-1.36231963913156,1.40991214051856,-1.41294724233817,1.23286558621549,-0.328799892272877,0.635755863901593,0.0443155596335751,-0.968647633934363,0.0568981283315639,-1.47041308371156,-0.523707864450054,0.0723501136408495,-0.941384276727565,0.554781561141164,-1.54862930857208,"Marketing Manager","PhD","Medium"
-0.765956166447668,1.63875064088676,0.734906272201725,-0.227147984309541,1.68829486217199,0.462077384289808,1.60635225690059,-0.760569998175018,1.51999285685749,0.418903463280236,0.874648767075167,1.39159402839722,0.162703423977922,1.25452706604909,0.161881844650568,"Truck Driver","Master's","High"
0.368778555959863,0.036881138309342,-0.180572274979215,-1.20049036465956,-1.25666347931752,1.6778267415723,1.01624950459972,0.869371481939849,0.474925193624687,-0.49076746675285,-1.1529683486364,-0.96915824011418,-1.70044457096259,0.58976883638656,1.10440839846713,"AI Engineer","Master's","Low"
0.886749950471777,1.29549289033446,-1.44815795569129,-0.540008035136334,-1.5390567449398,-0.163165142312618,-0.823482605514764,-0.552492362415673,1.41548609053421,-0.560742153678472,1.01448443022769,0.454236510017693,-0.561854129610054,1.1145779650675,0.371332189943138,"Doctor","Bachelor's","Low"
-0.129833202586249,-1.33614986389988,-1.51857938239751,0.885243307519054,1.24453401619412,-0.302107926002046,-1.20531379818003,-1.17672526969371,1.03229461401552,1.18862501946208,0.210429367100687,-0.691422679112839,1.47380756856569,0.414832460159579,1.06950000758504,"Customer Support","High School","High"
0.461444753784236,0.837815889598052,-0.180572274979215,1.30239004195478,-0.248116102095082,0.809434343513378,0.564994458722579,-1.2114048756536,0.927787847692237,-1.33046370986031,0.804730935498906,1.70404653452373,1.57731579050683,1.04460341457671,0.126973453768473,"Chef","Bachelor's","Medium"
0.752763932600989,1.40991214051856,0.805327698907951,-1.68716155483457,-0.651535052984056,0.357870296522737,-1.6912807706631,1.4242451772981,-0.047608637991717,-0.805653557918149,-0.383872201297532,1.21800930277138,1.47380756856569,-1.33453130211022,0.999683225820846,"HR Specialist","PhD","Medium"
-0.404277713635795,-0.306376612242962,1.29827768585153,1.37191449769406,1.36555970146081,-1.48312158736218,-0.0598202201842257,-1.00332723989425,-0.221786581863852,0.803764241371157,0.594977440770123,0.974990686895208,-0.0788157605514031,0.0299724324602228,1.55821747993436,"Security Guard","Bachelor's","High"
0.658046191263822,0.952235139782153,0.875749125614177,0.572383256692262,0.235986638971687,1.4346768701158,-0.476363339455429,-0.240375908776656,-0.430800114510413,0.978700958685212,1.29415575653273,-0.483121008361833,-1.25190894255098,-0.0400021180305694,1.69785104346274,"Financial Analyst","PhD","Medium"
-0.791701592784281,-0.420795862427064,-0.180572274979215,-0.783343630223839,0.679747484949559,0.184191816910952,0.28729904587511,-1.69691935909207,0.509760782399114,-0.630716840604094,0.0356347881600344,0.107067058766017,0.300714386566108,1.1145779650675,-0.67591953651971,"Marketing Manager","High School","Medium"
1.67792337193394,0.151300388493443,1.05180269237974,0.780956623910123,-0.449825577539569,-1.72627145881868,0.599706385328512,-1.17672526969371,1.58966403440635,0.383916119817425,1.22423792495647,1.07914152227071,0.197206164624969,-0.21493849425755,0.0222482811221885,"Software Engineer","PhD","Medium"
-0.446955597697722,-1.45056911408398,0.488431278729934,-0.991916997441701,-1.21632158422862,-0.336843621924403,-1.51772113763344,-0.41377393857611,-0.953333946126817,1.22361236292489,-1.39768075915332,-0.483121008361833,0.680244533683619,1.39447616703067,-0.53628597299133,"Doctor","Bachelor's","Low"
1.2299067217104,1.06665438996625,-0.462257981804119,-1.02667922531134,-0.288457997183979,0.496813080212165,0.77326601835818,-0.448453544536001,-1.23201865632223,-1.22550167947188,1.08440226180395,0.523670400268029,0.783752755624759,-0.0400021180305694,-0.117385282406191,"UX Researcher","Bachelor's","Medium"
0.969591855417982,0.952235139782153,-0.0045187082136494,-0.296672440048828,0.679747484949559,0.392605992445094,-0.719346825696964,0.210458968701924,1.69417080072963,1.2585997063877,-0.768420274966968,1.56517875402306,1.64632127180092,-0.949671274410867,1.41858391640599,"Graphic Designer","Master's","Medium"
1.26408948193061,1.18107364015036,-1.62421152245685,0.607145484561905,-0.328799892272877,0.601020167979236,1.43279262387092,0.00238133294257918,-0.326293348187133,1.50351111062738,1.64374491441404,-1.52462936211686,1.43930482791864,-1.47448040309181,-0.53628597299133,"Financial Analyst","High School","Medium"
-1.60587541757298,-1.10731136353167,0.981381265673517,0.815718851779767,-0.732218843161851,-1.27470741182804,1.53692840368872,-1.45416211737283,-1.47586777774322,1.22361236292489,0.490100693405731,-0.517837953487001,-1.14840072060984,1.32450161653988,1.73275943434484,"Data Scientist","High School","Medium"
0.0776038520383765,-1.56498836426808,0.171534858551916,-0.818105858093483,0.518379904593969,-0.510522101536188,0.738554091752246,0.141099756782142,0.126569305880418,1.29358704985051,-0.104200874992488,1.21800930277138,-0.492848648315961,-1.15959492588324,-0.117385282406191,"Lawyer","PhD","Medium"
-1.25309661830957,1.52433139070266,-0.0749401349198756,1.09381667473692,0.114960953704995,1.36520547827109,0.0443155596335751,-0.968647633934363,-1.30168983387109,1.32857439331332,-1.53751642230584,-1.31632769136586,-1.52793086772735,-0.284913044748342,0.126973453768473,"Graphic Designer","Bachelor's","Medium"
-0.749168183617621,-0.0775381118747595,0.0659027184925768,-0.366196895788116,1.5672691769053,1.15679130273695,0.634418311934446,-0.101657484937093,-0.988169534901244,1.2585997063877,-0.558666780238185,-0.483121008361833,1.43930482791864,1.67437436899384,1.41858391640599,"Security Guard","PhD","High"
-1.12676776988794,-1.67940761445218,1.29827768585153,0.711432168170836,-0.328799892272877,1.57361965380523,1.32865684405312,-0.899288422014582,-0.047608637991717,-1.47041308371156,1.57382708283778,0.245934839266687,-0.872378795433472,-0.739747622938491,1.69785104346274,"Data Scientist","Master's","Medium"
-0.0150623457859965,-1.67940761445218,-0.286204415038554,0.016187610777964,0.881456960394045,-1.44838589143983,0.322010972481044,0.03706093890247,-0.500471292059267,0.278954089428992,-1.50255750651771,1.53046180889789,-0.734367832845286,-1.5094676783372,-1.12972861798694,"Retail Worker","Bachelor's","High"
0.137387563699938,-0.191957362058861,-1.13126153551327,-0.261910212179185,-1.09529589896193,-0.788407668915044,-0.19866792660796,1.49360438921788,-0.709484824705829,1.04867564561083,-1.18792726442453,-1.10802602061485,-0.147821241845496,-0.949671274410867,1.41858391640599,"AI Engineer","Master's","Low"
-1.52187771346464,-0.420795862427064,1.12222411908597,0.850481079649411,0.760431275127353,0.114720425066238,-1.41358535781563,-0.448453544536001,1.17163696911323,-0.315830749438795,-0.139159790780618,-0.309536282735995,-0.906881536080518,-1.5094676783372,-1.09482022710485,"Graphic Designer","High School","Medium"
0.885767521183961,0.723396639413951,-0.884786542041476,0.25952320586547,-1.21632158422862,0.253663208755666,-1.44829728442157,0.591934634260723,-0.430800114510413,1.36356173677613,0.105552619736295,-1.45519547186653,-1.70044457096259,0.694730662122748,-0.326835627698761,"Research Scientist","Master's","Low"
-1.53109521178268,-0.191957362058861,-0.180572274979215,-1.47858818761671,-0.167432311917287,-0.649464885225616,1.05096143120565,-1.14204566373382,0.89295225891781,0.0340426851893152,-1.46759859072958,1.63461264427339,0.783752755624759,-0.844709448674679,0.301515408178948,"Software Engineer","PhD","Medium"
-1.38442429810744,1.63875064088676,-0.250993701685441,1.61525009278157,0.599063694771764,-0.302107926002046,-0.511075266061362,-1.31544369353327,-1.61521013284093,-0.665704184066905,1.53886816704965,1.59989569914823,1.05977468080113,-0.529823971466114,-1.23445379063323,"Chef","High School","Medium"
-0.0453442838339987,-1.56498836426808,0.523641992083047,-0.261910212179185,0.316670429149482,0.878905735358092,0.981537577993782,0.00238133294257918,0.997459025241091,-1.6103624575628,0.629936356558253,-0.899724349863845,-0.803373314139379,-1.43949312784641,-1.05991183622275,"Software Engineer","High School","Medium"
-1.23931371330108,-1.56498836426808,-0.286204415038554,1.51096340917264,-1.66008243020649,-1.03155754037154,0.217875192663243,-0.517812756455783,0.474925193624687,-0.245856062513173,1.08440226180395,-0.240102392485659,0.231708905272015,-0.634785797202302,0.720416098764087,"Doctor","PhD","Low"
-0.464205900192624,0.608977389229849,-0.35662584174478,-0.748581402354195,1.40590159654971,1.53888395788287,-1.2747376513919,1.0427695117393,0.126569305880418,0.139004715577748,1.60878599862591,0.384802619767358,1.12878016209522,0.0299724324602228,-0.850461490930185,"Customer Support","PhD","High"
-1.49870394026378,1.40991214051856,1.4743312526171,1.19810335834585,-0.490167472628466,-0.614729189303259,0.0790274862395087,0.245138574661815,-1.09267630122453,-0.910615588306582,0.909607682863297,0.80140596126937,1.16328290274227,1.49943799276686,-0.641011145637615,"Graphic Designer","PhD","Medium"
-0.929472852911069,-0.535215112611165,0.594063418789273,1.61525009278157,1.08316643583853,-0.788407668915044,0.703842165146313,1.49360438921788,1.10196579156437,0.838751584833968,-0.383872201297532,0.766689016144202,1.02527194015408,0.869667038349728,0.650599316999897,"Customer Support","PhD","High"
-0.212299472804759,-0.535215112611165,0.55885270543616,-0.0533368449613233,0.720089380038456,0.392605992445094,0.391434825692911,1.70168202497723,-1.44103218896879,-0.735678870992527,0.560018524981992,-0.621988788862503,-0.527351388963007,1.35948889178527,0.301515408178948,"UX Researcher","PhD","Medium"
0.933415341643078,0.723396639413951,-0.673522261922798,-1.44382595974707,0.0746190586160974,-1.13576462813861,1.25923299084125,0.279818180621705,-1.54553895529208,-0.665704184066905,0.42018286182947,-0.552554898612168,0.0246924613897364,1.42946344227607,-0.501377582109235,"Lawyer","Master's","Medium"
1.62510335022426,1.52433139070266,1.12222411908597,-0.609532490875621,0.881456960394045,-1.10102893221626,1.57164033029465,1.49360438921788,-0.988169534901244,0.20897940250337,-1.25784509600079,0.593104290518364,-1.07939523931575,-1.579442228828,1.13931678934923,"Security Guard","High School","High"
1.01102725538061,-1.56498836426808,-1.37773652898506,1.1633411304762,1.5672691769053,0.635755863901593,1.43279262387092,-0.0322982730173117,-1.30168983387109,-1.50540042717437,-0.628584611814446,-1.42047852674136,0.128200683330876,-1.71939132980958,-0.187202064170381,"Retail Worker","High School","High"
1.26443622167925,-0.306376612242962,-0.462257981804119,0.641907712431549,-0.248116102095082,-0.545257797458545,1.71048803671839,0.765332664060177,0.022062539557137,0.313941432891803,0.42018286182947,-1.66349714261753,-1.45892538643326,0.519794285895768,-0.46646919122714,"Financial Analyst","Bachelor's","Medium"
1.27798796685532,-0.649634362795267,-0.708732975275911,-1.27001482039885,1.72863675726089,-1.03155754037154,-1.24002572478597,0.45321621042116,0.0568981283315639,0.313941432891803,-0.209077622356879,-0.101234611984989,0.956266458859991,-0.984658549656263,-0.326835627698761,"Truck Driver","Master's","High"
-1.63193868867918,-1.33614986389988,-1.09605082216015,-0.713819174484552,-0.490167472628466,-1.65680006697397,-0.788770678908831,-1.55820093525251,-1.23201865632223,-0.455780123290039,-1.67735208545836,0.870839851519705,1.02527194015408,-0.319900319993738,1.69785104346274,"Financial Analyst","Bachelor's","Medium"
-0.683605476145372,-0.420795862427064,0.840538412261064,-1.06144145318099,0.518379904593969,1.57361965380523,-0.892906458726631,0.661293846180504,0.858116670143383,-0.630716840604094,-0.0692419592043573,-1.38576158161619,-1.14840072060984,-1.5444549535826,0.231698626414758,"Data Scientist","High School","Medium"
0.612218754485071,1.18107364015036,1.4743312526171,0.155236522256539,-0.409483682450671,-1.51785728328454,1.32865684405312,-0.0669778789772025,0.823281081368956,-1.68033714448842,-0.0342830434162267,-0.587271843737336,-1.63143908966849,0.974628864085917,0.0571566720042835,"Marketing Manager","Bachelor's","Medium"
0.747331676538943,0.952235139782153,1.08701340573286,-0.157623528570254,-1.82145001056208,1.53888395788287,-0.823482605514764,1.14680832961898,1.10196579156437,-1.15552699254626,-0.104200874992488,-1.5940632523672,-0.527351388963007,0.799692487858936,-0.885369881812279,"Nurse","High School","Low"
-1.53421586952046,0.151300388493443,0.0306920051394637,0.155236522256539,1.48658538672751,0.913641431280449,0.703842165146313,1.21616754153876,-0.988169534901244,0.278954089428992,-0.488748948661924,1.59989569914823,-0.216826723139589,1.60439981850305,0.964774834938751,"Truck Driver","Master's","High"
0.647441733951211,0.837815889598052,-0.0397294215667625,-0.192385756439898,0.0342771635272,-0.71893627707033,1.39808069726498,1.00808990577941,1.03229461401552,-0.210868719050362,-1.50255750651771,0.627821235643532,-0.458345907668914,1.28951434129448,0.999683225820846,"Graphic Designer","Bachelor's","Medium"
-1.28863744254529,1.29549289033446,0.347588425317481,0.676669940301192,0.114960953704995,0.0452490332215238,-0.927618385332565,-0.899288422014582,0.927787847692237,-1.64534980102561,0.979525514439559,0.107067058766017,1.50831030921273,1.74434891948463,0.580782535235707,"Software Engineer","High School","Medium"
1.4791837060044,0.837815889598052,-0.0749401349198756,-1.02667922531134,-0.651535052984056,0.288398904678023,1.08567335781158,-0.8299292100948,-0.291457759412706,0.20897940250337,1.43399141968526,-1.24689380111552,-0.906881536080518,1.46445071752146,-1.58353769945418,"HR Specialist","Bachelor's","Medium"
0.545644722745952,0.952235139782153,0.488431278729934,-0.400959123657759,1.28487591128302,1.22626269458166,-1.1706018715741,-0.933968027974472,0.022062539557137,-0.280843405975984,0.245388282888817,1.46102791864756,1.43930482791864,-0.949671274410867,-0.67591953651971,"Construction Worker","Master's","High"
0.809195826692352,-1.56498836426808,1.50954196597021,-0.331434667918472,-0.0867485217394923,1.05258421496988,0.0443155596335751,-1.31544369353327,-0.221786581863852,0.488878150205858,0.769772019710775,0.523670400268029,-1.32091442384508,-0.704760347693095,0.825141271410372,"Data Scientist","Bachelor's","Medium"
-1.4416652516123,0.494558139045748,-1.58900080910374,-1.58287487122564,1.44624349163861,0.184191816910952,-1.1706018715741,0.175779362742033,1.62449962318078,0.488878150205858,-0.174118706568749,1.14857541252105,-1.01038975802166,-0.319900319993738,0.126973453768473,"Security Guard","Bachelor's","High"
1.17402383222105,0.494558139045748,1.4743312526171,-0.713819174484552,0.841115065305148,1.46941256603816,-0.962330311938498,-0.41377393857611,0.0917337171059909,1.71343517140424,0.140511535524426,-0.170668502235324,0.266211645919061,1.63938709374844,1.13931678934923,"Construction Worker","High School","High"
1.1172740933601,0.265719638677545,1.05180269237974,1.19810335834585,0.316670429149482,0.566284472056879,-0.19866792660796,0.48789581638105,0.823281081368956,-1.2954763663975,-0.838338106543229,-1.07330907548968,1.16328290274227,0.624756111631956,-0.152293673288286,"Software Engineer","PhD","Medium"
-0.976918408516813,-1.33614986389988,0.770116985554838,1.44143895343335,-0.691876948072953,0.0452490332215238,0.738554091752246,-1.00332723989425,-0.604978058382548,-0.245856062513173,1.01448443022769,-0.0318007217346536,-0.0443130199043566,-0.249925769502946,-0.920278272694374,"Marketing Manager","Bachelor's","Medium"
-0.927103464628687,1.52433139070266,-0.638311548569685,0.25952320586547,-0.570851262806261,-0.232636534157332,1.39808069726498,1.73636163093712,-0.500471292059267,-1.19051433600907,-0.663543527602576,-0.587271843737336,0.473228089801341,-0.00501484278517327,0.964774834938751,"Mechanic","Master's","Medium"
-0.556785413079836,-1.10731136353167,-0.884786542041476,0.989529991127985,0.558721799682866,0.357870296522737,1.50221647708279,0.973410299819522,0.335582838526979,1.46852376716457,0.350265030253209,0.0723501136408495,-0.492848648315961,1.32450161653988,-1.30427057239742,"Graphic Designer","PhD","Medium"
1.0756942185022,0.494558139045748,0.136324145198803,0.189998750126182,-1.17597968913972,0.0452490332215238,-0.823482605514764,1.25084714749865,0.544596371173541,1.29358704985051,-0.768420274966968,0.488953455142861,0.714747274330666,-0.424862145729926,1.10440839846713,"Doctor","Master's","Low"
-0.929126113162428,0.151300388493443,0.312377711964368,0.398572117344044,0.0342771635272,0.462077384289808,-1.13588994496817,0.626614240220614,-0.570142469608121,-0.14089403212474,-0.593625696026315,-0.101234611984989,0.404222608507248,1.18455251555829,-0.0475685006420014,"Financial Analyst","Master's","Medium"
-0.206780531805552,0.837815889598052,-0.0397294215667625,0.676669940301192,-0.248116102095082,-0.302107926002046,0.217875192663243,-0.725890392215128,-1.02300512367567,-1.22550167947188,-0.523707864450054,-1.55934630724203,0.266211645919061,-1.12460765063785,-0.396652409462951,"Data Scientist","Bachelor's","Medium"
1.66697217487269,1.52433139070266,0.45322056537682,1.23286558621549,-1.17597968913972,0.149456120988595,0.599706385328512,-1.62756014717229,-1.33652542264551,-1.40043839678594,-1.39768075915332,-0.830290459613509,0.0936979426838294,-1.36951857735562,1.55821747993436,"Teacher","High School","Low"
-0.628213801299933,0.723396639413951,0.347588425317481,-0.0185746170916797,-0.732218843161851,0.0799847291438808,0.217875192663243,0.661293846180504,1.72900638950406,-0.245856062513173,0.0356347881600344,-1.45519547186653,1.12878016209522,-1.40450585260102,1.52330908905227,"Chef","Master's","Medium"
0.78168780663348,1.40991214051856,-0.567890121863458,-0.574770263005978,1.76897865234979,1.6778267415723,1.64106418350652,0.695973452140395,-1.37136101141994,-0.350818092901606,-0.733461359178837,0.731972071019034,-0.0443130199043566,0.414832460159579,-1.68826287210046,"Construction Worker","Master's","High"
1.65353600961284,0.151300388493443,1.57996339267644,0.607145484561905,0.558721799682866,-0.0589580545455473,-1.65656884405717,1.70168202497723,-1.54553895529208,-1.05056496215783,-1.57247533809397,0.419519564892526,0.266211645919061,-1.01964582490166,1.62803426169855,"Marketing Manager","Master's","Medium"
-1.26488576976337,1.52433139070266,-0.779154401982137,0.572383256692262,0.558721799682866,-0.475786405613831,-0.858194532120698,-0.8299292100948,1.10196579156437,-0.105906688661929,0.769772019710775,0.523670400268029,-0.665362351551193,-1.01964582490166,-1.26936218151532,"Data Scientist","Master's","Medium"
0.874671849227441,-1.22173061371577,-1.4833686690444,-0.818105858093483,0.357012324238379,-1.20523601998333,0.0790274862395087,-0.864608816054691,0.022062539557137,0.90872627175959,-0.803379190755098,-0.517837953487001,0.749250014977712,0.169921533441807,-1.4089957450437,"Software Engineer","PhD","Medium"
-0.96117064493269,1.52433139070266,-0.779154401982137,-0.366196895788116,1.04282454074964,0.149456120988595,0.738554091752246,1.0427695117393,1.45032167930864,-0.455780123290039,1.50390925126152,0.419519564892526,-0.389340426374821,1.35948889178527,0.301515408178948,"Construction Worker","High School","High"
-1.42285462024851,0.952235139782153,1.57996339267644,1.1633411304762,-0.611193157895159,1.33046978234873,0.634418311934446,-0.587171968375564,1.27614373543651,0.383916119817425,1.22423792495647,-0.101234611984989,-0.00981027925731013,-0.739747622938491,-0.361744018580856,"Data Scientist","PhD","Medium"
-1.33770111697803,-1.10731136353167,-0.743943688629024,-0.748581402354195,-1.78110811547318,-1.3094431077504,0.0790274862395087,0.279818180621705,1.10196579156437,-1.50540042717437,-0.488748948661924,-1.03859213036452,-0.492848648315961,-0.529823971466114,-0.501377582109235,"Nurse","High School","Low"
-1.45674843067819,-0.306376612242962,0.91095983896729,0.676669940301192,-0.248116102095082,-1.20523601998333,0.0790274862395087,1.45892478325799,-1.33652542264551,0.90872627175959,0.350265030253209,0.315368729517023,1.47380756856569,1.60439981850305,-0.885369881812279,"Graphic Designer","Master's","Medium"
-1.05129408460036,0.608977389229849,0.418009852023707,-0.296672440048828,0.276328534060584,1.60835534972759,0.0790274862395087,1.52828399517777,0.474925193624687,-0.0359320017363069,0.490100693405731,0.35008567464219,-0.285832204433682,0.204908808687203,0.720416098764087,"HR Specialist","PhD","Medium"
-0.544042727317271,-1.56498836426808,-1.72984366251619,0.189998750126182,-0.00606473156169745,-1.5525929792069,0.460858678904778,1.52828399517777,-0.361128936961559,1.39854908023894,1.08440226180395,-1.17745991086519,0.990769199507038,0.0649597077056189,1.48840069817018,"Marketing Manager","PhD","Medium"
-1.26537698440728,-1.22173061371577,-1.30731510227883,-0.88763031383277,0.841115065305148,-0.614729189303259,-0.754058752302897,-0.275055514736547,-0.152115404314998,-1.22550167947188,0.42018286182947,-0.96915824011418,-1.32091442384508,0.729717937368144,-1.65335448121837,"Construction Worker","High School","High"
0.613779083353956,-1.45056911408398,-1.27210438892572,1.33715226982442,0.518379904593969,-1.51785728328454,0.18316326605731,-0.691210786255237,-1.09267630122453,-0.630716840604094,1.11936117759208,-1.52462936211686,0.507730830448387,1.42946344227607,-0.152293673288286,"UX Researcher","Master's","Medium"
1.345948957589,0.036881138309342,1.43912053926399,0.398572117344044,-0.0867485217394923,0.844170039435735,1.46750455047685,0.626614240220614,-1.02300512367567,1.15363767599927,1.57382708283778,-0.309536282735995,0.680244533683619,0.0649597077056189,-1.33917896327951,"Mechanic","High School","Medium"
0.644783395878294,0.723396639413951,-1.20168296221949,0.607145484561905,-1.21632158422862,-1.62206437105161,-1.51772113763344,-0.8299292100948,0.823281081368956,-1.26048902293469,-1.04809160127201,1.42631097352239,0.162703423977922,0.414832460159579,-0.117385282406191,"AI Engineer","High School","Low"
1.67746105226909,0.036881138309342,-0.884786542041476,0.329047661604757,-0.0464066266505949,-0.336843621924403,0.669130238540379,-0.344414726656329,-1.61521013284093,1.22361236292489,-0.628584611814446,1.56517875402306,1.30129386533046,-0.949671274410867,1.66294265258065,"HR Specialist","Bachelor's","Medium"
0.0984082369568512,-0.191957362058861,1.72080624608889,0.641907712431549,0.679747484949559,0.67049155982395,1.25923299084125,0.383856998501378,1.48515726808307,0.104017372114937,0.839689851287036,1.46102791864756,-0.285832204433682,-1.64941677931879,-1.33917896327951,"Data Scientist","High School","Medium"
0.534288995977951,0.036881138309342,1.29827768585153,-0.0533368449613233,-0.853244528428543,-1.0662932362939,-1.34416150460377,0.349177392541487,-0.430800114510413,-0.525754810215661,0.804730935498906,-1.21217685599035,0.956266458859991,-0.494836696220718,1.73275943434484,"Nurse","PhD","Low"
-0.455103981790791,-0.0775381118747595,-0.779154401982137,-1.548112643356,-0.0867485217394923,0.948377127202806,-1.65656884405717,-1.35012329949316,0.753609903820102,0.348928776354614,0.769772019710775,-0.934441294989012,1.02527194015408,-0.0749893932759655,0.406240580825233,"HR Specialist","High School","Medium"
0.872418040861273,-0.649634362795267,-1.02562939545393,0.954767763258342,1.04282454074964,-1.41365019551747,0.356722899086977,0.175779362742033,0.370418427301406,0.453890806743047,0.000675872371903821,-0.0318007217346536,1.43930482791864,0.099946982951015,0.441148971707328,"Construction Worker","Master's","High"
-1.51491402351276,1.63875064088676,1.29827768585153,-1.65239932696493,0.0746190586160974,-0.406315013769117,0.356722899086977,-0.483133150495892,0.753609903820102,-1.64534980102561,-0.313954369721271,1.14857541252105,-0.872378795433472,-1.579442228828,0.0222482811221885,"Lawyer","Master's","Medium"
-1.53187537621713,1.40991214051856,-1.55379009575062,-1.47858818761671,-1.21632158422862,-0.857879060759758,-0.302803706425761,1.14680832961898,-1.0578407124501,0.803764241371157,0.000675872371903821,1.39159402839722,1.61181853115387,-0.0749893932759655,0.301515408178948,"AI Engineer","Bachelor's","Low"
1.19442368743278,1.63875064088676,-0.638311548569685,-0.922392541702414,1.76897865234979,-0.232636534157332,-1.72599269726904,1.18148793557887,0.335582838526979,-1.12053964908345,-1.64239316967023,-0.726139624238006,1.47380756856569,1.49943799276686,-0.641011145637615,"Security Guard","Bachelor's","High"
1.26449401163736,-1.33614986389988,-0.215782988332328,0.537621028822618,-0.288457997183979,0.0799847291438808,-0.719346825696964,-1.52352132929262,-1.26685424509666,-0.700691527529716,1.67870383020217,1.63461264427339,1.12878016209522,-0.949671274410867,-0.187202064170381,"Software Engineer","High School","Medium"
1.32947881952854,1.63875064088676,-0.391836555097893,-1.58287487122564,0.0342771635272,-1.48312158736218,1.05096143120565,0.661293846180504,-0.535306880833694,0.55885283713148,-0.94321485390762,-0.795573514488342,-0.665362351551193,1.04460341457671,-0.990095054458564,"Financial Analyst","Master's","Medium"
-0.900375609004258,-0.191957362058861,-1.06084010880704,-0.713819174484552,1.04282454074964,0.531548776134522,0.113739412845442,0.765332664060177,-0.988169534901244,-1.68033714448842,0.629936356558253,-1.35104463649102,-0.872378795433472,-0.669773072447699,0.894958053174562,"Truck Driver","Master's","High"
-0.871538419908927,1.18107364015036,-1.13126153551327,0.3638098894744,0.316670429149482,-0.37157931784676,-0.858194532120698,0.626614240220614,0.370418427301406,-1.43542574024875,0.594977440770123,-0.0318007217346536,0.852758236918852,-1.08962037539245,-0.81555310004809,"Marketing Manager","Bachelor's","Medium"
-0.686032654385861,-0.992892113347571,-0.0749401349198756,-0.366196895788116,0.397354219327277,0.218927512833309,0.738554091752246,-1.2114048756536,0.788445492594529,-0.105906688661929,-1.64239316967023,-0.934441294989012,-1.63143908966849,-0.144963943766757,-0.571194363873425,"Mechanic","Master's","Medium"
1.11447128039192,0.608977389229849,1.29827768585153,1.1633411304762,-0.00606473156169745,1.08731991089223,-0.788770678908831,0.210458968701924,-0.395964525735986,-1.12053964908345,-1.50255750651771,0.21121789414152,-1.38991990513917,0.76470521261354,1.48840069817018,"HR Specialist","High School","Medium"
1.66659654014499,0.151300388493443,-0.110150848272989,0.850481079649411,-0.369141787361774,1.46941256603816,1.36336877065905,-1.38480290545305,-1.65004572161536,1.71343517140424,1.60878599862591,-0.274819337610827,-1.5624336083744,0.414832460159579,-0.710827927401805,"Graphic Designer","High School","Medium"
0.326013986960776,-1.33614986389988,1.01659197902663,0.537621028822618,-0.369141787361774,0.705227255746307,-0.719346825696964,-1.5928805412124,0.022062539557137,-0.000944658273495871,0.909607682863297,1.28744319302172,-0.527351388963007,-0.179951219012154,-0.0824768915240963,"Software Engineer","Bachelor's","Medium"
-1.05383684275706,-0.764053612979368,0.840538412261064,0.0857120665172512,0.679747484949559,0.531548776134522,-0.997042238544432,-1.17672526969371,-0.46563570328484,-0.49076746675285,-0.313954369721271,-1.10802602061485,1.64632127180092,-1.22956947637404,0.545874144353612,"Software Engineer","Master's","Medium"
-0.757865572312706,1.06665438996625,-0.321415128391667,-0.644294718745265,-0.207774207006184,0.0105133372991668,0.356722899086977,0.279818180621705,0.44008960485026,1.22361236292489,1.36407358810899,0.836122906394537,-1.45892538643326,1.60439981850305,1.59312587081646,"Marketing Manager","PhD","Medium"
-1.2991841098998,-0.87847286316347,0.136324145198803,0.537621028822618,0.0342771635272,0.67049155982395,-0.0251082935782921,0.106420150822252,1.51999285685749,-0.350818092901606,0.909607682863297,-0.587271843737336,-0.5963568702571,1.49943799276686,0.720416098764087,"Software Engineer","Bachelor's","Medium"
-1.3172434718082,1.40991214051856,1.72080624608889,-1.72192378270422,0.760431275127353,-1.37891449959511,-1.4830092110275,0.938730693859631,-0.535306880833694,1.50351111062738,0.140511535524426,-0.37897017298633,-1.49342812708031,-0.144963943766757,-0.7457363182839,"Mechanic","Master's","Medium"
0.0192070993713799,-0.420795862427064,0.594063418789273,1.68477454852086,1.16385022601633,-0.684200581147973,-1.41358535781563,-0.968647633934363,-0.779156002254683,-0.525754810215661,0.455141777617601,-1.35104463649102,-1.52793086772735,1.49943799276686,1.06950000758504,"Security Guard","Bachelor's","High"
1.24397857650942,-1.10731136353167,0.488431278729934,0.329047661604757,0.397354219327277,1.26099839050402,-0.476363339455429,0.557255028300832,1.03229461401552,0.733789554445535,1.46895033547339,-0.0318007217346536,1.02527194015408,1.42946344227607,0.231698626414758,"Lawyer","PhD","Medium"
0.838755390264018,-0.306376612242962,1.12222411908597,1.23286558621549,1.20419212110522,-0.927350452604472,1.67577611011245,0.175779362742033,0.0568981283315639,1.60847314101581,-0.313954369721271,1.21800930277138,0.680244533683619,1.63938709374844,-0.222110455052476,"Retail Worker","High School","High"
-1.39335284663495,0.837815889598052,0.241956285258142,-0.0533368449613233,-1.4987148498509,0.184191816910952,0.252587119269176,1.38956557133821,0.683938726271249,1.18862501946208,0.944566598651428,-0.760856569363174,-1.01038975802166,-0.844709448674679,-1.19954539975113,"Research Scientist","High School","Low"
-0.956865293053727,-1.22173061371577,0.523641992083047,0.155236522256539,0.276328534060584,-0.475786405613831,-0.997042238544432,-1.03800684585414,0.335582838526979,-1.15552699254626,-0.348913285509401,-1.00387518523935,0.542233571095433,0.414832460159579,-0.396652409462951,"Mechanic","Bachelor's","Medium"
1.37426603706137,0.151300388493443,-1.02562939545393,-0.088099072830967,-0.853244528428543,-0.788407668915044,-1.0664660917563,-0.968647633934363,0.718774315045675,1.46852376716457,-1.46759859072958,0.870839851519705,-0.0443130199043566,1.1495652403129,-0.257018845934571,"Nurse","Bachelor's","Low"
-1.11729021675841,1.63875064088676,-0.462257981804119,1.12857890260656,0.599063694771764,-1.23997171590569,0.148451339451376,0.626614240220614,-1.47586777774322,1.53849845409019,0.0705937039481649,0.523670400268029,-1.1138979799628,-0.844709448674679,-1.30427057239742,"Lawyer","PhD","Medium"
0.973521572569249,-0.649634362795267,-0.0397294215667625,1.1633411304762,0.0342771635272,-0.892614756682115,-1.5871449908453,0.418536604461269,-0.291457759412706,1.71343517140424,0.979525514439559,1.07914152227071,-1.70044457096259,0.974628864085917,-1.05991183622275,"Graphic Designer","PhD","Medium"
-0.354925089412524,1.06665438996625,-0.180572274979215,0.25952320586547,-0.611193157895159,-0.128429446390261,-1.5871449908453,-1.5928805412124,0.544596371173541,1.60847314101581,0.979525514439559,-0.101234611984989,-1.52793086772735,-1.579442228828,-1.16463700886904,"Lawyer","Bachelor's","Medium"
-0.358132432087456,-0.87847286316347,-0.35662584174478,1.19810335834585,0.316670429149482,0.392605992445094,1.57164033029465,-0.933968027974472,-0.186950993089425,1.29358704985051,0.175470451312557,-0.865007404738677,-1.01038975802166,0.869667038349728,-1.68826287210046,"Financial Analyst","High School","Medium"
-0.78413110827228,-1.10731136353167,-1.69463294916308,0.468096573083331,0.155302848793892,0.288398904678023,-0.0945321467901593,1.21616754153876,0.544596371173541,1.01368830214802,-1.32776292757706,-1.55934630724203,-1.63143908966849,-1.22956947637404,0.615690926117802,"Graphic Designer","Bachelor's","Medium"
-1.31857264084465,0.265719638677545,0.875749125614177,-1.06144145318099,-1.458372954762,1.36520547827109,1.53692840368872,1.45892478325799,1.10196579156437,0.698802210982724,1.43399141968526,0.731972071019034,1.54281304985978,-1.68440405456418,1.48840069817018,"Doctor","PhD","Low"
0.200783147743179,-1.45056911408398,-1.37773652898506,-0.991916997441701,0.558721799682866,0.0452490332215238,1.67577611011245,-1.31544369353327,-0.326293348187133,-0.560742153678472,0.0705937039481649,0.454236510017693,0.542233571095433,-1.75437860505498,-1.4089957450437,"Graphic Designer","Bachelor's","Medium"
0.142790924782931,-0.535215112611165,-1.55379009575062,-0.261910212179185,-0.490167472628466,1.01784851904752,0.28729904587511,-0.483133150495892,-0.744320413480256,0.243966745966181,-0.24403653814501,-1.52462936211686,0.57673631174248,-0.00501484278517327,-0.7457363182839,"Software Engineer","Bachelor's","Medium"
-0.495354687612229,-0.306376612242962,-0.427047268451006,1.65001232065121,1.5269272818164,0.67049155982395,-0.927618385332565,0.210458968701924,-0.500471292059267,-0.875628244843771,1.39903250389712,-0.413687118111498,-0.768870573492332,1.49943799276686,-1.02500344534066,"Truck Driver","High School","High"
0.938211908165949,-1.33614986389988,0.523641992083047,1.476201181303,0.518379904593969,0.739962951668664,-0.649922972485096,0.00238133294257918,1.51999285685749,-1.64534980102561,1.01448443022769,-0.865007404738677,-1.07939523931575,-0.949671274410867,-1.51372091768999,"Chef","Master's","Medium"
-0.976889513537759,1.18107364015036,1.29827768585153,0.0857120665172512,1.5269272818164,0.218927512833309,1.08567335781158,1.18148793557887,-0.953333946126817,-0.105906688661929,0.455141777617601,1.66932958939856,0.611239052389526,1.39447616703067,1.24404196199551,"Security Guard","High School","High"
-1.55504914941798,-1.22173061371577,1.36869911255776,-0.400959123657759,-0.207774207006184,0.983112823125163,-1.2747376513919,-0.656531180295346,0.370418427301406,-0.245856062513173,1.53886816704965,1.59989569914823,-0.00981027925731013,0.134934258196411,0.790232880528277,"Lawyer","Bachelor's","Medium"
0.77327936772893,-0.649634362795267,-1.09605082216015,0.885243307519054,0.397354219327277,-0.892614756682115,1.15509721102345,0.383856998501378,-0.91849835735239,0.55885283713148,-0.94321485390762,-0.795573514488342,1.19778564338932,1.49943799276686,-0.81555310004809,"Graphic Designer","PhD","Medium"
-0.290287021269986,0.151300388493443,-0.919997255394589,-1.30477704826849,0.841115065305148,-0.892614756682115,-0.372227559637628,1.49360438921788,-0.91849835735239,-0.420792779827228,0.804730935498906,-0.691422679112839,0.611239052389526,-0.249925769502946,-1.02500344534066,"Security Guard","PhD","High"
0.715691674475429,0.837815889598052,-1.65942223580996,-0.713819174484552,-0.248116102095082,-0.128429446390261,0.634418311934446,-0.136337090896984,0.300747249752552,0.383916119817425,-0.453790032873793,1.49574486377272,1.57731579050683,0.274883359177995,-1.47881252680789,"Financial Analyst","Master's","Medium"
-0.700769093703114,-0.87847286316347,-1.13126153551327,-0.0533368449613233,-0.490167472628466,0.705227255746307,-1.44829728442157,1.56296360113766,-1.0578407124501,0.593840180594291,1.46895033547339,-0.865007404738677,1.47380756856569,-0.38987487048453,1.62803426169855,"Chef","Bachelor's","Medium"
0.749672169842271,-1.67940761445218,-1.09605082216015,1.1633411304762,-1.61974053511759,-0.927350452604472,-1.44829728442157,-1.17672526969371,0.44008960485026,-0.14089403212474,1.01448443022769,-0.587271843737336,1.61181853115387,-1.579442228828,-1.51372091768999,"AI Engineer","Master's","Low"
0.75680922966847,-0.87847286316347,1.36869911255776,1.05905444686727,-1.33734726949531,-0.788407668915044,-1.6912807706631,0.03706093890247,-0.0824442267661439,-0.525754810215661,0.280347198676948,0.80140596126937,0.680244533683619,-0.844709448674679,0.336423799061043,"Doctor","PhD","Low"
-1.55652279334971,-0.0775381118747595,-1.34252581563195,1.02429221899763,0.316670429149482,0.948377127202806,-1.20531379818003,1.4242451772981,-1.30168983387109,1.32857439331332,-0.523707864450054,-1.35104463649102,-0.734367832845286,-1.12460765063785,-0.0126601097599064,"UX Researcher","Bachelor's","Medium"
-0.74789680453927,0.608977389229849,-0.603100835216572,0.398572117344044,0.639405589860661,0.462077384289808,-0.476363339455429,1.70168202497723,-1.09267630122453,0.104017372114937,1.04944334601582,-1.73293103286787,0.680244533683619,-0.809722173429283,-1.12972861798694,"Lawyer","PhD","Medium"
1.32968108438192,0.380138888861646,1.65038481938266,1.37191449769406,-1.61974053511759,-1.3094431077504,-0.476363339455429,0.314497786581596,1.27614373543651,1.67844782794143,0.874648767075167,0.35008567464219,-1.25190894255098,-1.5094676783372,0.371332189943138,"Teacher","PhD","Low"
-1.516127612633,-0.191957362058861,1.22785625914531,-0.609532490875621,-1.78110811547318,-0.267372230079689,1.64106418350652,1.0427695117393,-1.65004572161536,1.32857439331332,-0.104200874992488,-0.483121008361833,-0.527351388963007,0.344857909668787,0.126973453768473,"Teacher","Master's","Low"
-0.346718915361348,1.63875064088676,0.241956285258142,-1.23525259252921,1.04282454074964,1.1915269986593,0.564994458722579,-0.171016696856875,-1.12751188999895,-1.68033714448842,-0.663543527602576,-1.55934630724203,-0.0788157605514031,1.1145779650675,-0.710827927401805,"Truck Driver","High School","High"
-0.926467775089512,0.151300388493443,0.699695558848612,-1.27001482039885,-1.17597968913972,-1.20523601998333,0.530282532116645,-1.24608448161349,-0.395964525735986,0.278954089428992,-1.57247533809397,-1.21217685599035,-0.630859610904147,-0.144963943766757,1.27895035287761,"Teacher","PhD","Low"
0.422956641685057,0.151300388493443,-0.532679408510346,-0.0533368449613233,-1.5390567449398,0.462077384289808,-0.823482605514764,0.938730693859631,0.022062539557137,-1.40043839678594,0.455141777617601,0.245934839266687,-0.561854129610054,-1.71939132980958,-1.02500344534066,"AI Engineer","Master's","Low"
-0.617233709259627,1.18107364015036,-1.06084010880704,0.294285433735113,0.316670429149482,1.26099839050402,0.530282532116645,0.661293846180504,0.370418427301406,1.74842251486705,-0.838338106543229,-0.795573514488342,-1.28641168319803,-0.0400021180305694,-1.37408735416161,"Data Scientist","Master's","Medium"
-1.09547450757307,-0.764053612979368,-0.0749401349198756,1.61525009278157,0.760431275127353,0.844170039435735,-0.372227559637628,1.28552675345854,1.31097932421093,1.46852376716457,0.490100693405731,-1.03859213036452,-1.42442264578622,1.42946344227607,-1.51372091768999,"Chef","High School","Medium"
1.03165827042476,1.29549289033446,-0.0397294215667625,-1.65239932696493,0.639405589860661,-0.71893627707033,-1.62185691745124,1.70168202497723,-0.674649235931402,1.36356173677613,-0.174118706568749,0.558387345393196,-0.906881536080518,-0.00501484278517327,-0.81555310004809,"Graphic Designer","High School","Medium"
-1.27401658314425,0.036881138309342,-1.55379009575062,-0.783343630223839,1.68829486217199,-0.0589580545455473,0.356722899086977,0.522575422340941,-1.51070336651765,-1.64534980102561,1.53886816704965,-0.795573514488342,-0.423843167021868,0.624756111631956,-0.885369881812279,"Customer Support","High School","High"
-0.645348523878621,0.723396639413951,-0.145361561626102,1.26762781408513,1.08316643583853,-1.03155754037154,1.15509721102345,-0.587171968375564,-0.326293348187133,1.04867564561083,0.490100693405731,-0.205385447360492,-0.872378795433472,0.904654313595124,-1.09482022710485,"Customer Support","PhD","High"
1.56321030509179,-0.306376612242962,-1.23689367557261,1.05905444686727,1.24453401619412,-1.0662932362939,-0.337515633031694,-0.968647633934363,-1.26685424509666,-0.875628244843771,1.29415575653273,-1.35104463649102,1.61181853115387,-1.75437860505498,0.580782535235707,"Construction Worker","Bachelor's","High"
-1.01653342479908,-1.10731136353167,1.50954196597021,-1.23525259252921,0.316670429149482,-1.34417880367276,-0.511075266061362,0.800012270020067,-0.535306880833694,-0.630716840604094,-1.32776292757706,-1.48991241699169,-1.32091442384508,1.32450161653988,-1.68826287210046,"Software Engineer","High School","Medium"
1.4228384968502,1.63875064088676,0.946170552320403,0.25952320586547,0.357012324238379,0.531548776134522,-0.129244073396093,-0.41377393857611,1.51999285685749,1.67844782794143,0.525059609193862,-1.03859213036452,-0.182323982492542,-0.00501484278517327,0.929866444056657,"Software Engineer","Master's","Medium"
1.01501476248998,1.40991214051856,0.0306920051394637,0.641907712431549,-0.772560738250748,0.983112823125163,-0.997042238544432,0.557255028300832,-1.37136101141994,-1.33046370986031,-1.6074342538821,1.42631097352239,0.335217127213154,-0.494836696220718,1.03459161670294,"Mechanic","Master's","Medium"
0.0321809449663732,-0.764053612979368,0.418009852023707,-0.0185746170916797,-1.82145001056208,-0.823143364837401,-1.34416150460377,0.557255028300832,-0.883662768577963,-0.14089403212474,-0.523707864450054,-1.24689380111552,1.57731579050683,1.49943799276686,-1.4439041359258,"AI Engineer","Master's","Low"
-1.30692796428612,0.265719638677545,-0.0397294215667625,0.954767763258342,0.96214075057184,-1.27470741182804,1.36336877065905,1.38956557133821,-0.117279815540571,1.32857439331332,0.594977440770123,-1.07330907548968,-0.5963568702571,-1.26455675161943,0.964774834938751,"Retail Worker","Master's","High"
0.918736692283932,0.380138888861646,0.171534858551916,0.572383256692262,1.5672691769053,-0.962086148526829,-0.545787192667296,-0.309735120696438,0.300747249752552,1.2585997063877,-0.873297022331359,-0.101234611984989,0.852758236918852,-1.43949312784641,0.0571566720042835,"Truck Driver","PhD","High"
-1.58666025650244,1.06665438996625,0.136324145198803,0.954767763258342,-0.449825577539569,1.22626269458166,-0.580499119273229,-1.07268645181404,-0.117279815540571,1.36356173677613,-1.50255750651771,-0.587271843737336,0.507730830448387,-0.494836696220718,-1.47881252680789,"Software Engineer","Master's","Medium"
-1.38063905585144,-0.764053612979368,0.312377711964368,1.37191449769406,-0.00606473156169745,0.32313460060038,0.113739412845442,-0.760569998175018,0.474925193624687,0.0690300286521262,-0.94321485390762,1.39159402839722,1.54281304985978,-1.5444549535826,0.441148971707328,"Chef","PhD","Medium"
-0.893065179303738,-1.67940761445218,0.10111343184569,-0.435721351527403,-1.33734726949531,-0.614729189303259,-1.30944957799783,-0.691210786255237,0.579431959947968,-1.54038777063718,-0.418831117085662,-1.5940632523672,-0.492848648315961,-1.43949312784641,-0.53628597299133,"Doctor","High School","Low"
0.01735782071196,-1.56498836426808,0.382799138670594,0.641907712431549,-0.00606473156169745,1.46941256603816,0.148451339451376,-1.38480290545305,1.48515726808307,-1.26048902293469,1.74862166177843,-0.205385447360492,-1.49342812708031,1.25452706604909,-1.4089957450437,"Lawyer","High School","Medium"
1.3072874756155,0.494558139045748,-0.286204415038554,0.641907712431549,0.921798855482943,0.427341688367451,0.981537577993782,-1.31544369353327,0.509760782399114,1.64346048447862,1.64374491441404,-1.17745991086519,0.887260977565898,1.21953979080369,1.38367552552389,"Customer Support","Master's","High"
-0.22836508115847,-0.0775381118747595,-0.81436511533525,-1.548112643356,1.20419212110522,-1.3094431077504,1.01624950459972,-1.24608448161349,1.10196579156437,-1.33046370986031,-0.0692419592043573,-0.413687118111498,0.335217127213154,0.0649597077056189,0.371332189943138,"Security Guard","Master's","High"
0.473638434944786,-0.191957362058861,-1.30731510227883,0.0857120665172512,-0.449825577539569,-1.44838589143983,-0.962330311938498,0.973410299819522,0.126569305880418,-1.05056496215783,-1.67735208545836,-0.483121008361833,-0.492848648315961,0.834679763104332,1.48840069817018,"Marketing Manager","Master's","Medium"
-1.12197120336507,-0.0775381118747595,0.664484845495499,0.468096573083331,-0.12709041682839,-1.48312158736218,-0.0945321467901593,-0.517812756455783,0.161404894654845,-1.26048902293469,0.769772019710775,1.00970763202038,-0.389340426374821,-1.12460765063785,0.441148971707328,"HR Specialist","Master's","Medium"
-1.53970591554061,0.837815889598052,0.699695558848612,-1.30477704826849,-0.167432311917287,1.46941256603816,0.460858678904778,-1.2114048756536,0.753609903820102,-0.49076746675285,-0.0342830434162267,-0.274819337610827,0.783752755624759,-0.984658549656263,-0.361744018580856,"Lawyer","PhD","Medium"
-0.678057640167112,0.380138888861646,0.699695558848612,-1.02667922531134,-1.458372954762,-1.69153576289633,0.113739412845442,-0.760569998175018,-1.71971689916421,-0.245856062513173,1.50390925126152,1.46102791864756,-0.458345907668914,-0.179951219012154,-0.885369881812279,"Nurse","Bachelor's","Low"
-0.544533941961179,0.608977389229849,0.664484845495499,1.05905444686727,1.68829486217199,1.53888395788287,1.46750455047685,-1.62756014717229,1.6593352119552,-0.385805436364417,1.36407358810899,-0.205385447360492,-0.285832204433682,-1.71939132980958,-1.54862930857208,"Truck Driver","Bachelor's","High"
0.0728650754736128,0.837815889598052,1.54475267932333,-0.957154769572057,-0.651535052984056,-0.996821844449186,-0.997042238544432,-0.725890392215128,-1.44103218896879,-0.875628244843771,1.46895033547339,1.35687708327205,-0.630859610904147,1.74434891948463,-0.67591953651971,"Chef","PhD","Medium"
-0.324411991532095,-0.420795862427064,1.43912053926399,0.815718851779767,0.760431275127353,1.36520547827109,-0.962330311938498,0.90405108789974,-1.5803745440665,1.15363767599927,0.350265030253209,1.59989569914823,1.57731579050683,-1.579442228828,-1.16463700886904,"Marketing Manager","Bachelor's","Medium"
0.164230999240581,-0.649634362795267,1.33348839920465,1.09381667473692,0.760431275127353,0.427341688367451,-0.823482605514764,-1.62756014717229,-0.988169534901244,0.663814867519913,1.50390925126152,-0.621988788862503,1.30129386533046,-0.38987487048453,-0.641011145637615,"Software Engineer","Bachelor's","Medium"
1.34583337767279,-0.0775381118747595,-0.215782988332328,1.44143895343335,1.28487591128302,-0.753671972992687,1.18980913762938,1.73636163093712,0.509760782399114,-0.84064090138096,-0.90825593811949,-1.52462936211686,-1.45892538643326,1.42946344227607,-1.37408735416161,"Security Guard","Bachelor's","High"
-0.305688045105467,0.265719638677545,-1.27210438892572,1.54572563704228,1.6076110719942,0.635755863901593,-0.302803706425761,1.4242451772981,0.0917337171059909,-0.420792779827228,0.315306114465078,-0.934441294989012,-0.803373314139379,1.46445071752146,1.03459161670294,"Customer Support","PhD","High"
-0.230936734294226,1.29549289033446,-0.286204415038554,1.09381667473692,0.114960953704995,-0.267372230079689,0.0790274862395087,-0.933968027974472,-1.0578407124501,1.74842251486705,1.64374491441404,-0.274819337610827,0.0591952020367829,1.1495652403129,0.825141271410372,"UX Researcher","High School","Medium"
-1.60497967322232,-0.535215112611165,-0.462257981804119,-0.852868085963126,1.80932054743869,0.878905735358092,-1.55243306423937,1.38956557133821,1.48515726808307,-0.560742153678472,0.490100693405731,0.627821235643532,0.783752755624759,0.659743386877352,0.231698626414758,"Security Guard","High School","High"
0.394870722045117,1.52433139070266,0.0306920051394637,-1.33953927613814,-0.691876948072953,-1.65680006697397,-0.233379853213894,-0.795249604134909,1.38065050175979,1.32857439331332,1.18927900916834,1.28744319302172,-0.69986509219824,-0.249925769502946,-0.641011145637615,"Lawyer","High School","Medium"
0.950752329075141,-0.87847286316347,1.4743312526171,0.433334345213688,-0.611193157895159,-0.996821844449186,-0.163956000002026,-1.55820093525251,-0.813991591029109,0.733789554445535,1.46895033547339,1.49574486377272,0.0591952020367829,-0.669773072447699,1.48840069817018,"Chef","PhD","Medium"
-0.00182844537952231,1.52433139070266,0.312377711964368,1.1633411304762,1.24453401619412,-1.34417880367276,1.53692840368872,0.106420150822252,0.683938726271249,-0.350818092901606,-1.25784509600079,-0.795573514488342,-1.59693634902145,-1.43949312784641,-1.02500344534066,"Truck Driver","Bachelor's","High"
-0.909650897280411,1.40991214051856,1.72080624608889,1.19810335834585,-0.691876948072953,1.1915269986593,0.148451339451376,0.557255028300832,-1.30168983387109,-0.315830749438795,1.32911467232086,-0.240102392485659,-1.28641168319803,-0.669773072447699,-0.955186663576469,"Financial Analyst","High School","Medium"
-0.797682853448342,1.63875064088676,1.43912053926399,0.815718851779767,-0.974270213695235,1.08731991089223,-1.6912807706631,-1.31544369353327,-0.291457759412706,-1.33046370986031,0.804730935498906,-1.48991241699169,-0.285832204433682,-0.38987487048453,0.161881844650568,"Doctor","Bachelor's","Low"
-0.0495629507758005,0.380138888861646,1.57996339267644,-0.783343630223839,0.276328534060584,-1.58732867512926,-1.72599269726904,-1.62756014717229,-0.186950993089425,0.243966745966181,-1.71231100124649,-0.344253227861162,-1.59693634902145,0.519794285895768,0.476057362589423,"Marketing Manager","Master's","Medium"
-1.18169712506852,-0.992892113347571,0.171534858551916,0.433334345213688,1.08316643583853,-1.41365019551747,0.842689871570047,0.383856998501378,1.51999285685749,1.74842251486705,1.22423792495647,1.70404653452373,0.507730830448387,-1.43949312784641,-1.4089957450437,"Construction Worker","High School","High"
0.938732017788911,0.723396639413951,-0.919997255394589,-1.51335041548635,1.28487591128302,-0.649464885225616,0.322010972481044,0.349177392541487,0.614267548722395,0.313941432891803,-0.418831117085662,-1.66349714261753,1.4048020872716,-0.599798521956906,0.0571566720042835,"Retail Worker","PhD","High"
1.05252044530135,-1.22173061371577,-0.673522261922798,-0.644294718745265,-0.409483682450671,-0.892614756682115,-1.62185691745124,1.59764320709756,0.335582838526979,-1.33046370986031,0.315306114465078,-0.934441294989012,-0.665362351551193,1.04460341457671,1.38367552552389,"Data Scientist","Bachelor's","Medium"
1.42517899015353,0.952235139782153,1.50954196597021,1.44143895343335,0.0746190586160974,1.4346768701158,0.148451339451376,-1.38480290545305,1.1368013803388,-1.26048902293469,-0.628584611814446,-0.413687118111498,1.05977468080113,-1.47448040309181,-0.187202064170381,"Financial Analyst","Master's","Medium"
-0.565482801774921,-0.649634362795267,0.277166998611255,-0.50524580726669,-1.25666347931752,1.71256243749466,-1.4830092110275,1.28552675345854,-0.674649235931402,-0.0709193451991179,0.839689851287036,1.42631097352239,-1.70044457096259,0.554781561141164,-1.47881252680789,"Research Scientist","Bachelor's","Low"
-0.0734013084948862,0.380138888861646,0.347588425317481,-0.783343630223839,-0.490167472628466,-0.788407668915044,0.426146752298844,-1.2114048756536,0.753609903820102,-0.245856062513173,-0.523707864450054,1.07914152227071,0.0246924613897364,-0.424862145729926,1.3487671346418,"HR Specialist","Master's","Medium"
1.57728215989082,1.40991214051856,1.26306697249842,0.016187610777964,-0.490167472628466,0.392605992445094,-0.719346825696964,-1.2114048756536,-1.44103218896879,-0.875628244843771,0.839689851287036,1.18329235764621,1.23228838403636,-0.809722173429283,0.580782535235707,"HR Specialist","PhD","Medium"
-0.799329867254388,0.837815889598052,0.418009852023707,1.37191449769406,0.841115065305148,1.71256243749466,1.15509721102345,0.90405108789974,0.649103137496822,0.978700958685212,1.7136627459903,0.94027374177004,-0.527351388963007,0.379845184914183,-0.53628597299133,"Construction Worker","High School","High"
-1.32059528937839,-0.306376612242962,1.40390982591087,0.25952320586547,0.437696114416174,1.4346768701158,-0.892906458726631,0.279818180621705,-0.0824442267661439,0.978700958685212,-0.418831117085662,0.731972071019034,-0.354837685727775,-1.36951857735562,-1.33917896327951,"Data Scientist","Bachelor's","Medium"
-0.815713320377687,0.380138888861646,-1.65942223580996,0.120474294386895,0.276328534060584,-1.27470741182804,0.391434825692911,0.349177392541487,-1.23201865632223,-0.315830749438795,0.909607682863297,-1.66349714261753,-1.21740620190394,1.74434891948463,0.825141271410372,"Marketing Manager","Bachelor's","Medium"
0.636374956973744,-0.649634362795267,0.45322056537682,1.23286558621549,1.6479529670831,-0.614729189303259,-0.0251082935782921,0.48789581638105,-1.51070336651765,1.60847314101581,-0.24403653814501,-0.448404063236665,1.4048020872716,-1.33453130211022,-1.58353769945418,"Truck Driver","Bachelor's","High"
-1.11304265483756,1.06665438996625,0.523641992083047,-1.13096590892028,-0.772560738250748,1.4346768701158,-0.68463489909103,-0.101657484937093,-1.44103218896879,-0.385805436364417,-0.27899545393314,1.39159402839722,1.26679112468341,-1.08962037539245,0.231698626414758,"Software Engineer","PhD","Medium"
0.283711737626544,0.265719638677545,-0.743943688629024,-0.366196895788116,0.760431275127353,0.913641431280449,-0.19866792660796,0.106420150822252,0.44008960485026,0.0340426851893152,-0.313954369721271,-0.483121008361833,-1.14840072060984,1.63938709374844,-1.4089957450437,"Mechanic","Master's","Medium"
-0.573139971224082,1.18107364015036,1.61517410602955,-0.435721351527403,-0.409483682450671,1.60835534972759,1.05096143120565,0.557255028300832,0.370418427301406,-0.455780123290039,0.490100693405731,0.80140596126937,-1.63143908966849,-1.33453130211022,-0.60610275475552,"Software Engineer","Master's","Medium"
-0.686061549364914,-1.33614986389988,1.40390982591087,0.641907712431549,1.16385022601633,1.08731991089223,-0.615211045879163,1.70168202497723,0.962623436466664,1.11865033253646,-0.838338106543229,-1.21217685599035,-0.389340426374821,-0.599798521956906,0.964774834938751,"Truck Driver","Master's","High"
-1.43825564408399,1.63875064088676,0.10111343184569,0.468096573083331,-0.207774207006184,-1.03155754037154,1.39808069726498,-1.24608448161349,-0.709484824705829,0.943713615222401,0.38522394604134,0.80140596126937,1.05977468080113,1.39447616703067,-0.67591953651971,"Software Engineer","Master's","Medium"
-1.59720692385695,-1.22173061371577,0.488431278729934,-0.574770263005978,1.04282454074964,-0.996821844449186,-0.337515633031694,-1.07268645181404,-1.26685424509666,-0.455780123290039,0.38522394604134,-1.21217685599035,-1.59693634902145,-1.64941677931879,-0.780644709165995,"Customer Support","Master's","High"
-0.749486028387209,1.40991214051856,0.136324145198803,-0.122861300700611,1.12350833092743,1.15679130273695,0.00960363302764153,-1.41948251141294,-0.709484824705829,1.67844782794143,1.67870383020217,-0.865007404738677,-1.14840072060984,-0.00501484278517327,-0.0475685006420014,"Truck Driver","Master's","High"
-0.231572423833401,1.63875064088676,0.10111343184569,-0.922392541702414,-0.611193157895159,0.253663208755666,1.50221647708279,-1.24608448161349,0.683938726271249,-0.175881375587551,-0.733461359178837,1.21800930277138,-0.147821241845496,0.274883359177995,-0.187202064170381,"UX Researcher","Bachelor's","Medium"
-0.252723548500517,1.63875064088676,0.312377711964368,-0.261910212179185,-0.691876948072953,0.357870296522737,-1.6912807706631,-1.00332723989425,0.962623436466664,-1.57537511409999,0.525059609193862,1.56517875402306,-1.14840072060984,-0.284913044748342,0.301515408178948,"Marketing Manager","Master's","Medium"
-0.859171368874056,0.837815889598052,0.418009852023707,-0.331434667918472,0.96214075057184,-1.41365019551747,0.842689871570047,-0.899288422014582,1.20647255788765,0.873738928296779,-1.57247533809397,-1.03859213036452,-0.734367832845286,0.309870634423391,1.10440839846713,"Retail Worker","PhD","High"
-1.71469390868822,-0.649634362795267,-0.884786542041476,-0.400959123657759,-0.530509367717364,0.184191816910952,-0.0598202201842257,-0.621851574335455,0.0568981283315639,-0.455780123290039,-0.558666780238185,-0.795573514488342,0.128200683330876,-0.21493849425755,-1.02500344534066,"HR Specialist","Bachelor's","Medium"
1.61186944981778,1.40991214051856,-1.23689367557261,-1.58287487122564,-0.12709041682839,-0.927350452604472,-0.268091779819827,-0.587171968375564,0.126569305880418,0.803764241371157,-0.0692419592043573,-1.52462936211686,-1.66594183031554,-1.01964582490166,-0.257018845934571,"UX Researcher","Bachelor's","Medium"
-0.0189342729791571,-0.87847286316347,-0.603100835216572,1.37191449769406,-1.74076622038429,1.57361965380523,1.25923299084125,1.14680832961898,1.24130814666208,-1.43542574024875,-1.22288618021266,-1.28161074624069,-1.35541716449212,-0.599798521956906,1.17422518023132,"AI Engineer","Master's","Low"
-0.595995899655351,-1.56498836426808,-0.919997255394589,0.641907712431549,0.881456960394045,-0.475786405613831,-0.68463489909103,1.21616754153876,0.022062539557137,0.55885283713148,-1.29280401178893,1.49574486377272,-0.630859610904147,0.729717937368144,1.59312587081646,"Construction Worker","PhD","High"
-0.178145607563596,-1.33614986389988,0.0306920051394637,-1.30477704826849,-0.167432311917287,1.22626269458166,-1.24002572478597,1.45892478325799,0.579431959947968,-0.245856062513173,0.175470451312557,-1.21217685599035,-0.975887017374611,-0.739747622938491,-0.396652409462951,"UX Researcher","Master's","Medium"
1.40824653242821,0.380138888861646,-0.462257981804119,0.0857120665172512,-1.66008243020649,0.844170039435735,0.217875192663243,-0.205696302816766,1.55482844563192,1.39854908023894,0.560018524981992,1.46102791864756,0.197206164624969,1.1495652403129,-0.291927236816666,"Teacher","Master's","Low"
-0.0733435185367793,0.036881138309342,1.72080624608889,-1.13096590892028,-1.5793986400287,-1.17050032406097,-0.545787192667296,-0.725890392215128,0.335582838526979,1.78340985832987,-1.57247533809397,0.974990686895208,-1.28641168319803,-1.68440405456418,0.510965753471518,"Research Scientist","PhD","Low"
1.289170323749,-0.87847286316347,-1.13126153551327,-0.540008035136334,-0.530509367717364,1.4346768701158,-0.788770678908831,-0.205696302816766,1.34581491298536,0.20897940250337,1.50390925126152,1.49574486377272,-0.147821241845496,0.274883359177995,-0.920278272694374,"Marketing Manager","Master's","Medium"
1.60921111174487,-1.45056911408398,-0.779154401982137,0.989529991127985,1.12350833092743,-0.649464885225616,-1.3788734312097,0.210458968701924,-0.91849835735239,-1.19051433600907,-0.94321485390762,-0.865007404738677,-0.00981027925731013,-0.38987487048453,-1.4439041359258,"Security Guard","High School","High"
0.498372537014528,-0.535215112611165,1.01659197902663,0.25952320586547,1.76897865234979,-1.37891449959511,1.12038528441752,0.03706093890247,0.0568981283315639,0.104017372114937,-0.593625696026315,-0.621988788862503,0.438725349154294,-1.61442950407339,0.336423799061043,"Security Guard","Bachelor's","High"
-0.243592735119631,0.380138888861646,-0.497468695157232,-0.957154769572057,1.00248264566074,-1.44838589143983,-1.41358535781563,-1.14204566373382,-1.68488131038978,-0.770666214455338,-0.663543527602576,1.7387634796489,1.68082401244797,-1.08962037539245,-0.990095054458564,"Retail Worker","Master's","High"
1.26853930870484,1.40991214051856,-1.23689367557261,0.016187610777964,1.20419212110522,-0.614729189303259,1.12038528441752,1.14680832961898,1.69417080072963,-0.945602931769393,1.36407358810899,0.141784003891185,0.300714386566108,1.39447616703067,1.55821747993436,"Customer Support","PhD","High"
-1.14268890334638,-0.649634362795267,-0.532679408510346,-0.0185746170916797,1.40590159654971,1.15679130273695,0.564994458722579,-0.448453544536001,-0.291457759412706,-1.54038777063718,1.46895033547339,-1.42047852674136,0.266211645919061,1.28951434129448,-0.257018845934571,"Retail Worker","Master's","High"
0.223754656090662,1.29549289033446,1.05180269237974,-1.51335041548635,1.20419212110522,0.67049155982395,-0.268091779819827,0.175779362742033,0.300747249752552,-1.19051433600907,-0.313954369721271,-1.62878019749237,-1.21740620190394,0.0299724324602228,0.266607017296853,"Retail Worker","PhD","High"
1.34817387097612,0.151300388493443,0.629274132142386,1.33715226982442,0.357012324238379,1.57361965380523,1.36336877065905,1.25084714749865,-0.395964525735986,-0.350818092901606,0.839689851287036,-1.45519547186653,-0.630859610904147,1.49943799276686,-0.152293673288286,"Data Scientist","Bachelor's","Medium"
-1.61766456902678,-1.33614986389988,-0.0749401349198756,-0.713819174484552,1.5672691769053,1.22626269458166,0.981537577993782,-1.2114048756536,-0.570142469608121,-0.980590275232204,-1.6074342538821,0.836122906394537,-0.251329463786635,-0.774734898183887,-0.641011145637615,"Construction Worker","PhD","High"
-0.883472046257997,0.380138888861646,1.15743483243908,-1.23525259252921,-0.248116102095082,-1.69153576289633,-0.19866792660796,-0.517812756455783,0.753609903820102,0.803764241371157,-1.6074342538821,-1.31632769136586,1.37029934662455,1.00961613933131,-0.361744018580856,"Software Engineer","Master's","Medium"
1.1597208175896,-0.87847286316347,-0.849575828688363,0.572383256692262,-0.853244528428543,0.427341688367451,-1.62185691745124,0.522575422340941,1.51999285685749,-0.455780123290039,1.50390925126152,0.593104290518364,-1.07939523931575,-1.22956947637404,-1.09482022710485,"AI Engineer","High School","Low"
-0.993301861640112,-0.306376612242962,0.312377711964368,-0.122861300700611,-0.369141787361774,1.4346768701158,-0.997042238544432,-0.760569998175018,-1.5803745440665,-0.735678870992527,1.46895033547339,-1.07330907548968,-1.0448924986687,0.344857909668787,0.266607017296853,"Chef","Bachelor's","Medium"
1.35207469314833,1.29549289033446,-1.23689367557261,-1.30477704826849,0.558721799682866,0.531548776134522,1.57164033029465,-1.14204566373382,-0.152115404314998,0.873738928296779,-1.01313268548388,0.627821235643532,-0.11331850119845,-0.249925769502946,0.510965753471518,"UX Researcher","PhD","Medium"
-0.155636418880968,0.036881138309342,1.12222411908597,1.51096340917264,-1.21632158422862,-0.684200581147973,0.981537577993782,-1.14204566373382,-1.44103218896879,0.104017372114937,0.525059609193862,1.14857541252105,1.57731579050683,1.28951434129448,1.73275943434484,"Nurse","High School","Low"
1.07803471180553,0.380138888861646,-0.638311548569685,-0.122861300700611,-1.17597968913972,0.0452490332215238,0.460858678904778,1.35488596537832,-1.16234747877338,-1.2954763663975,0.000675872371903821,1.66932958939856,-1.52793086772735,1.70936164423923,1.66294265258065,"AI Engineer","High School","Low"
1.69644505350719,-0.0775381118747595,1.36869911255776,-1.68716155483457,-0.0867485217394923,-0.336843621924403,1.39808069726498,-0.101657484937093,-0.291457759412706,0.523865493668669,-0.418831117085662,0.141784003891185,1.57731579050683,-1.05463310014706,-0.117385282406191,"Marketing Manager","High School","Medium"
1.63380073891934,-0.191957362058861,1.19264554579219,-1.40906373187742,-1.74076622038429,1.33046978234873,-0.302803706425761,0.661293846180504,1.24130814666208,-0.420792779827228,-0.838338106543229,-1.14274296574002,0.369719867860201,-0.879696723920075,0.476057362589423,"Teacher","Bachelor's","Low"
-1.28207828230016,-1.10731136353167,-0.532679408510346,-0.852868085963126,1.20419212110522,-1.17050032406097,-0.615211045879163,0.973410299819522,-0.988169534901244,1.60847314101581,-0.0342830434162267,-1.35104463649102,1.50831030921273,-0.144963943766757,0.231698626414758,"Truck Driver","PhD","High"
0.0350993378507704,-0.992892113347571,-0.603100835216572,0.711432168170836,-0.611193157895159,0.253663208755666,0.669130238540379,-1.73159896505196,1.17163696911323,-1.50540042717437,-0.873297022331359,1.59989569914823,-1.45892538643326,1.1495652403129,0.545874144353612,"Marketing Manager","High School","Medium"
0.825088065171742,0.952235139782153,0.277166998611255,-1.13096590892028,1.48658538672751,1.57361965380523,-1.44829728442157,-0.587171968375564,-0.117279815540571,-0.910615588306582,0.839689851287036,0.662538180768699,-1.32091442384508,0.239896083932599,-0.431560800345046,"Construction Worker","Master's","High"
0.633629933963668,-1.56498836426808,1.22785625914531,-1.548112643356,-0.0464066266505949,-0.0589580545455473,0.252587119269176,-1.03800684585414,1.27614373543651,1.67844782794143,0.175470451312557,-0.830290459613509,1.30129386533046,1.70936164423923,0.860049662292467,"Graphic Designer","Bachelor's","Medium"
1.42127816798131,0.151300388493443,-0.919997255394589,-1.16572813678992,-1.5793986400287,-0.927350452604472,1.64106418350652,0.48789581638105,-1.16234747877338,-0.000944658273495871,-1.11800943284827,0.384802619767358,-0.561854129610054,-1.05463310014706,-0.885369881812279,"Research Scientist","Master's","Low"
0.685380841448374,0.952235139782153,-0.321415128391667,0.0509498386476076,-0.974270213695235,0.566284472056879,-0.129244073396093,1.56296360113766,-1.02300512367567,-0.700691527529716,1.43399141968526,1.21800930277138,-1.28641168319803,1.49943799276686,-1.68826287210046,"AI Engineer","High School","Low"
-1.38529114747904,-0.191957362058861,-0.779154401982137,-1.06144145318099,-1.37768916458421,1.39994117419345,1.01624950459972,1.63232281305745,0.126569305880418,0.0690300286521262,-1.71231100124649,-1.10802602061485,-0.00981027925731013,0.869667038349728,1.13931678934923,"Doctor","PhD","Low"
-1.44542159888924,-1.10731136353167,0.734906272201725,1.1633411304762,1.16385022601633,0.705227255746307,-0.19866792660796,1.70168202497723,-1.71971689916421,-0.280843405975984,-0.838338106543229,1.21800930277138,-0.734367832845286,0.134934258196411,0.860049662292467,"Customer Support","High School","High"
-0.800803511186113,-0.535215112611165,-0.321415128391667,-1.58287487122564,0.841115065305148,1.60835534972759,0.495570605510712,1.14680832961898,-0.0824442267661439,-0.805653557918149,-0.733461359178837,-1.5940632523672,0.990769199507038,0.274883359177995,-0.0475685006420014,"Customer Support","Master's","High"
-1.45244307879923,0.837815889598052,-0.215782988332328,1.58048786491193,-0.772560738250748,1.6778267415723,1.12038528441752,-0.517812756455783,0.335582838526979,1.29358704985051,-0.0692419592043573,-1.55934630724203,1.37029934662455,0.0649597077056189,0.196790235532663,"UX Researcher","PhD","Medium"
0.243287661930785,0.151300388493443,-1.41294724233817,0.989529991127985,1.24453401619412,1.74729813341702,0.703842165146313,1.56296360113766,-0.779156002254683,-1.08555230562064,-0.418831117085662,-0.830290459613509,0.369719867860201,0.834679763104332,-0.326835627698761,"Retail Worker","PhD","High"
-1.43273670308478,-0.992892113347571,-1.65942223580996,-0.957154769572057,-1.09529589896193,-0.962086148526829,1.43279262387092,0.522575422340941,1.24130814666208,-0.350818092901606,1.67870383020217,0.627821235643532,-0.492848648315961,-1.01964582490166,1.3138587437597,"Research Scientist","PhD","Low"
-0.0334395524639826,-1.10731136353167,-1.62421152245685,-0.748581402354195,0.96214075057184,-0.614729189303259,0.391434825692911,0.00238133294257918,0.718774315045675,-0.560742153678472,-1.32776292757706,-1.17745991086519,1.02527194015408,-1.40450585260102,1.06950000758504,"Security Guard","PhD","High"
-0.0544750972148848,-1.33614986389988,0.629274132142386,0.433334345213688,-0.651535052984056,0.601020167979236,-0.163956000002026,0.730653058100286,1.17163696911323,-1.57537511409999,0.525059609193862,-1.38576158161619,-0.423843167021868,-1.71939132980958,-0.571194363873425,"Software Engineer","PhD","Medium"
-0.125874590455928,-0.992892113347571,1.12222411908597,1.7195367763905,-0.207774207006184,0.0452490332215238,-0.19866792660796,1.35488596537832,-1.71971689916421,0.55885283713148,0.525059609193862,-0.413687118111498,-0.975887017374611,-0.914683999165471,1.06950000758504,"Mechanic","High School","Medium"
-1.46414554531587,-1.33614986389988,1.40390982591087,0.329047661604757,0.397354219327277,-0.232636534157332,-0.233379853213894,-1.48884172333273,0.788445492594529,-1.36545105332312,0.909607682863297,-1.07330907548968,-0.872378795433472,1.46445071752146,-0.0824768915240963,"Chef","High School","Medium"
1.62386086612496,-1.22173061371577,-0.955207968747702,-1.47858818761671,-1.09529589896193,-0.71893627707033,-0.372227559637628,1.45892478325799,0.231076072203698,-1.36545105332312,1.04944334601582,-0.830290459613509,0.162703423977922,0.0299724324602228,-0.885369881812279,"Nurse","High School","Low"
0.501637669647567,-1.22173061371577,-1.02562939545393,-1.37430150400778,-0.369141787361774,1.74729813341702,-0.337515633031694,1.25084714749865,0.161404894654845,0.628827524057102,-1.18792726442453,-0.795573514488342,0.0246924613897364,1.32450161653988,-1.58353769945418,"Software Engineer","High School","Medium"
1.13709604899076,-0.87847286316347,-1.58900080910374,-0.122861300700611,-1.17597968913972,0.844170039435735,-1.24002572478597,-1.14204566373382,-0.117279815540571,1.78340985832987,-0.488748948661924,-0.240102392485659,-0.251329463786635,-1.47448040309181,0.964774834938751,"AI Engineer","Master's","Low"
0.67315826530877,1.63875064088676,0.488431278729934,-1.27001482039885,-0.772560738250748,-0.232636534157332,-1.1706018715741,0.175779362742033,-0.186950993089425,-1.2954763663975,0.594977440770123,-1.66349714261753,-1.28641168319803,0.694730662122748,0.126973453768473,"Software Engineer","High School","Medium"
-0.277891075256061,-0.420795862427064,-1.13126153551327,0.502858800952974,-0.490167472628466,1.6778267415723,1.29394491744718,-1.28076408757338,1.24130814666208,-0.49076746675285,-0.0342830434162267,-1.24689380111552,-1.32091442384508,1.28951434129448,0.476057362589423,"Mechanic","High School","Medium"
-0.252434598709983,-1.33614986389988,-1.62421152245685,1.476201181303,-0.207774207006184,-0.267372230079689,-0.719346825696964,1.35488596537832,-0.570142469608121,-1.12053964908345,0.000675872371903821,0.974990686895208,-0.458345907668914,0.519794285895768,-0.67591953651971,"HR Specialist","PhD","Medium"
-1.06724411303786,0.837815889598052,0.594063418789273,0.641907712431549,0.235986638971687,-1.17050032406097,1.36336877065905,0.314497786581596,-0.430800114510413,-1.12053964908345,0.979525514439559,0.0376331685156818,-1.21740620190394,1.46445071752146,-1.33917896327951,"Financial Analyst","Master's","Medium"
0.85979093501492,1.18107364015036,0.382799138670594,1.75429900426014,0.96214075057184,0.392605992445094,-0.0598202201842257,-0.8299292100948,1.51999285685749,1.04867564561083,0.979525514439559,1.39159402839722,0.783752755624759,0.0299724324602228,-0.361744018580856,"Truck Driver","Master's","High"
-1.53612293813798,-1.22173061371577,0.347588425317481,0.155236522256539,0.155302848793892,0.566284472056879,1.64106418350652,0.869371481939849,-1.12751188999895,-0.0709193451991179,0.629936356558253,-1.10802602061485,1.47380756856569,-1.47448040309181,0.406240580825233,"UX Researcher","High School","Medium"
-0.0142243913934468,-0.535215112611165,0.805327698907951,0.641907712431549,1.80932054743869,1.01784851904752,1.64106418350652,0.695973452140395,0.579431959947968,0.943713615222401,-1.08305051706014,1.07914152227071,1.61181853115387,0.379845184914183,-1.68826287210046,"Customer Support","PhD","High"
-0.489604586780595,-0.649634362795267,-0.955207968747702,-0.0185746170916797,-0.12709041682839,1.6778267415723,1.57164033029465,-0.37909433261622,0.997459025241091,0.523865493668669,-0.90825593811949,1.49574486377272,-0.837876054786425,1.28951434129448,0.510965753471518,"Mechanic","Bachelor's","Medium"
-1.36307090858695,-1.67940761445218,1.19264554579219,-0.0185746170916797,-0.974270213695235,0.184191816910952,1.67577611011245,0.557255028300832,-0.46563570328484,0.943713615222401,0.0356347881600344,1.07914152227071,1.12878016209522,0.414832460159579,1.3138587437597,"Nurse","Bachelor's","Low"
0.165762433130413,-1.22173061371577,-1.55379009575062,0.572383256692262,0.437696114416174,-1.48312158736218,0.946825651387848,0.48789581638105,-1.33652542264551,0.173992059040559,-1.36272184336519,-0.621988788862503,1.02527194015408,-1.40450585260102,-0.117385282406191,"Software Engineer","High School","Medium"
-1.70261580744389,-1.22173061371577,1.54475267932333,0.850481079649411,-0.570851262806261,1.64309104564995,-0.0598202201842257,-0.448453544536001,-1.30168983387109,1.53849845409019,0.315306114465078,1.70404653452373,-1.14840072060984,0.169921533441807,-1.33917896327951,"Marketing Manager","PhD","Medium"
0.0654679608359328,1.52433139070266,1.36869911255776,-1.33953927613814,1.08316643583853,0.635755863901593,-1.44829728442157,-0.171016696856875,-0.604978058382548,1.22361236292489,-1.57247533809397,1.25272624789655,0.680244533683619,-0.704760347693095,-1.02500344534066,"Truck Driver","PhD","High"
-0.282832116674199,0.036881138309342,0.171534858551916,-0.540008035136334,0.841115065305148,-1.13576462813861,0.356722899086977,0.03706093890247,0.89295225891781,1.18862501946208,-0.348913285509401,-1.38576158161619,0.990769199507038,0.169921533441807,1.69785104346274,"Customer Support","Bachelor's","High"
1.29139523713611,1.63875064088676,-0.603100835216572,-0.227147984309541,1.04282454074964,0.0452490332215238,0.738554091752246,0.383856998501378,-0.570142469608121,1.15363767599927,-1.36272184336519,-1.24689380111552,-0.354837685727775,0.694730662122748,0.685507707881992,"Construction Worker","PhD","High"
-0.806120187331946,0.952235139782153,0.699695558848612,-1.51335041548635,-0.328799892272877,0.67049155982395,-1.10117801836223,-1.00332723989425,-1.44103218896879,-0.455780123290039,1.11936117759208,1.18329235764621,1.23228838403636,-1.61442950407339,1.73275943434484,"Chef","High School","Medium"
0.360948016636381,-0.0775381118747595,1.29827768585153,1.44143895343335,1.32521780637192,-1.5525929792069,0.356722899086977,-0.587171968375564,-1.02300512367567,-1.08555230562064,0.210429367100687,-1.38576158161619,1.09427742144818,-0.949671274410867,0.196790235532663,"Construction Worker","High School","High"
-1.41227905791495,1.52433139070266,1.26306697249842,0.676669940301192,1.00248264566074,0.774698647591021,-1.44829728442157,0.938730693859631,-0.047608637991717,-1.2954763663975,0.175470451312557,-1.03859213036452,0.57673631174248,0.729717937368144,0.929866444056657,"Truck Driver","PhD","High"
-1.27390100322804,-0.649634362795267,0.523641992083047,-0.0185746170916797,-0.974270213695235,1.39994117419345,0.981537577993782,1.52828399517777,1.6593352119552,-0.84064090138096,-1.11800943284827,-0.170668502235324,1.71532675309501,-1.43949312784641,0.755324489646182,"Research Scientist","High School","Low"
-1.02413280429013,0.952235139782153,1.65038481938266,1.65001232065121,1.72863675726089,-0.475786405613831,-0.441651412849495,1.21616754153876,0.788445492594529,0.733789554445535,-0.768420274966968,1.14857541252105,0.266211645919061,-0.179951219012154,1.3138587437597,"Retail Worker","PhD","High"
0.0468306993464659,0.265719638677545,0.523641992083047,-0.088099072830967,0.155302848793892,-1.58732867512926,-0.129244073396093,0.210458968701924,-0.047608637991717,1.2585997063877,-0.663543527602576,1.32216013814688,-0.354837685727775,0.659743386877352,-1.4089957450437,"Mechanic","Master's","Medium"
0.742217265246485,-1.33614986389988,0.91095983896729,-1.68716155483457,1.76897865234979,-1.0662932362939,1.39808069726498,0.0717405448623608,0.196240483429272,-1.43542574024875,-0.453790032873793,-1.17745991086519,0.0936979426838294,0.169921533441807,0.755324489646182,"Retail Worker","Master's","High"
-0.130584472041638,1.18107364015036,-0.110150848272989,-0.922392541702414,1.12350833092743,1.22626269458166,-1.20531379818003,0.45321621042116,-1.71971689916421,-0.84064090138096,0.315306114465078,-0.135951557110156,-0.0443130199043566,0.554781561141164,-0.920278272694374,"Truck Driver","Bachelor's","High"
-0.138877331029975,1.18107364015036,0.629274132142386,0.155236522256539,-0.772560738250748,0.601020167979236,0.426146752298844,-1.45416211737283,0.858116670143383,0.104017372114937,-1.04809160127201,0.21121789414152,0.335217127213154,1.46445071752146,0.860049662292467,"UX Researcher","Bachelor's","Medium"
0.0161153366126622,0.494558139045748,-1.34252581563195,1.23286558621549,0.558721799682866,-1.10102893221626,-1.51772113763344,0.730653058100286,0.753609903820102,-1.08555230562064,0.594977440770123,-0.760856569363174,-0.837876054786425,-0.634785797202302,0.0920650628863784,"UX Researcher","Bachelor's","Medium"
-0.404971193133078,-0.649634362795267,-0.603100835216572,-0.157623528570254,-0.812902633339646,1.46941256603816,1.67577611011245,-0.240375908776656,1.03229461401552,1.32857439331332,-1.6074342538821,-0.795573514488342,1.30129386533046,-0.38987487048453,-0.7457363182839,"Research Scientist","PhD","Low"
0.385971068496658,0.723396639413951,-0.427047268451006,-0.88763031383277,0.80077317021625,-1.13576462813861,1.32865684405312,-1.45416211737283,-0.326293348187133,-0.105906688661929,0.979525514439559,-0.865007404738677,-0.665362351551193,-1.71939132980958,1.41858391640599,"Construction Worker","PhD","Medium"
-0.467297662951342,-1.56498836426808,0.488431278729934,0.711432168170836,1.72863675726089,1.08731991089223,0.391434825692911,0.557255028300832,-1.23201865632223,-0.0709193451991179,-0.698502443390707,-0.240102392485659,0.542233571095433,-1.22956947637404,-1.65335448121837,"Customer Support","Master's","High"
-0.129602042753821,1.29549289033446,-0.638311548569685,-0.261910212179185,0.679747484949559,0.739962951668664,-0.580499119273229,-1.10736605777393,0.405254016075833,0.593840180594291,-0.0692419592043573,-1.00387518523935,-1.63143908966849,-0.809722173429283,-0.117385282406191,"UX Researcher","Bachelor's","Medium"
-1.59974968201365,0.380138888861646,1.22785625914531,-0.296672440048828,-1.01461210878413,1.71256243749466,0.77326601835818,0.800012270020067,1.41548609053421,-0.525754810215661,-1.71231100124649,1.70404653452373,-0.0443130199043566,1.00961613933131,1.10440839846713,"Nurse","High School","Low"
1.41437226798754,-0.764053612979368,0.136324145198803,0.155236522256539,-0.449825577539569,-1.3094431077504,0.148451339451376,-1.31544369353327,-0.535306880833694,-1.05056496215783,0.734813103922645,1.28744319302172,0.266211645919061,-0.319900319993738,1.76766782522693,"Graphic Designer","PhD","Medium"
0.461040224077488,-1.10731136353167,1.26306697249842,-0.331434667918472,0.19564474388279,-0.128429446390261,-0.441651412849495,-0.864608816054691,-0.221786581863852,1.11865033253646,1.18927900916834,1.59989569914823,-0.734367832845286,0.519794285895768,0.685507707881992,"Graphic Designer","High School","Medium"
0.473378380133305,1.40991214051856,-0.462257981804119,-0.540008035136334,-0.812902633339646,1.60835534972759,1.12038528441752,-0.101657484937093,-0.848827179803536,1.50351111062738,-0.803379190755098,0.0723501136408495,-0.872378795433472,1.63938709374844,-1.58353769945418,"Teacher","High School","Low"
-1.3563961684256,1.52433139070266,0.946170552320403,-1.20049036465956,0.760431275127353,-0.614729189303259,1.46750455047685,0.557255028300832,0.44008960485026,1.50351111062738,0.0356347881600344,-0.344253227861162,-0.975887017374611,-1.26455675161943,1.03459161670294,"HR Specialist","Master's","Medium"
-0.64390377492595,0.837815889598052,-0.391836555097893,-0.296672440048828,0.276328534060584,-0.753671972992687,1.18980913762938,-1.00332723989425,0.997459025241091,1.2585997063877,-1.08305051706014,1.07914152227071,0.714747274330666,1.28951434129448,0.0571566720042835,"Mechanic","Master's","Medium"
-1.67765054554172,-0.649634362795267,1.43912053926399,1.02429221899763,-0.772560738250748,1.53888395788287,1.57164033029465,-0.483133150495892,-1.71971689916421,0.20897940250337,1.43399141968526,-1.31632769136586,0.300714386566108,0.799692487858936,-1.26936218151532,"Mechanic","Master's","Medium"
-1.60246581004467,-0.535215112611165,1.29827768585153,1.68477454852086,1.28487591128302,-0.71893627707033,0.946825651387848,-1.10736605777393,-0.91849835735239,-0.805653557918149,1.57382708283778,0.80140596126937,-1.28641168319803,-1.43949312784641,1.20913357111342,"Customer Support","Bachelor's","High"
-0.43895168849992,0.723396639413951,0.91095983896729,-1.65239932696493,-0.207774207006184,-1.69153576289633,-1.5871449908453,-0.0669778789772025,-0.500471292059267,0.243966745966181,-1.50255750651771,0.315368729517023,-1.49342812708031,-0.284913044748342,-0.501377582109235,"Data Scientist","Master's","Medium"
-0.480762723190243,-1.56498836426808,-0.673522261922798,-1.72192378270422,-0.288457997183979,-1.44838589143983,1.46750455047685,-1.48884172333273,1.55482844563192,-0.000944658273495871,0.0356347881600344,1.00970763202038,0.680244533683619,-0.914683999165471,-1.61844609033627,"Data Scientist","PhD","Medium"
-0.868388867192103,1.29549289033446,-1.30731510227883,0.3638098894744,0.720089380038456,0.184191816910952,-0.719346825696964,-1.10736605777393,-1.65004572161536,0.453890806743047,0.210429367100687,-0.135951557110156,-1.07939523931575,-0.914683999165471,1.62803426169855,"UX Researcher","Master's","Medium"
0.561536961225342,0.151300388493443,-0.497468695157232,-1.58287487122564,-1.61974053511759,1.50414826196052,-1.20531379818003,0.349177392541487,-0.535306880833694,0.488878150205858,1.22423792495647,-0.726139624238006,-1.45892538643326,-1.05463310014706,-0.187202064170381,"Doctor","High School","Low"
0.604590480014963,1.52433139070266,1.54475267932333,-1.65239932696493,0.397354219327277,-1.48312158736218,-1.44829728442157,0.522575422340941,1.41548609053421,-0.700691527529716,-0.803379190755098,0.419519564892526,0.956266458859991,1.28951434129448,-0.850461490930185,"Graphic Designer","Bachelor's","Medium"
1.49117512231158,0.837815889598052,-0.673522261922798,0.155236522256539,1.00248264566074,-1.20523601998333,1.53692840368872,0.175779362742033,-1.75455248793864,1.04867564561083,0.664895272346384,-0.587271843737336,-0.147821241845496,-0.179951219012154,-0.780644709165995,"Construction Worker","PhD","High"
1.66755007445376,-0.649634362795267,0.136324145198803,1.40667672556371,-1.21632158422862,0.67049155982395,-1.62185691745124,0.03706093890247,0.753609903820102,-1.2954763663975,0.629936356558253,-1.45519547186653,1.05977468080113,1.67437436899384,0.476057362589423,"Research Scientist","PhD","Low"
0.891806571806129,-0.87847286316347,1.36869911255776,-0.574770263005978,0.19564474388279,-0.579993493380902,1.01624950459972,-0.101657484937093,-0.570142469608121,-0.245856062513173,-1.43263967494145,1.28744319302172,1.57731579050683,-0.0749893932759655,-0.955186663576469,"Software Engineer","Master's","Medium"
0.00513524457235605,-0.87847286316347,-0.180572274979215,-0.852868085963126,-0.732218843161851,1.36520547827109,1.05096143120565,1.14680832961898,-0.221786581863852,0.90872627175959,0.280347198676948,-0.448404063236665,1.16328290274227,1.74434891948463,1.41858391640599,"Data Scientist","Bachelor's","Medium"
-0.736974502457071,1.40991214051856,0.875749125614177,0.537621028822618,1.6479529670831,-0.0242223586231903,-1.10117801836223,0.938730693859631,1.45032167930864,-0.525754810215661,0.979525514439559,-0.795573514488342,1.50831030921273,0.624756111631956,0.266607017296853,"Retail Worker","Bachelor's","High"
1.25836827607803,-1.33614986389988,1.08701340573286,1.37191449769406,-0.89358642351744,-1.5525929792069,-1.30944957799783,1.14680832961898,1.55482844563192,-0.630716840604094,-1.71231100124649,-0.621988788862503,-0.423843167021868,0.904654313595124,-1.54862930857208,"Doctor","Bachelor's","Low"
1.29650964842857,-1.67940761445218,1.36869911255776,-1.20049036465956,0.397354219327277,-0.475786405613831,0.564994458722579,-1.48884172333273,-0.744320413480256,-0.245856062513173,1.2591968407446,0.21121789414152,-1.5624336083744,1.04460341457671,-1.54862930857208,"Financial Analyst","High School","Medium"
-0.490182486361664,1.63875064088676,-1.02562939545393,-0.0185746170916797,-0.691876948072953,0.218927512833309,0.00960363302764153,-0.309735120696438,-1.61521013284093,1.36356173677613,1.04944334601582,0.454236510017693,0.231708905272015,0.659743386877352,-1.23445379063323,"UX Researcher","Bachelor's","Medium"
1.64200691297052,1.29549289033446,-0.779154401982137,0.572383256692262,-1.21632158422862,0.496813080212165,1.32865684405312,-0.691210786255237,0.858116670143383,0.383916119817425,-1.46759859072958,-0.309536282735995,1.16328290274227,-0.634785797202302,-0.0475685006420014,"Teacher","Master's","Low"
0.967742576758562,0.952235139782153,0.418009852023707,1.33715226982442,-0.530509367717364,0.0105133372991668,-0.268091779819827,-0.691210786255237,1.45032167930864,-1.68033714448842,-1.32776292757706,0.80140596126937,-0.837876054786425,0.76470521261354,1.17422518023132,"Chef","PhD","Medium"
-0.739170520865132,0.723396639413951,-1.09605082216015,-1.20049036465956,-1.61974053511759,-0.788407668915044,1.29394491744718,0.938730693859631,-1.75455248793864,1.32857439331332,-1.46759859072958,0.558387345393196,-1.21740620190394,-1.5444549535826,0.929866444056657,"Teacher","Bachelor's","Low"
-0.535489813517453,0.265719638677545,0.347588425317481,-0.227147984309541,0.881456960394045,0.844170039435735,1.12038528441752,-1.5928805412124,-0.430800114510413,0.243966745966181,0.38522394604134,0.280651784391855,0.645741793036573,1.63938709374844,-0.361744018580856,"Customer Support","Master's","High"
-0.0455465486873727,1.40991214051856,0.699695558848612,0.329047661604757,-1.41803105967311,0.427341688367451,0.530282532116645,0.279818180621705,-1.02300512367567,0.0690300286521262,1.32911467232086,1.28744319302172,0.852758236918852,0.694730662122748,-1.19954539975113,"Doctor","High School","Low"
1.07994178042306,-0.306376612242962,-1.37773652898506,1.12857890260656,-1.5390567449398,0.948377127202806,1.08567335781158,1.35488596537832,0.858116670143383,0.243966745966181,0.350265030253209,-0.621988788862503,-1.1138979799628,-1.29954402686483,-1.09482022710485,"AI Engineer","Bachelor's","Low"
1.070175277503,0.265719638677545,-1.20168296221949,0.780956623910123,1.00248264566074,1.6778267415723,-0.441651412849495,-0.309735120696438,-0.361128936961559,1.15363767599927,-0.978173769695751,1.14857541252105,0.542233571095433,-0.984658549656263,-1.47881252680789,"Truck Driver","Master's","High"
-0.827329101957169,0.151300388493443,0.10111343184569,1.51096340917264,-0.732218843161851,0.0452490332215238,-1.03175416515037,0.973410299819522,0.614267548722395,-1.36545105332312,0.42018286182947,1.66932958939856,0.0936979426838294,-0.739747622938491,-1.19954539975113,"HR Specialist","PhD","Medium"
0.546193727347967,0.837815889598052,0.206745571905029,-0.435721351527403,-1.61974053511759,1.57361965380523,0.460858678904778,-1.52352132929262,-1.54553895529208,1.573485797553,0.734813103922645,-1.38576158161619,0.404222608507248,-0.284913044748342,1.03459161670294,"Research Scientist","High School","Low"
-1.64130066189249,-0.87847286316347,-0.427047268451006,-1.13096590892028,1.04282454074964,-1.0662932362939,-1.65656884405717,-1.55820093525251,1.17163696911323,1.08366298907365,-1.25784509600079,0.593104290518364,0.852758236918852,-1.579442228828,-1.4089957450437,"Retail Worker","Bachelor's","High"
-0.263356900792182,-0.306376612242962,-1.06084010880704,-0.296672440048828,1.5269272818164,0.739962951668664,1.64106418350652,-1.07268645181404,-1.68488131038978,-0.595729497141283,-1.22288618021266,0.176500949016352,1.37029934662455,0.659743386877352,-1.23445379063323,"Retail Worker","Bachelor's","High"
-1.57195271216424,-0.992892113347571,1.43912053926399,-0.0185746170916797,0.679747484949559,0.844170039435735,1.71048803671839,1.28552675345854,-0.326293348187133,0.943713615222401,-0.104200874992488,-0.934441294989012,-0.906881536080518,-0.354887595239134,-1.33917896327951,"Data Scientist","Bachelor's","Medium"
-1.54297104817365,-1.33614986389988,-0.0045187082136494,1.58048786491193,1.36555970146081,-0.302107926002046,-0.892906458726631,-1.03800684585414,0.544596371173541,1.2585997063877,-0.348913285509401,0.176500949016352,0.714747274330666,-1.5444549535826,-0.501377582109235,"Security Guard","High School","High"
0.339623522094945,-1.10731136353167,0.629274132142386,-1.548112643356,-0.409483682450671,0.635755863901593,-0.788770678908831,1.07744911769919,-1.65004572161536,-1.05056496215783,-0.768420274966968,1.49574486377272,1.02527194015408,1.32450161653988,-0.187202064170381,"HR Specialist","High School","Medium"
0.991494249540487,-0.87847286316347,1.22785625914531,-0.331434667918472,0.80077317021625,1.22626269458166,1.64106418350652,1.28552675345854,0.962623436466664,1.573485797553,-0.27899545393314,0.974990686895208,-1.01038975802166,0.799692487858936,1.03459161670294,"Data Scientist","Bachelor's","Medium"
-1.4433411603974,-0.535215112611165,1.22785625914531,-0.296672440048828,0.0746190586160974,-1.69153576289633,-1.20531379818003,0.48789581638105,0.196240483429272,-1.01557761869501,-0.90825593811949,-0.552554898612168,0.749250014977712,0.379845184914183,-1.47881252680789,"Financial Analyst","Master's","Medium"
0.881924488969853,-0.191957362058861,-0.849575828688363,0.607145484561905,0.921798855482943,1.74729813341702,-1.44829728442157,0.834691875979958,0.126569305880418,-1.40043839678594,-1.64239316967023,-0.483121008361833,1.02527194015408,-1.61442950407339,0.720416098764087,"Truck Driver","Bachelor's","High"
-0.315656812878903,1.18107364015036,-0.81436511533525,-1.44382595974707,-0.89358642351744,-0.684200581147973,-1.34416150460377,0.626614240220614,-0.988169534901244,-0.0359320017363069,-1.57247533809397,1.70404653452373,-0.182323982492542,1.74434891948463,-0.361744018580856,"AI Engineer","High School","Low"
-0.077619975436688,0.380138888861646,1.43912053926399,-0.574770263005978,-0.12709041682839,-1.44838589143983,1.60635225690059,-1.41948251141294,0.927787847692237,0.173992059040559,-1.53751642230584,-1.73293103286787,1.50831030921273,0.834679763104332,0.685507707881992,"Mechanic","High School","Medium"
0.63415004358663,-0.992892113347571,-0.919997255394589,0.641907712431549,-1.21632158422862,0.809434343513378,-0.441651412849495,1.70168202497723,-1.51070336651765,-1.43542574024875,1.46895033547339,0.523670400268029,-0.5963568702571,0.904654313595124,-0.152293673288286,"Doctor","Bachelor's","Low"
-1.30054217391531,1.63875064088676,0.523641992083047,-0.88763031383277,-0.611193157895159,-0.927350452604472,-0.0598202201842257,-1.55820093525251,1.31097932421093,0.243966745966181,-0.733461359178837,0.662538180768699,1.02527194015408,0.379845184914183,-1.02500344534066,"UX Researcher","PhD","Medium"
-0.810425539210908,0.952235139782153,0.488431278729934,-0.192385756439898,-0.449825577539569,-0.753671972992687,0.426146752298844,0.800012270020067,-1.02300512367567,1.64346048447862,-1.71231100124649,0.697255125893867,-0.734367832845286,-0.0749893932759655,0.266607017296853,"Data Scientist","Master's","Medium"
0.604590480014963,-0.87847286316347,1.57996339267644,0.815718851779767,-0.167432311917287,-0.996821844449186,-1.10117801836223,-1.24608448161349,-0.988169534901244,0.20897940250337,0.629936356558253,-0.656705733987671,0.162703423977922,-0.56481124671151,0.720416098764087,"Graphic Designer","PhD","Medium"
0.997937829869403,1.18107364015036,0.664484845495499,-1.51335041548635,-0.0464066266505949,0.948377127202806,0.148451339451376,1.56296360113766,-1.5803745440665,-0.700691527529716,-0.978173769695751,0.94027374177004,0.0591952020367829,-1.26455675161943,-0.710827927401805,"Graphic Designer","PhD","Medium"
